zone,corridor,junction,event_cause,duration_mins
Unknown,Tumkur Road,,vehicle_breakdown,120.0
Unknown,ORR East 1,,vehicle_breakdown,120.0
Central Zone 2,Non-corridor,UrvashiJunction,others,1440.0
Unknown,Non-corridor,,tree_fall,1440.0
Unknown,Non-corridor,LalbaghMainGateJunc,vehicle_breakdown,38.74983805
North Zone 1,Non-corridor,,accident,120.0
Unknown,Non-corridor,,vehicle_breakdown,120.0
Unknown,Non-corridor,,others,1440.0
Unknown,CBD 2,QueensStatueCircle,public_event,120.0
Unknown,Non-corridor,,vehicle_breakdown,120.0
Unknown,ORR East 2,,water_logging,1440.0
Unknown,ORR West 1,MysoreRd-RingRdJunc(Nayandanahallii),vehicle_breakdown,120.0
Unknown,ORR East 2,,water_logging,120.0
North Zone 1,ORR North 1,HebbalFlyoverJunc,others,1440.0
Unknown,Old Madras Road,,pot_holes,120.0
Unknown,Bellary Road 2,,others,120.0
Unknown,Bellary Road 2,,others,120.0
Unknown,ORR North 1,,others,120.0
Unknown,Non-corridor,,tree_fall,293.3450075
Unknown,Bellary Road 1,,vehicle_breakdown,120.0
Unknown,Hosur Road,,vehicle_breakdown,27.2487523
Unknown,Non-corridor,,tree_fall,1440.0
South Zone 1,Non-corridor,28thMainJayanagarJunc,pot_holes,1440.0
Unknown,Non-corridor,,pot_holes,120.0
Unknown,Non-corridor,,water_logging,120.0
Unknown,Non-corridor,,tree_fall,843.3240253
Unknown,Non-corridor,,pot_holes,120.0
Unknown,Bannerghata Road,,vehicle_breakdown,120.0
Unknown,Non-corridor,,pot_holes,10.0
Unknown,Non-corridor,,pot_holes,120.0
Unknown,Non-corridor,,pot_holes,120.0
Unknown,Bannerghata Road,,vehicle_breakdown,120.0
Unknown,Bannerghata Road,,vehicle_breakdown,120.0
Unknown,Non-corridor,,tree_fall,1440.0
Unknown,ORR North 2,,congestion,120.0
Unknown,Non-corridor,,pot_holes,120.0
Unknown,Magadi Road,,vehicle_breakdown,120.0
Unknown,Non-corridor,,accident,120.0
Unknown,Bannerghata Road,,vehicle_breakdown,120.0
Unknown,Non-corridor,,pot_holes,120.0
Unknown,ORR East 1,,construction,120.0
Unknown,Bellary Road 1,,others,106.41915116666668
Unknown,ORR East 1,,vehicle_breakdown,120.0
Unknown,Non-corridor,,vehicle_breakdown,120.0
West Zone 1,Non-corridor,Peenya14thCrossJunc,vehicle_breakdown,120.0
Unknown,Non-corridor,,construction,120.0
Unknown,Tumkur Road,,vehicle_breakdown,120.0
Unknown,Tumkur Road,,others,133.52983253333335
Unknown,Bellary Road 1,,tree_fall,1440.0
Unknown,ORR East 1,,vehicle_breakdown,55.541728516666666
Unknown,IRR(Thanisandra road),,congestion,120.0
Unknown,Mysore Road,,vehicle_breakdown,120.0
Unknown,ORR East 2,,construction,120.0
Unknown,Bellary Road 1,,vehicle_breakdown,69.32987603333332
Unknown,West of Chord Road,,vehicle_breakdown,120.0
Unknown,Non-corridor,,road_conditions,61.27697078333333
Unknown,Non-corridor,,vehicle_breakdown,120.0
Unknown,Non-corridor,,vehicle_breakdown,36.41233746666667
Unknown,Bellary Road 1,,tree_fall,1440.0
Unknown,Bellary Road 1,,tree_fall,1440.0
Unknown,Bellary Road 1,,tree_fall,1440.0
Unknown,ORR East 1,,vehicle_breakdown,120.0
Unknown,Non-corridor,,tree_fall,1440.0
Unknown,Non-corridor,,vehicle_breakdown,83.22766023333334
Unknown,Non-corridor,,vehicle_breakdown,120.0
Unknown,CBD 1,,pot_holes,120.0
Unknown,Non-corridor,,tree_fall,321.23818236666665
Unknown,Non-corridor,,pot_holes,120.0
Unknown,ORR North 1,,pot_holes,120.0
Unknown,West of Chord Road,,vehicle_breakdown,44.18835605
Unknown,West of Chord Road,,vehicle_breakdown,41.797760616666665
Unknown,Non-corridor,,vehicle_breakdown,26.158530816666666
Unknown,Magadi Road,,pot_holes,1440.0
Unknown,Non-corridor,,others,1440.0
Unknown,Non-corridor,,vehicle_breakdown,120.0
Unknown,Non-corridor,,vehicle_breakdown,120.0
Unknown,Non-corridor,,pot_holes,1440.0
Unknown,ORR East 1,,vehicle_breakdown,120.0
Unknown,Non-corridor,,vehicle_breakdown,120.0
Unknown,Non-corridor,,vehicle_breakdown,120.0
Unknown,Non-corridor,,others,15.88912515
Unknown,Non-corridor,,tree_fall,116.8119772
Unknown,ORR East 2,,construction,120.0
Unknown,Mysore Road,,others,1440.0
Unknown,Non-corridor,,others,1440.0
Unknown,Non-corridor,,pot_holes,1440.0
Unknown,Non-corridor,,vehicle_breakdown,83.47854003333333
Unknown,Mysore Road,,vehicle_breakdown,52.75157615
Unknown,ORR North 1,,vehicle_breakdown,74.82553706666666
Unknown,Non-corridor,,vehicle_breakdown,120.0
Unknown,Mysore Road,,water_logging,1440.0
Unknown,Magadi Road,,vehicle_breakdown,120.0
Unknown,Mysore Road,,vehicle_breakdown,120.0
Unknown,Mysore Road,,vehicle_breakdown,47.68990556666667
Unknown,ORR East 1,,vehicle_breakdown,120.0
Unknown,Non-corridor,,tree_fall,10.0
Unknown,Non-corridor,,tree_fall,120.0
Unknown,CBD 2,,others,120.0
Unknown,Non-corridor,,tree_fall,120.0
Unknown,Non-corridor,,tree_fall,1440.0
Unknown,Mysore Road,,tree_fall,1440.0
Unknown,Bellary Road 1,,vehicle_breakdown,120.0
Unknown,Non-corridor,,vehicle_breakdown,120.0
Unknown,Bannerghata Road,,pot_holes,120.0
Unknown,Bannerghata Road,,pot_holes,120.0
Unknown,West of Chord Road,,water_logging,120.0
Unknown,Bannerghata Road,,pot_holes,120.0
Unknown,ORR West 1,,vehicle_breakdown,141.02791743333333
Unknown,Non-corridor,,others,120.0
Unknown,Mysore Road,,tree_fall,1440.0
Unknown,Non-corridor,,tree_fall,1440.0
Unknown,Non-corridor,,vehicle_breakdown,120.0
South Zone 2,ORR East 1,SilkBoardJunc,pot_holes,1440.0
Unknown,Bellary Road 1,,construction,545.3734030166667
Unknown,Non-corridor,,vehicle_breakdown,120.0
Unknown,Old Madras Road,,water_logging,120.0
Unknown,Non-corridor,,pot_holes,120.0
Unknown,ORR North 1,,vehicle_breakdown,120.0
Unknown,ORR North 2,,congestion,120.0
Unknown,Hosur Road,,vehicle_breakdown,120.0
Unknown,Magadi Road,,vehicle_breakdown,120.0
Unknown,Tumkur Road,,vehicle_breakdown,120.0
Unknown,Non-corridor,,tree_fall,61.79462865
Unknown,Mysore Road,,vehicle_breakdown,102.3569732
Unknown,Hosur Road,,vehicle_breakdown,120.0
Unknown,Non-corridor,,construction,120.0
Unknown,Non-corridor,,accident,120.0
Unknown,Tumkur Road,,accident,120.0
Unknown,Bannerghata Road,,vehicle_breakdown,120.0
West Zone 1,Non-corridor,RingRoad-UllalJunction,others,1440.0
Unknown,Non-corridor,,pot_holes,120.0
Unknown,Bellary Road 2,,vehicle_breakdown,102.53794968333334
Unknown,Magadi Road,,vehicle_breakdown,106.48373361666667
Unknown,Tumkur Road,,accident,120.0
Unknown,Hosur Road,,vehicle_breakdown,75.3592525
North Zone 2,ORR North 2,BhadrappaLayout,others,1440.0
Unknown,Bellary Road 1,,vehicle_breakdown,120.0
Unknown,Tumkur Road,,vehicle_breakdown,120.0
Unknown,Non-corridor,,pot_holes,365.2268505833334
Unknown,ORR East 2,,construction,120.0
Unknown,Non-corridor,,vehicle_breakdown,120.0
Unknown,Non-corridor,,others,120.0
Unknown,ORR East 1,,water_logging,49.972616783333336
Unknown,Mysore Road,,vehicle_breakdown,111.6212591
Unknown,Mysore Road,,tree_fall,1440.0
Unknown,ORR West 1,,road_conditions,1440.0
Unknown,Non-corridor,,vehicle_breakdown,120.0
Unknown,ORR West 1,,road_conditions,120.0
Unknown,ORR West 1,,road_conditions,120.0
Unknown,Bannerghata Road,,vehicle_breakdown,120.0
Unknown,Mysore Road,,vehicle_breakdown,120.0
Unknown,Non-corridor,,tree_fall,120.0
Unknown,ORR East 1,,vehicle_breakdown,120.0
Unknown,ORR West 1,,road_conditions,120.0
Unknown,ORR West 1,,road_conditions,120.0
Unknown,Non-corridor,,vehicle_breakdown,120.0
Unknown,Tumkur Road,,vehicle_breakdown,120.0
Unknown,Hosur Road,,vehicle_breakdown,52.83199456666667
Unknown,Old Madras Road,,construction,120.0
Unknown,ORR East 1,IbblurJunction',water_logging,1440.0
Unknown,Non-corridor,,vehicle_breakdown,120.0
Unknown,Non-corridor,,others,81.46960444999999
Unknown,Mysore Road,,others,15.3042995
Unknown,Non-corridor,,tree_fall,178.15932105
Unknown,Non-corridor,,pot_holes,1440.0
Unknown,Non-corridor,,vehicle_breakdown,120.0
Unknown,Bellary Road 2,,construction,31.910260883333333
Unknown,Tumkur Road,,vehicle_breakdown,120.0
North Zone 2,Non-corridor,,pot_holes,1440.0
Unknown,Magadi Road,,pot_holes,120.0
Unknown,ORR East 1,,vehicle_breakdown,120.0
Unknown,Non-corridor,,vehicle_breakdown,11.80107465
Unknown,Magadi Road,,vehicle_breakdown,24.504338233333332
Unknown,Mysore Road,,vehicle_breakdown,120.0
Unknown,Non-corridor,,tree_fall,1228.0686473666667
Unknown,ORR East 1,,vehicle_breakdown,120.0
Unknown,Tumkur Road,,vehicle_breakdown,86.29591815
Unknown,Mysore Road,,vehicle_breakdown,120.0
Unknown,Hosur Road,,vehicle_breakdown,120.0
Unknown,Hosur Road,,vehicle_breakdown,120.0
Unknown,Non-corridor,,vehicle_breakdown,120.0
Unknown,Non-corridor,,vehicle_breakdown,120.0
Unknown,Hosur Road,,vehicle_breakdown,120.0
Unknown,ORR North 1,,vehicle_breakdown,18.84050655
Unknown,Bellary Road 1,,vehicle_breakdown,23.641425966666667
Unknown,Tumkur Road,,vehicle_breakdown,36.504006333333336
Unknown,Mysore Road,,vehicle_breakdown,23.382822833333332
Unknown,Non-corridor,,vehicle_breakdown,104.21347743333334
Unknown,Bellary Road 1,,vehicle_breakdown,86.29412574999999
Unknown,Old Airport Road,,vehicle_breakdown,70.8526748
Unknown,Bellary Road 2,,vehicle_breakdown,120.0
Unknown,Bellary Road 2,,vehicle_breakdown,120.0
Unknown,Non-corridor,,construction,120.0
Unknown,CBD 2,,road_conditions,120.0
Unknown,West of Chord Road,,vehicle_breakdown,120.0
Unknown,CBD 2,,road_conditions,120.0
Unknown,Non-corridor,,vehicle_breakdown,120.0
Unknown,Magadi Road,,vehicle_breakdown,72.9697583
Unknown,Non-corridor,,vehicle_breakdown,120.0
Unknown,Bellary Road 2,,construction,60.798384383333335
Unknown,West of Chord Road,,vehicle_breakdown,120.0
Unknown,CBD 2,,road_conditions,1440.0
Unknown,Bannerghata Road,,others,119.59072880000001
Unknown,Non-corridor,,vehicle_breakdown,78.98550595
Unknown,Tumkur Road,,vehicle_breakdown,120.0
Unknown,ORR North 2,,vehicle_breakdown,138.03128305
Unknown,Old Airport Road,,vehicle_breakdown,28.376774483333335
Unknown,ORR North 2,,congestion,120.0
Unknown,Non-corridor,,vehicle_breakdown,93.05635131666666
Unknown,Magadi Road,Sumanhalli,others,1440.0
Unknown,Magadi Road,,vehicle_breakdown,120.0
Unknown,Mysore Road,,vehicle_breakdown,120.0
Unknown,Non-corridor,,vehicle_breakdown,120.0
Unknown,Bellary Road 1,,vehicle_breakdown,120.0
Unknown,Hosur Road,,vehicle_breakdown,11.49699995
Central Zone 2,Non-corridor,,pot_holes,1440.0
Unknown,Non-corridor,,construction,1440.0
Unknown,Mysore Road,,vehicle_breakdown,120.0
Unknown,Non-corridor,,others,199.88949181666666
Unknown,Non-corridor,,vehicle_breakdown,120.0
Unknown,Non-corridor,,construction,120.0
Unknown,ORR North 2,,congestion,120.0
South Zone 1,Non-corridor,,pot_holes,120.0
South Zone 1,Non-corridor,,pot_holes,120.0
Unknown,Hosur Road,,vehicle_breakdown,75.03727443333334
Unknown,Old Madras Road,,vehicle_breakdown,120.0
Unknown,Hennur Main Road,,others,43.87439846666667
South Zone 1,Non-corridor,,pot_holes,1440.0
Unknown,Non-corridor,,vehicle_breakdown,120.0
Unknown,Mysore Road,,construction,120.0
Unknown,Non-corridor,,vehicle_breakdown,120.0
Unknown,Non-corridor,,vehicle_breakdown,120.0
Unknown,ORR West 1,,vehicle_breakdown,120.0
Unknown,Bellary Road 2,,vehicle_breakdown,120.0
Unknown,Tumkur Road,,vehicle_breakdown,22.174727083333334
Unknown,ORR East 2,,construction,120.0
South Zone 1,Non-corridor,,pot_holes,1440.0
South Zone 1,Non-corridor,,pot_holes,120.0
South Zone 2,Non-corridor,BucheryJunction,pot_holes,120.0
South Zone 2,Non-corridor,BucheryJunction,pot_holes,120.0
South Zone 2,Non-corridor,BucheryJunction,pot_holes,120.0
Unknown,Mysore Road,,vip_movement,120.0
Central Zone 1,Non-corridor,,pot_holes,120.0
Unknown,Non-corridor,,tree_fall,105.48940756666666
Unknown,Non-corridor,,tree_fall,1440.0
Unknown,Mysore Road,,vehicle_breakdown,57.51257438333334
Unknown,Non-corridor,,tree_fall,1440.0
Unknown,ORR North 2,,congestion,120.0
Unknown,Tumkur Road,,vehicle_breakdown,120.0
Unknown,Tumkur Road,,vehicle_breakdown,33.33879541666667
Unknown,Mysore Road,,vehicle_breakdown,39.6093981
Unknown,Non-corridor,,vehicle_breakdown,120.0
Unknown,Non-corridor,,vehicle_breakdown,120.0
Unknown,Non-corridor,,construction,120.0
Unknown,Tumkur Road,,vehicle_breakdown,10.150965166666667
Unknown,Non-corridor,,tree_fall,66.3340463
Unknown,ORR East 1,,vehicle_breakdown,19.115834
Unknown,Non-corridor,,tree_fall,120.0
Unknown,Non-corridor,,pot_holes,120.0
Unknown,Magadi Road,,congestion,120.0
Unknown,Non-corridor,,others,42.96236663333333
Unknown,Non-corridor,,tree_fall,120.0
Unknown,ORR North 1,,vehicle_breakdown,120.0
Unknown,Non-corridor,,vehicle_breakdown,120.0
Unknown,Non-corridor,,road_conditions,1107.1190462833333
Unknown,Non-corridor,,others,87.31756581666667
Unknown,Mysore Road,,vehicle_breakdown,120.0
Unknown,Mysore Road,,vehicle_breakdown,66.13607151666666
Unknown,ORR East 1,,vehicle_breakdown,13.551236183333334
Unknown,Bellary Road 1,,vehicle_breakdown,120.0
Unknown,West of Chord Road,,vehicle_breakdown,120.0
Unknown,Tumkur Road,,vehicle_breakdown,30.63011775
Unknown,ORR East 1,,vehicle_breakdown,120.0
Unknown,Non-corridor,,vehicle_breakdown,18.7735204
Unknown,Non-corridor,,vehicle_breakdown,77.0688961
Unknown,Non-corridor,,vehicle_breakdown,120.0
Unknown,Old Airport Road,,water_logging,120.0
Unknown,Bellary Road 2,,accident,120.0
Unknown,ORR North 2,,congestion,120.0
Unknown,West of Chord Road,,vehicle_breakdown,120.0
Unknown,Mysore Road,,vehicle_breakdown,120.0
Unknown,Bellary Road 1,,vehicle_breakdown,120.0
Unknown,Bellary Road 1,,vehicle_breakdown,120.0
Unknown,Non-corridor,,water_logging,820.8788695333334
Unknown,Non-corridor,,vehicle_breakdown,120.0
Unknown,Non-corridor,,pot_holes,1440.0
Unknown,ORR East 1,IbblurJunction',construction,1440.0
Unknown,Non-corridor,,others,1440.0
Unknown,Non-corridor,,construction,120.0
Unknown,Non-corridor,,others,120.0
Unknown,Bellary Road 1,,vehicle_breakdown,120.0
Unknown,Bellary Road 1,,accident,120.0
Unknown,Non-corridor,,vehicle_breakdown,120.0
Unknown,Non-corridor,,others,120.0
Unknown,Non-corridor,,others,25.367629383333334
Unknown,Non-corridor,,others,120.0
Unknown,Non-corridor,,vehicle_breakdown,120.0
Unknown,Non-corridor,,vehicle_breakdown,120.0
Unknown,Non-corridor,,others,120.0
Unknown,Mysore Road,,vehicle_breakdown,15.771932999999999
Unknown,Tumkur Road,,vehicle_breakdown,120.0
Unknown,Old Airport Road,,accident,35.956496816666665
Unknown,Tumkur Road,,others,120.0
Unknown,Old Airport Road,,vehicle_breakdown,120.0
Unknown,Mysore Road,,others,1440.0
Unknown,Bellary Road 1,,vehicle_breakdown,120.0
Unknown,Non-corridor,,vehicle_breakdown,120.0
Unknown,Bellary Road 2,,vehicle_breakdown,120.0
Unknown,Non-corridor,,pot_holes,120.0
Unknown,Mysore Road,,others,17.062712316666666
Unknown,ORR East 1,,vehicle_breakdown,120.0
Unknown,Non-corridor,,vehicle_breakdown,120.0
Unknown,ORR East 2,,construction,120.0
Unknown,Non-corridor,,vehicle_breakdown,35.281999049999996
Unknown,Mysore Road,,vehicle_breakdown,120.0
Unknown,Non-corridor,,others,10.0
North Zone 1,Non-corridor,PotteryCircle,pot_holes,1440.0
Unknown,Non-corridor,,others,1440.0
Unknown,Bellary Road 1,,vehicle_breakdown,120.0
Unknown,Tumkur Road,,vehicle_breakdown,120.0
Unknown,Non-corridor,,water_logging,120.0
Unknown,ORR West 1,,vehicle_breakdown,20.211203416666667
Unknown,Bellary Road 1,,vehicle_breakdown,141.64393971666667
Unknown,ORR North 2,,vehicle_breakdown,120.0
Unknown,Bellary Road 1,,vehicle_breakdown,120.0
Unknown,Non-corridor,,others,120.0
Unknown,Non-corridor,,vehicle_breakdown,120.0
Unknown,Non-corridor,,vehicle_breakdown,120.0
Unknown,Non-corridor,,accident,78.2774947
Unknown,ORR North 1,,vehicle_breakdown,120.0
Unknown,ORR West 1,,vehicle_breakdown,36.08605643333333
Unknown,Non-corridor,,pot_holes,120.0
North Zone 1,ORR North 1,"VeerannapalyaJunction(BEL,HO)",others,1440.0
Unknown,Bellary Road 2,,vehicle_breakdown,120.0
Unknown,Non-corridor,,congestion,120.0
Unknown,Bellary Road 1,,vehicle_breakdown,120.0
Unknown,Hosur Road,,vehicle_breakdown,31.520573033333335
Unknown,ORR East 2,,construction,1440.0
Unknown,Tumkur Road,,vehicle_breakdown,132.2670364
Unknown,Non-corridor,,vehicle_breakdown,120.0
Unknown,Tumkur Road,,vehicle_breakdown,120.0
Unknown,ORR East 2,,vehicle_breakdown,120.0
Unknown,Magadi Road,,vehicle_breakdown,120.0
Unknown,Non-corridor,,vehicle_breakdown,72.34147603333332
Unknown,Hosur Road,,vehicle_breakdown,96.5241556
Unknown,Non-corridor,,others,1440.0
Unknown,Non-corridor,,water_logging,1440.0
Unknown,Bellary Road 2,,vehicle_breakdown,120.0
Unknown,Non-corridor,,tree_fall,508.2992390666667
Unknown,ORR West 1,,vehicle_breakdown,75.99775528333333
Unknown,Magadi Road,,vehicle_breakdown,120.0
Unknown,ORR North 2,,congestion,120.0
Unknown,ORR North 1,,vehicle_breakdown,120.0
Unknown,Tumkur Road,,vehicle_breakdown,120.0
Unknown,Old Airport Road,,vehicle_breakdown,10.359373833333333
Unknown,Non-corridor,,construction,120.0
Unknown,ORR North 1,,vehicle_breakdown,120.0
Unknown,Bellary Road 2,,accident,120.0
Unknown,Bellary Road 1,,vehicle_breakdown,10.859754400000002
Unknown,Mysore Road,,vehicle_breakdown,120.0
Unknown,Old Madras Road,,tree_fall,120.0
Unknown,Non-corridor,,procession,120.0
Unknown,ORR North 2,,vehicle_breakdown,120.0
Unknown,Bellary Road 2,,vehicle_breakdown,120.0
Unknown,Non-corridor,,vehicle_breakdown,120.0
Unknown,Bellary Road 1,,vehicle_breakdown,120.0
Unknown,ORR North 1,,vehicle_breakdown,80.29286535
Unknown,ORR North 1,,others,120.0
Unknown,Non-corridor,,others,120.0
Unknown,ORR East 1,,vehicle_breakdown,16.53580991666667
Unknown,Mysore Road,,vehicle_breakdown,120.0
Unknown,Bellary Road 2,,vehicle_breakdown,120.0
Unknown,Mysore Road,,others,36.87994801666667
Unknown,West of Chord Road,,vehicle_breakdown,120.0
Unknown,West of Chord Road,,vehicle_breakdown,120.0
Unknown,Bellary Road 1,,construction,120.0
Unknown,ORR West 1,JP Nagar 15th cross junction,water_logging,1440.0
Unknown,Non-corridor,,vehicle_breakdown,83.28090113333333
Unknown,Non-corridor,,protest,120.0
Unknown,Mysore Road,,vehicle_breakdown,120.0
Unknown,Non-corridor,,vehicle_breakdown,23.753298683333334
Unknown,Non-corridor,,vehicle_breakdown,120.0
Unknown,Non-corridor,,vehicle_breakdown,73.46585520000001
Unknown,Magadi Road,,vehicle_breakdown,72.26638113333334
Unknown,Bellary Road 1,,vehicle_breakdown,92.67076003333334
Unknown,Mysore Road,,vehicle_breakdown,14.5656122
Unknown,Magadi Road,,vehicle_breakdown,120.0
Unknown,Non-corridor,,vehicle_breakdown,12.90432295
Unknown,Non-corridor,,tree_fall,120.0
Unknown,ORR East 2,,accident,120.0
Unknown,Non-corridor,,vehicle_breakdown,120.0
Unknown,Bannerghata Road,,others,120.0
Unknown,Non-corridor,,vehicle_breakdown,120.0
Unknown,Bannerghata Road,,others,1440.0
Unknown,Non-corridor,,road_conditions,1440.0
Unknown,Tumkur Road,,vehicle_breakdown,102.77983354999999
Unknown,Tumkur Road,,vehicle_breakdown,120.0
Unknown,Bellary Road 2,,others,1440.0
Unknown,Tumkur Road,,vehicle_breakdown,104.3606748
Unknown,Non-corridor,,vehicle_breakdown,11.195320116666666
Unknown,ORR North 2,,vehicle_breakdown,120.0
Unknown,Bellary Road 1,,vehicle_breakdown,120.0
Unknown,Non-corridor,,vehicle_breakdown,79.53191238333334
Unknown,Non-corridor,,vehicle_breakdown,120.0
Unknown,Non-corridor,,accident,10.0
Unknown,Non-corridor,,vehicle_breakdown,120.0
Unknown,ORR North 1,,vehicle_breakdown,120.0
Unknown,Non-corridor,,vehicle_breakdown,120.0
Unknown,ORR West 1,,vehicle_breakdown,120.0
Unknown,Old Madras Road,,vehicle_breakdown,120.0
Unknown,Non-corridor,,vehicle_breakdown,69.83975466666668
Unknown,Mysore Road,,vehicle_breakdown,120.0
Unknown,ORR North 1,,construction,120.0
Unknown,Tumkur Road,,vehicle_breakdown,10.261219083333334
Unknown,ORR West 1,,vehicle_breakdown,120.0
Unknown,Non-corridor,,pot_holes,1440.0
Unknown,Non-corridor,,vehicle_breakdown,15.854282233333333
Unknown,Old Airport Road,,vehicle_breakdown,40.82496125
Unknown,Airport New South Road,,vehicle_breakdown,120.0
Unknown,Hosur Road,,vehicle_breakdown,120.0
Unknown,Mysore Road,,vehicle_breakdown,39.93153236666667
Unknown,Non-corridor,,tree_fall,52.854736083333336
Unknown,Non-corridor,,water_logging,120.0
Unknown,Non-corridor,,tree_fall,120.0
Unknown,West of Chord Road,,pot_holes,120.0
Unknown,Non-corridor,,water_logging,45.86103
Unknown,Non-corridor,,construction,120.0
Unknown,Mysore Road,,water_logging,1440.0
Unknown,Non-corridor,,water_logging,120.0
Unknown,Non-corridor,,pot_holes,120.0
Unknown,Magadi Road,,others,24.955134649999998
Unknown,Non-corridor,,vehicle_breakdown,22.23222121666667
Unknown,Non-corridor,,tree_fall,120.0
Unknown,Non-corridor,,public_event,120.0
Unknown,Non-corridor,,vehicle_breakdown,32.981926566666665
Unknown,Non-corridor,,vehicle_breakdown,120.0
Unknown,Non-corridor,,vehicle_breakdown,120.0
Unknown,Non-corridor,,public_event,120.0
Unknown,Non-corridor,,vehicle_breakdown,120.0
Unknown,CBD 2,QueensStatueCircle,public_event,120.0
Unknown,ORR West 1,,water_logging,120.0
Unknown,ORR West 1,,water_logging,1440.0
Unknown,Non-corridor,,vehicle_breakdown,24.749764333333335
Unknown,Bannerghata Road,,water_logging,1440.0
Unknown,Non-corridor,,others,1440.0
Unknown,Non-corridor,,vehicle_breakdown,120.0
Unknown,Non-corridor,,vehicle_breakdown,120.0
Unknown,ORR North 2,,vehicle_breakdown,120.0
Unknown,ORR North 1,,vehicle_breakdown,120.0
Unknown,Bannerghata Road,,water_logging,120.0
Unknown,Magadi Road,,vehicle_breakdown,107.40422818333333
Unknown,Non-corridor,,water_logging,120.0
Unknown,ORR North 2,,vehicle_breakdown,120.0
Unknown,Non-corridor,,water_logging,1440.0
Unknown,Non-corridor,,tree_fall,120.0
Unknown,Non-corridor,,water_logging,120.0
Unknown,Non-corridor,,water_logging,634.7593560833334
Unknown,ORR West 1,,tree_fall,628.0100223833334
Unknown,ORR West 1,,vehicle_breakdown,39.407815049999996
Unknown,Non-corridor,,vehicle_breakdown,120.0
Unknown,Non-corridor,,vehicle_breakdown,120.0
Unknown,Tumkur Road,,accident,34.37267258333333
Unknown,Mysore Road,,vehicle_breakdown,120.0
Unknown,Bannerghata Road,,water_logging,120.0
Unknown,Tumkur Road,,vehicle_breakdown,45.264776866666665
Unknown,Bannerghata Road,,water_logging,120.0
Unknown,Magadi Road,,vehicle_breakdown,120.0
Unknown,Non-corridor,,vehicle_breakdown,45.61544075
Unknown,Non-corridor,,procession,120.0
Unknown,Magadi Road,,vehicle_breakdown,120.0
Unknown,Old Madras Road,,vehicle_breakdown,120.0
Unknown,Magadi Road,,vehicle_breakdown,77.75613968333333
Unknown,ORR East 2,,others,170.56828548333334
Unknown,ORR East 2,,others,18.06991683333333
Unknown,ORR North 2,,vehicle_breakdown,90.19006885
Unknown,Non-corridor,,congestion,120.0
Unknown,Bellary Road 2,,vehicle_breakdown,120.0
Unknown,Non-corridor,,water_logging,1043.3983678333332
Unknown,Non-corridor,,procession,120.0
Unknown,Bellary Road 2,,vehicle_breakdown,12.225998116666666
Unknown,Non-corridor,,water_logging,1039.9556850166666
Unknown,Bellary Road 2,,vehicle_breakdown,120.0
Unknown,Non-corridor,,water_logging,1440.0
Unknown,Bellary Road 1,,vehicle_breakdown,120.0
Unknown,Mysore Road,,vehicle_breakdown,120.0
Unknown,Mysore Road,,water_logging,1440.0
Unknown,Magadi Road,,vehicle_breakdown,120.0
Unknown,Non-corridor,,accident,120.0
Unknown,Old Madras Road,,vehicle_breakdown,120.0
Unknown,Old Madras Road,,vehicle_breakdown,120.0
Unknown,Varthur Road,,construction,120.0
Central Zone 1,Old Madras Road,TrinityCircle,pot_holes,1440.0
Unknown,Hosur Road,,tree_fall,62.19627536666667
Unknown,Old Madras Road,,water_logging,1440.0
Unknown,Old Madras Road,,water_logging,1440.0
Unknown,Bellary Road 2,,vehicle_breakdown,76.96167763333332
Unknown,Non-corridor,,water_logging,120.0
Unknown,Old Madras Road,,accident,120.0
Unknown,Non-corridor,,tree_fall,120.0
Unknown,Non-corridor,,water_logging,1440.0
Unknown,Mysore Road,,vehicle_breakdown,61.782266433333334
Unknown,Varthur Road,,vehicle_breakdown,37.483846299999996
Unknown,ORR East 1,,public_event,120.0
Unknown,ORR West 1,,vehicle_breakdown,39.58132188333333
Unknown,Hennur Main Road,,congestion,41.08258143333333
Unknown,Mysore Road,,others,1440.0
Unknown,ORR West 1,,water_logging,1440.0
Unknown,ORR North 1,,construction,120.0
Unknown,Non-corridor,,vehicle_breakdown,120.0
Unknown,Hennur Main Road,,construction,120.0
Unknown,ORR East 1,,vehicle_breakdown,120.0
Unknown,ORR East 2,,vehicle_breakdown,120.0
Unknown,Mysore Road,,vehicle_breakdown,120.0
Unknown,Non-corridor,,others,567.0433455166666
Unknown,Old Madras Road,,vehicle_breakdown,120.0
Unknown,Mysore Road,,tree_fall,1440.0
Unknown,Bellary Road 1,,accident,120.0
Unknown,Varthur Road,,vehicle_breakdown,120.0
Unknown,Hennur Main Road,,construction,120.0
Unknown,Non-corridor,,tree_fall,120.0
Unknown,Bellary Road 1,,vehicle_breakdown,110.65663531666668
Unknown,Non-corridor,,pot_holes,1440.0
North Zone 2,Bellary Road 1,HebbalFlyoverJunc,road_conditions,1440.0
Unknown,Non-corridor,,vehicle_breakdown,120.0
Unknown,Tumkur Road,,others,120.0
Unknown,Non-corridor,,tree_fall,1440.0
Unknown,Bellary Road 2,,vehicle_breakdown,120.0
Unknown,Non-corridor,,tree_fall,1440.0
Unknown,Non-corridor,,tree_fall,1440.0
Unknown,Non-corridor,,tree_fall,1440.0
Unknown,Non-corridor,,water_logging,1440.0
Unknown,Non-corridor,,vehicle_breakdown,75.83953751666667
Unknown,Non-corridor,,pot_holes,1440.0
Unknown,Non-corridor,,others,19.413640933333333
Unknown,IRR(Thanisandra road),,water_logging,120.0
Unknown,Bellary Road 1,,vehicle_breakdown,21.48659638333333
Unknown,Magadi Road,,vehicle_breakdown,120.0
Unknown,Old Airport Road,,vehicle_breakdown,10.285472433333332
Unknown,Mysore Road,,vehicle_breakdown,78.04236811666667
Unknown,Tumkur Road,,vehicle_breakdown,10.0
Unknown,ORR East 2,,vehicle_breakdown,120.0
Unknown,Old Airport Road,,vehicle_breakdown,85.34070533333333
Unknown,Non-corridor,,tree_fall,1440.0
Unknown,Old Madras Road,,water_logging,1440.0
Unknown,Bellary Road 1,,vehicle_breakdown,74.08036368333335
Unknown,Mysore Road,,vehicle_breakdown,120.0
Unknown,ORR East 2,,vehicle_breakdown,120.0
Central Zone 2,Non-corridor,CID-CarltonHouseJunc,others,1440.0
Central Zone 2,CBD 2,CoffeeBoardJunc,others,1440.0
Unknown,Bellary Road 1,,vehicle_breakdown,120.0
Unknown,Mysore Road,,vehicle_breakdown,120.0
Unknown,Non-corridor,,others,120.0
Unknown,Non-corridor,,water_logging,120.0
Unknown,ORR East 2,,construction,120.0
Unknown,Non-corridor,,vehicle_breakdown,120.0
Unknown,Non-corridor,,vehicle_breakdown,120.0
Unknown,Hosur Road,,vehicle_breakdown,57.48541201666667
Unknown,ORR West 1,,construction,120.0
Unknown,ORR East 1,,vehicle_breakdown,120.0
Unknown,Non-corridor,,pot_holes,1440.0
Unknown,Non-corridor,,tree_fall,120.0
Unknown,ORR North 1,,construction,1440.0
Unknown,ORR North 2,,vehicle_breakdown,120.0
Unknown,Bellary Road 1,,accident,16.25948615
Unknown,IRR(Thanisandra road),,water_logging,1440.0
Central Zone 2,CBD 2,CoffeeBoardJunc,water_logging,1440.0
Unknown,Non-corridor,,vehicle_breakdown,120.0
Unknown,Bellary Road 1,,vehicle_breakdown,88.67010386666668
Unknown,ORR North 2,,vehicle_breakdown,49.33388356666667
Unknown,Bannerghata Road,,road_conditions,41.26528335
Unknown,CBD 2,,vehicle_breakdown,120.0
Unknown,Old Madras Road,,vehicle_breakdown,120.0
Unknown,Non-corridor,,vehicle_breakdown,120.0
Unknown,ORR North 2,,congestion,120.0
Unknown,Old Madras Road,,vehicle_breakdown,120.0
Unknown,ORR East 2,,construction,120.0
Unknown,Non-corridor,,vehicle_breakdown,120.0
Unknown,Bellary Road 1,,others,120.0
Unknown,Bellary Road 2,,vehicle_breakdown,35.9550146
Unknown,ORR East 2,,vehicle_breakdown,120.0
Unknown,Hosur Road,,vehicle_breakdown,120.0
Unknown,Non-corridor,,accident,120.0
Unknown,Tumkur Road,,vehicle_breakdown,11.41129385
Unknown,Mysore Road,,road_conditions,120.0
Unknown,Non-corridor,,tree_fall,120.0
Unknown,Non-corridor,,vehicle_breakdown,120.0
Unknown,Bellary Road 2,,accident,65.95049823333333
Unknown,Non-corridor,,vehicle_breakdown,110.95514761666666
Unknown,Non-corridor,,vehicle_breakdown,28.716758966666664
Unknown,Mysore Road,,vehicle_breakdown,131.20510380000002
Unknown,Mysore Road,,vehicle_breakdown,120.0
Unknown,Bellary Road 2,,vehicle_breakdown,120.0
Unknown,Tumkur Road,,vehicle_breakdown,120.0
Unknown,IRR(Thanisandra road),,construction,120.0
Unknown,Non-corridor,,vehicle_breakdown,120.0
Unknown,West of Chord Road,,vehicle_breakdown,120.0
Unknown,Magadi Road,,pot_holes,120.0
Unknown,Tumkur Road,,vehicle_breakdown,125.82290351666667
Unknown,Non-corridor,,vehicle_breakdown,51.529733783333334
Unknown,Mysore Road,,vehicle_breakdown,10.0
Unknown,Magadi Road,,pot_holes,120.0
Unknown,Non-corridor,,vehicle_breakdown,120.0
Unknown,Non-corridor,,vehicle_breakdown,120.0
Unknown,Non-corridor,,vehicle_breakdown,120.0
Unknown,Non-corridor,,vehicle_breakdown,18.3825912
Unknown,Tumkur Road,,vehicle_breakdown,10.0
Unknown,Old Madras Road,,pot_holes,120.0
Unknown,Mysore Road,,vehicle_breakdown,120.0
Unknown,ORR East 2,,others,1440.0
Unknown,Non-corridor,,vehicle_breakdown,14.79356025
Unknown,Hennur Main Road,,vehicle_breakdown,100.59974936666667
Unknown,Old Madras Road,,others,120.0
Unknown,Magadi Road,,vehicle_breakdown,102.56760073333334
Unknown,Old Madras Road,,pot_holes,120.0
Unknown,Bellary Road 1,,others,120.0
Unknown,Magadi Road,,others,156.8681104
Central Zone 2,CBD 2,PoliceTimmaiahCircle(GPO),others,1440.0
Unknown,CBD 2,,pot_holes,1440.0
South Zone 1,ORR West 1,Delmia-Jayanagar,pot_holes,1440.0
Unknown,ORR West 1,,others,120.0
Unknown,ORR North 2,,congestion,120.0
Unknown,Mysore Road,,vehicle_breakdown,120.0
Unknown,Hennur Main Road,,vehicle_breakdown,120.0
Unknown,ORR North 1,,others,65.11967595
Unknown,Old Airport Road,,others,1440.0
Unknown,CBD 2,,vehicle_breakdown,120.0
Unknown,ORR West 1,,water_logging,120.0
Unknown,Non-corridor,,vehicle_breakdown,120.0
Unknown,Non-corridor,,vehicle_breakdown,120.0
Unknown,ORR East 2,,construction,120.0
Unknown,Non-corridor,,vehicle_breakdown,120.0
Unknown,Mysore Road,,vehicle_breakdown,46.61182065
Unknown,Non-corridor,,vehicle_breakdown,41.68652611666666
Unknown,Varthur Road,,vehicle_breakdown,37.8018373
Unknown,Non-corridor,,vehicle_breakdown,118.13179021666666
Unknown,Non-corridor,,vehicle_breakdown,58.84397311666667
Unknown,Bellary Road 1,,vehicle_breakdown,40.3799524
North Zone 1,Non-corridor,,construction,120.0
Unknown,CBD 2,,others,1440.0
Unknown,Non-corridor,,vehicle_breakdown,120.0
Central Zone 2,CBD 2,CoffeeBoardJunc,water_logging,1440.0
Central Zone 2,Mysore Road,SirsiCircle,others,1440.0
Unknown,Non-corridor,,water_logging,120.0
Unknown,Bannerghata Road,,road_conditions,120.0
Unknown,Non-corridor,,vehicle_breakdown,120.0
Unknown,Bellary Road 2,,vehicle_breakdown,120.0
Unknown,Non-corridor,,others,187.72091528333334
Unknown,Bellary Road 2,,pot_holes,1440.0
Unknown,Non-corridor,,vehicle_breakdown,120.0
Unknown,Non-corridor,,vehicle_breakdown,120.0
Unknown,Hennur Main Road,,vehicle_breakdown,92.29220731666666
Unknown,Non-corridor,,road_conditions,1440.0
Unknown,Bannerghata Road,,vehicle_breakdown,120.0
Unknown,Non-corridor,,pot_holes,1440.0
Unknown,ORR North 2,,vehicle_breakdown,120.0
Unknown,Non-corridor,,others,48.6091393
Unknown,Mysore Road,,vehicle_breakdown,120.0
Unknown,Non-corridor,,accident,10.0
Unknown,Mysore Road,,vehicle_breakdown,10.0
Central Zone 2,Non-corridor,K R Circle,pot_holes,1440.0
Unknown,Non-corridor,,vehicle_breakdown,120.0
Unknown,Non-corridor,,vehicle_breakdown,120.0
Unknown,Non-corridor,,vehicle_breakdown,120.0
Unknown,Hennur Main Road,,vehicle_breakdown,120.0
Unknown,Tumkur Road,,others,1303.7770233833332
Unknown,ORR North 2,,vehicle_breakdown,120.0
Unknown,Non-corridor,,vehicle_breakdown,120.0
Unknown,Bellary Road 1,,vehicle_breakdown,120.0
Unknown,Non-corridor,,vehicle_breakdown,41.98896968333334
Unknown,Hosur Road,,others,120.0
Unknown,Hosur Road,CMP GateJunc,water_logging,1440.0
Unknown,Mysore Road,,vehicle_breakdown,120.0
Unknown,ORR North 2,,others,1440.0
Unknown,Non-corridor,,vehicle_breakdown,99.42997704999999
Unknown,Non-corridor,,others,1440.0
Unknown,ORR North 2,,others,1440.0
Unknown,Mysore Road,,vehicle_breakdown,49.17207883333333
Unknown,Tumkur Road,,vehicle_breakdown,120.0
Unknown,Non-corridor,,vehicle_breakdown,120.0
Unknown,IRR(Thanisandra road),,others,1440.0
Unknown,Mysore Road,,vehicle_breakdown,120.0
Unknown,Tumkur Road,,vehicle_breakdown,10.0
Unknown,ORR North 1,,construction,120.0
Unknown,Non-corridor,,others,120.0
Unknown,Varthur Road,,vehicle_breakdown,59.29006258333333
Unknown,Non-corridor,,vehicle_breakdown,15.77857665
Unknown,ORR North 2,,congestion,120.0
Unknown,Non-corridor,,vehicle_breakdown,120.0
Unknown,Non-corridor,,vehicle_breakdown,120.0
Unknown,Non-corridor,,vehicle_breakdown,120.0
Unknown,ORR North 2,,construction,120.0
Unknown,Tumkur Road,,vehicle_breakdown,120.0
Unknown,ORR West 1,,water_logging,1440.0
Unknown,Non-corridor,,vehicle_breakdown,120.0
Unknown,ORR West 1,,construction,120.0
Unknown,Tumkur Road,,vehicle_breakdown,45.83979136666667
Unknown,Old Airport Road,,vehicle_breakdown,120.0
Unknown,Bellary Road 1,,vehicle_breakdown,105.14612633333333
Unknown,Bellary Road 2,YelhankaCircle,water_logging,1440.0
Unknown,Bellary Road 2,,construction,120.0
Unknown,Bellary Road 1,,vehicle_breakdown,27.93791925
Unknown,Tumkur Road,,vehicle_breakdown,12.276266133333333
Unknown,Tumkur Road,,vehicle_breakdown,120.0
Unknown,Bellary Road 2,,vehicle_breakdown,120.0
Unknown,Hennur Main Road,,congestion,120.0
Unknown,Mysore Road,,vehicle_breakdown,120.0
Unknown,Non-corridor,,tree_fall,56.79600258333333
Unknown,ORR North 2,,vehicle_breakdown,120.0
Unknown,Bellary Road 2,,vehicle_breakdown,45.69163531666666
Unknown,Magadi Road,,vehicle_breakdown,120.0
Unknown,Non-corridor,,congestion,120.0
Unknown,Non-corridor,,tree_fall,1440.0
Unknown,Non-corridor,,vehicle_breakdown,42.935636433333336
Unknown,West of Chord Road,,vehicle_breakdown,120.0
Unknown,Non-corridor,,others,280.83443520000003
Unknown,Hosur Road,,others,26.72452003333333
Unknown,Magadi Road,,pot_holes,120.0
Unknown,Non-corridor,,procession,120.0
Unknown,Bellary Road 1,,vehicle_breakdown,120.0
Unknown,Non-corridor,,vehicle_breakdown,95.82774763333333
Unknown,Non-corridor,,vehicle_breakdown,34.2924117
Unknown,Non-corridor,,vehicle_breakdown,129.19878353333334
Unknown,Hosur Road,,vehicle_breakdown,120.0
Unknown,ORR North 2,,vehicle_breakdown,120.0
Unknown,ORR North 2,,vehicle_breakdown,120.0
Unknown,Tumkur Road,,vehicle_breakdown,19.84877475
Unknown,Non-corridor,,water_logging,1440.0
Unknown,Hosur Road,,accident,120.0
Unknown,ORR North 1,,others,120.0
Unknown,Hennur Main Road,,others,120.0
Unknown,ORR North 1,,others,120.0
Unknown,ORR North 1,,construction,120.0
Unknown,Magadi Road,,others,611.3854716000001
Unknown,Hosur Road,,accident,120.0
Unknown,Hosur Road,,vehicle_breakdown,120.0
Unknown,ORR North 2,,vehicle_breakdown,120.0
Unknown,Non-corridor,,pot_holes,120.0
Unknown,Non-corridor,,public_event,120.0
Unknown,CBD 2,,pot_holes,120.0
Unknown,Bellary Road 1,,vehicle_breakdown,120.0
Unknown,Old Madras Road,,vehicle_breakdown,120.0
Unknown,Non-corridor,,others,1440.0
Unknown,Non-corridor,,vehicle_breakdown,120.0
Unknown,Non-corridor,,others,120.0
Unknown,West of Chord Road,,vehicle_breakdown,115.28882806666667
Unknown,Magadi Road,,vehicle_breakdown,120.0
Unknown,Non-corridor,,pot_holes,120.0
Unknown,Bannerghata Road,,road_conditions,120.0
Unknown,Varthur Road,,vehicle_breakdown,98.82358633333334
Unknown,Tumkur Road,,others,1327.4565705999998
Unknown,ORR West 1,,pot_holes,1440.0
Unknown,Non-corridor,,vehicle_breakdown,120.0
Unknown,Bellary Road 1,,vehicle_breakdown,12.097447016666667
Unknown,ORR North 1,,vehicle_breakdown,120.0
Unknown,Non-corridor,,road_conditions,120.0
Unknown,Bannerghata Road,,vehicle_breakdown,10.48741705
Unknown,Non-corridor,,vehicle_breakdown,73.79083653333333
Unknown,ORR East 1,,vehicle_breakdown,40.523691066666665
Unknown,Old Airport Road,,congestion,120.0
Unknown,Non-corridor,,congestion,120.0
Unknown,Non-corridor,,vehicle_breakdown,120.0
Unknown,Non-corridor,,vehicle_breakdown,120.0
Unknown,Old Airport Road,,congestion,120.0
Unknown,Mysore Road,,vehicle_breakdown,25.035437483333332
Unknown,Non-corridor,,vehicle_breakdown,120.0
Unknown,ORR North 2,,vehicle_breakdown,120.0
Unknown,Mysore Road,,vehicle_breakdown,48.54255426666667
Unknown,Old Madras Road,,vehicle_breakdown,120.0
Unknown,Bannerghata Road,,water_logging,120.0
Unknown,Non-corridor,,vehicle_breakdown,27.657876616666666
Unknown,Old Madras Road,,vehicle_breakdown,120.0
Unknown,Non-corridor,,others,120.0
Unknown,CBD 2,,vehicle_breakdown,120.0
Unknown,Tumkur Road,,vehicle_breakdown,148.41387268333335
Unknown,Mysore Road,,vehicle_breakdown,120.0
Unknown,Mysore Road,,others,154.96781246666666
Unknown,Non-corridor,,pot_holes,120.0
Unknown,Mysore Road,,others,120.0
Unknown,Bellary Road 1,,vehicle_breakdown,29.79319548333333
Unknown,Mysore Road,,congestion,120.0
Unknown,Mysore Road,,vehicle_breakdown,120.0
Unknown,Non-corridor,,vehicle_breakdown,119.41805864999999
Unknown,Tumkur Road,,vehicle_breakdown,120.0
Unknown,Non-corridor,,vehicle_breakdown,30.14560906666667
Unknown,Hosur Road,,vehicle_breakdown,120.0
Unknown,Non-corridor,,vehicle_breakdown,120.0
Unknown,Non-corridor,,others,120.0
Unknown,Mysore Road,,vehicle_breakdown,79.44030501666666
Unknown,ORR North 2,,congestion,120.0
Unknown,ORR North 1,,vehicle_breakdown,33.73741513333333
Unknown,Bellary Road 1,,vehicle_breakdown,120.0
Unknown,Non-corridor,,vehicle_breakdown,71.70723046666667
Unknown,Mysore Road,,vehicle_breakdown,41.48662983333334
Unknown,West of Chord Road,,pot_holes,120.0
Unknown,Non-corridor,,vehicle_breakdown,120.0
Unknown,Bellary Road 1,,others,120.0
Unknown,Bellary Road 1,,congestion,120.0
Unknown,ORR East 1,,vehicle_breakdown,120.0
Unknown,West of Chord Road,,tree_fall,31.80648258333333
Unknown,Hosur Road,,vehicle_breakdown,120.0
Unknown,Hosur Road,,vehicle_breakdown,47.110916849999995
Unknown,Tumkur Road,,vehicle_breakdown,120.0
Unknown,Non-corridor,,tree_fall,120.0
Unknown,Old Madras Road,,vehicle_breakdown,120.0
Unknown,Non-corridor,,tree_fall,120.0
Unknown,ORR East 2,,construction,120.0
Unknown,Tumkur Road,,vehicle_breakdown,120.0
Unknown,Bellary Road 1,,others,32.5370269
Unknown,Non-corridor,,water_logging,1440.0
Unknown,Non-corridor,,tree_fall,120.0
Unknown,ORR East 1,,construction,120.0
Unknown,Non-corridor,,water_logging,120.0
Unknown,Non-corridor,,water_logging,120.0
Unknown,Non-corridor,,water_logging,120.0
Unknown,CBD 2,,water_logging,120.0
Unknown,ORR North 2,,vehicle_breakdown,120.0
Unknown,Tumkur Road,,construction,120.0
Unknown,Non-corridor,,tree_fall,358.28831121666667
Unknown,Non-corridor,,vehicle_breakdown,95.20728398333334
Unknown,Bellary Road 2,,vehicle_breakdown,120.0
Unknown,Varthur Road,,water_logging,120.0
Unknown,Non-corridor,,vehicle_breakdown,38.20984111666667
Unknown,Tumkur Road,,others,1440.0
Unknown,Bannerghata Road,,pot_holes,1440.0
Unknown,Mysore Road,,vehicle_breakdown,20.381774716666666
Unknown,ORR East 2,,vehicle_breakdown,120.0
Unknown,Varthur Road,,water_logging,1440.0
Unknown,Non-corridor,,construction,1440.0
Unknown,ORR East 1,,accident,52.74507428333333
Unknown,ORR North 1,,others,10.0
Unknown,ORR North 2,,others,1440.0
Unknown,Non-corridor,,vehicle_breakdown,53.862429883333334
Unknown,Mysore Road,,vehicle_breakdown,120.0
Unknown,Non-corridor,,accident,120.0
Unknown,Non-corridor,,construction,1440.0
Unknown,West of Chord Road,,construction,120.0
Unknown,ORR North 2,,water_logging,120.0
Unknown,Tumkur Road,,others,120.0
Unknown,Non-corridor,,pot_holes,120.0
Unknown,Old Madras Road,,vehicle_breakdown,120.0
Unknown,Tumkur Road,,vehicle_breakdown,120.0
Unknown,Varthur Road,,vehicle_breakdown,62.645947
Unknown,Non-corridor,SubedarChatramRd near SheshadripuramPS,others,1440.0
Unknown,ORR East 1,,vehicle_breakdown,10.0
Unknown,Non-corridor,,vehicle_breakdown,58.697027133333336
Unknown,Non-corridor,,vehicle_breakdown,75.01906000000001
Unknown,Non-corridor,,road_conditions,1440.0
Unknown,ORR North 1,,vehicle_breakdown,120.0
Unknown,Hennur Main Road,,water_logging,1440.0
Unknown,Non-corridor,,congestion,120.0
Unknown,Airport New South Road,,vehicle_breakdown,120.0
Unknown,Non-corridor,,vehicle_breakdown,120.0
Unknown,Mysore Road,,vehicle_breakdown,120.0
Unknown,Bellary Road 1,,vehicle_breakdown,120.0
Unknown,Bellary Road 1,,vehicle_breakdown,120.0
Unknown,Non-corridor,,vehicle_breakdown,120.0
West Zone 1,West of Chord Road,ModiBridgeJunction,water_logging,1440.0
Unknown,Non-corridor,,construction,969.3087973999999
Unknown,Non-corridor,,vehicle_breakdown,22.188365633333333
Unknown,Bellary Road 1,,vehicle_breakdown,53.13025051666667
Unknown,ORR West 1,,vehicle_breakdown,62.22422101666667
Unknown,Non-corridor,,vehicle_breakdown,120.0
Unknown,Mysore Road,,vehicle_breakdown,120.0
Unknown,Bellary Road 2,,vehicle_breakdown,120.0
Unknown,Non-corridor,,accident,120.0
Unknown,Non-corridor,,pot_holes,1440.0
Unknown,Non-corridor,,accident,10.0
Unknown,Non-corridor,,vehicle_breakdown,120.0
Unknown,Non-corridor,,pot_holes,120.0
Unknown,Non-corridor,,vehicle_breakdown,81.64968848333334
Unknown,Bellary Road 2,,accident,120.0
Unknown,Non-corridor,,others,120.0
Unknown,Non-corridor,,vehicle_breakdown,120.0
Unknown,Non-corridor,,vehicle_breakdown,120.0
Unknown,Non-corridor,,vehicle_breakdown,120.0
Unknown,ORR East 1,,vehicle_breakdown,120.0
Unknown,Old Airport Road,,vehicle_breakdown,15.971929466666667
Unknown,Non-corridor,,vehicle_breakdown,78.58225675
Unknown,Non-corridor,,procession,120.0
Unknown,Non-corridor,,vehicle_breakdown,120.0
Unknown,Bellary Road 2,,accident,120.0
Unknown,Old Madras Road,,vehicle_breakdown,120.0
Unknown,Old Madras Road,,vehicle_breakdown,120.0
Unknown,Non-corridor,,accident,120.0
Unknown,ORR North 1,,vehicle_breakdown,120.0
Unknown,Non-corridor,,vehicle_breakdown,120.0
Unknown,Bellary Road 2,,accident,120.0
Unknown,Bellary Road 1,,pot_holes,1440.0
Unknown,Non-corridor,,vehicle_breakdown,120.0
Unknown,Mysore Road,,vehicle_breakdown,120.0
Unknown,Non-corridor,,pot_holes,1440.0
Unknown,ORR East 1,,vehicle_breakdown,120.0
Unknown,Non-corridor,,vehicle_breakdown,120.0
Unknown,Bellary Road 1,,vehicle_breakdown,114.21673276666667
Central Zone 2,Non-corridor,KrishnaFlourMill,construction,120.0
Unknown,Non-corridor,,construction,120.0
Unknown,Old Airport Road,,vehicle_breakdown,10.0
Unknown,Tumkur Road,,vehicle_breakdown,120.0
Central Zone 2,Non-corridor,KrishnaFlourMill,construction,120.0
Unknown,Bellary Road 2,,vehicle_breakdown,120.0
Unknown,Bellary Road 1,,vehicle_breakdown,49.60811926666667
Unknown,Bellary Road 2,,vehicle_breakdown,120.0
Central Zone 2,Mysore Road,Richmond circle jn,tree_fall,1440.0
Unknown,Non-corridor,,vehicle_breakdown,120.0
Unknown,Bellary Road 2,,accident,120.0
Unknown,Non-corridor,,construction,366.65548681666667
Unknown,Non-corridor,,road_conditions,120.0
Unknown,Mysore Road,,others,76.24653713333333
Unknown,Tumkur Road,,others,120.0
Unknown,Non-corridor,,water_logging,137.85110428333334
Unknown,Non-corridor,,road_conditions,120.0
Unknown,Mysore Road,,vehicle_breakdown,120.0
Unknown,Non-corridor,,others,1440.0
Unknown,Airport New South Road,,vehicle_breakdown,120.0
Unknown,Hosur Road,,vehicle_breakdown,79.27560286666667
Unknown,Hosur Road,,vehicle_breakdown,96.84268413333332
Unknown,Airport New South Road,,vehicle_breakdown,120.0
Unknown,CBD 2,,others,75.09085913333334
Unknown,CBD 2,,vehicle_breakdown,120.0
Unknown,Bannerghata Road,,vehicle_breakdown,120.0
Unknown,Non-corridor,,protest,120.0
Unknown,Non-corridor,,protest,120.0
Unknown,Non-corridor,,protest,120.0
Central Zone 2,Non-corridor,WilsonGarden10thCrossJunc,pot_holes,1440.0
Unknown,Non-corridor,,vehicle_breakdown,120.0
Unknown,Non-corridor,,others,1440.0
Unknown,Magadi Road,,vehicle_breakdown,17.01463426666667
Unknown,Mysore Road,,vehicle_breakdown,120.0
Unknown,Non-corridor,,vehicle_breakdown,120.0
Unknown,Non-corridor,,vehicle_breakdown,120.0
Unknown,Non-corridor,,vehicle_breakdown,10.597155033333333
Unknown,Non-corridor,,road_conditions,1386.89255105
Unknown,ORR East 1,,vehicle_breakdown,120.0
Unknown,Non-corridor,,road_conditions,1440.0
Unknown,Non-corridor,,construction,120.0
Unknown,Hosur Road,,vehicle_breakdown,120.0
Unknown,Non-corridor,,pot_holes,1440.0
Unknown,Non-corridor,,vehicle_breakdown,39.4856103
Unknown,ORR North 2,,vehicle_breakdown,120.0
Unknown,Tumkur Road,,vehicle_breakdown,16.270418616666667
Unknown,Non-corridor,,others,120.0
Unknown,Non-corridor,,vehicle_breakdown,138.70672721666668
Unknown,Mysore Road,,accident,32.826353266666665
Unknown,ORR East 1,,vehicle_breakdown,120.0
Central Zone 2,Non-corridor,MICO Bande,water_logging,1440.0
Unknown,ORR North 2,,vehicle_breakdown,120.0
Unknown,CBD 2,,public_event,120.0
Unknown,Bellary Road 2,,vehicle_breakdown,120.0
Unknown,ORR North 2,,vehicle_breakdown,120.0
Unknown,Non-corridor,,procession,120.0
Unknown,Mysore Road,,congestion,120.0
Unknown,Non-corridor,,vehicle_breakdown,120.0
Unknown,Non-corridor,,procession,36.537950349999996
Unknown,Magadi Road,,vehicle_breakdown,120.0
Unknown,Non-corridor,,vehicle_breakdown,120.0
Unknown,Non-corridor,,vehicle_breakdown,120.0
Unknown,Non-corridor,,procession,29.108712066666666
Unknown,Non-corridor,,vehicle_breakdown,92.15842395
Unknown,Bellary Road 2,,vehicle_breakdown,120.0
Unknown,Non-corridor,,vehicle_breakdown,120.0
Unknown,Non-corridor,,vehicle_breakdown,120.0
Unknown,Non-corridor,,vehicle_breakdown,120.0
Unknown,Tumkur Road,,others,355.29140055
Unknown,Non-corridor,,vehicle_breakdown,120.0
Unknown,Bellary Road 1,,vehicle_breakdown,12.875058366666668
Unknown,Non-corridor,,vehicle_breakdown,120.0
Unknown,ORR East 1,,vehicle_breakdown,10.0
Unknown,Mysore Road,,vehicle_breakdown,120.0
Unknown,Non-corridor,,tree_fall,1440.0
Unknown,Non-corridor,,others,1440.0
Unknown,ORR East 2,,construction,120.0
Unknown,Non-corridor,,vehicle_breakdown,120.0
Unknown,CBD 2,,vehicle_breakdown,83.6431582
Unknown,Mysore Road,,vehicle_breakdown,54.19506535
Unknown,ORR North 1,,vehicle_breakdown,120.0
Unknown,Non-corridor,,vehicle_breakdown,21.735800349999998
Unknown,Non-corridor,,vehicle_breakdown,27.90641395
Unknown,Bellary Road 1,,others,120.0
Unknown,Non-corridor,,vehicle_breakdown,120.0
Unknown,Bellary Road 1,,vehicle_breakdown,26.02119336666667
Unknown,Non-corridor,,congestion,120.0
Unknown,CBD 2,,pot_holes,1440.0
Unknown,Old Madras Road,,vehicle_breakdown,120.0
Unknown,Non-corridor,,vehicle_breakdown,10.0
Unknown,CBD 2,,vehicle_breakdown,25.868294600000002
Unknown,Bannerghata Road,,vehicle_breakdown,120.0
Unknown,Mysore Road,,vehicle_breakdown,120.0
Unknown,Non-corridor,,vehicle_breakdown,120.0
Unknown,Non-corridor,,construction,120.0
Unknown,Non-corridor,,accident,120.0
Unknown,ORR North 2,,vehicle_breakdown,70.6369603
Unknown,Non-corridor,,others,1440.0
Unknown,Non-corridor,,vehicle_breakdown,19.236815733333334
Unknown,Mysore Road,,vehicle_breakdown,120.0
Unknown,Non-corridor,,public_event,120.0
Unknown,Non-corridor,,others,1440.0
Unknown,Hennur Main Road,,congestion,81.69610738333334
Unknown,Non-corridor,,construction,120.0
Unknown,Tumkur Road,,construction,120.0
Unknown,Tumkur Road,,vehicle_breakdown,77.64849921666668
Unknown,Bellary Road 2,,vehicle_breakdown,120.0
Unknown,ORR East 2,,road_conditions,10.0
Unknown,ORR East 2,,construction,1440.0
Unknown,ORR East 2,,others,1440.0
Unknown,Tumkur Road,,vehicle_breakdown,120.0
Unknown,Bellary Road 2,,vehicle_breakdown,120.0
Unknown,Bellary Road 1,,accident,120.0
Unknown,Tumkur Road,,vehicle_breakdown,120.0
Unknown,Tumkur Road,,vehicle_breakdown,120.0
Unknown,ORR North 1,,vehicle_breakdown,43.703668050000005
Unknown,Non-corridor,,vehicle_breakdown,18.12563553333333
Unknown,Old Airport Road,,vehicle_breakdown,69.32541208333333
Unknown,Non-corridor,,others,43.829488833333336
Unknown,Mysore Road,,vehicle_breakdown,107.36787663333332
Unknown,ORR East 2,,construction,120.0
Unknown,Non-corridor,,vehicle_breakdown,120.0
Unknown,ORR East 1,,water_logging,120.0
Unknown,Tumkur Road,,vehicle_breakdown,141.42639348333333
Unknown,Magadi Road,,vehicle_breakdown,120.0
Unknown,Bannerghata Road,,water_logging,1440.0
Unknown,Bellary Road 2,,vehicle_breakdown,120.0
Unknown,Non-corridor,,vehicle_breakdown,120.0
Unknown,Non-corridor,,vehicle_breakdown,120.0
Unknown,Hosur Road,,vehicle_breakdown,120.0
Unknown,Mysore Road,,pot_holes,120.0
Unknown,ORR East 2,,construction,120.0
Unknown,ORR East 1,,pot_holes,120.0
Unknown,Mysore Road,,pot_holes,1440.0
Unknown,ORR East 1,,pot_holes,120.0
West Zone 2,Bellary Road 1,MekhriCircle,others,1440.0
Unknown,Non-corridor,,vehicle_breakdown,120.0
Unknown,Non-corridor,,vehicle_breakdown,120.0
Unknown,ORR East 2,,water_logging,120.0
Unknown,ORR East 2,,water_logging,120.0
Unknown,Hosur Road,,vehicle_breakdown,120.0
Unknown,Non-corridor,,vehicle_breakdown,99.77792416666666
Unknown,ORR North 2,,vehicle_breakdown,120.0
Unknown,Bellary Road 1,,tree_fall,120.0
Unknown,Non-corridor,,vehicle_breakdown,120.0
Unknown,CBD 2,,vehicle_breakdown,120.0
Unknown,ORR East 1,,vehicle_breakdown,120.0
Unknown,Non-corridor,,vehicle_breakdown,71.35226383333334
Unknown,Bellary Road 1,,vehicle_breakdown,60.9291782
Unknown,Non-corridor,,vehicle_breakdown,13.084814833333333
Unknown,West of Chord Road,,vehicle_breakdown,120.0
Unknown,Bellary Road 2,,tree_fall,120.0
Unknown,CBD 2,,vehicle_breakdown,120.0
Unknown,Hosur Road,,procession,120.0
Unknown,Magadi Road,,vehicle_breakdown,120.0
Unknown,Bellary Road 1,,tree_fall,120.0
Unknown,Tumkur Road,,vehicle_breakdown,120.0
Unknown,Bannerghata Road,,vehicle_breakdown,10.573012383333333
Unknown,ORR East 2,,construction,120.0
Unknown,CBD 1,,pot_holes,1440.0
Unknown,Non-corridor,,others,1440.0
Unknown,Non-corridor,,vehicle_breakdown,120.0
Unknown,Non-corridor,,vehicle_breakdown,120.0
Unknown,ORR North 1,,vehicle_breakdown,42.808710616666666
Unknown,Old Airport Road,,pot_holes,1440.0
Unknown,Old Airport Road,,construction,120.0
Unknown,Tumkur Road,,vehicle_breakdown,29.313113633333334
Unknown,Non-corridor,,vehicle_breakdown,28.7572406
Unknown,Non-corridor,,pot_holes,120.0
Unknown,Non-corridor,,vehicle_breakdown,120.0
Unknown,Bellary Road 1,,public_event,120.0
Unknown,Old Madras Road,,vehicle_breakdown,120.0
Unknown,Mysore Road,,vehicle_breakdown,120.0
Unknown,Mysore Road,,vehicle_breakdown,120.0
Unknown,ORR East 1,,vehicle_breakdown,27.226681883333335
Unknown,Old Madras Road,,vehicle_breakdown,120.0
Unknown,Hennur Main Road,,others,120.0
Unknown,Old Madras Road,,vehicle_breakdown,120.0
Unknown,Old Madras Road,,vehicle_breakdown,120.0
Unknown,ORR East 1,,vehicle_breakdown,120.0
Unknown,Non-corridor,,others,120.0
Unknown,Mysore Road,,vehicle_breakdown,120.0
Unknown,Tumkur Road,,vehicle_breakdown,120.0
Unknown,Bellary Road 1,,vehicle_breakdown,120.0
Unknown,Non-corridor,,Debris,120.0
Unknown,Magadi Road,,vehicle_breakdown,33.101952716666666
Unknown,ORR North 1,,vehicle_breakdown,64.03269065
Unknown,ORR East 1,,vehicle_breakdown,120.0
Unknown,Hennur Main Road,,vehicle_breakdown,120.0
Unknown,Mysore Road,,vehicle_breakdown,21.942543016666665
Unknown,Bellary Road 1,,others,10.0
Unknown,Non-corridor,,vehicle_breakdown,120.0
Unknown,Mysore Road,,vehicle_breakdown,10.0
Unknown,Non-corridor,,accident,120.0
Unknown,Bellary Road 1,,others,1440.0
Unknown,Hennur Main Road,,congestion,70.369317
Unknown,ORR North 2,,congestion,120.0
Unknown,Non-corridor,,vehicle_breakdown,14.661646350000002
Unknown,Non-corridor,,vehicle_breakdown,120.0
Unknown,Bellary Road 1,,tree_fall,120.0
Unknown,Bannerghata Road,,pot_holes,120.0
Unknown,Bellary Road 1,,tree_fall,20.392180399999997
Unknown,ORR North 2,,congestion,120.0
Unknown,ORR North 1,,accident,120.0
Unknown,Mysore Road,,vehicle_breakdown,35.98495698333333
Unknown,Airport New South Road,,vehicle_breakdown,64.49834003333333
Unknown,Varthur Road,,vehicle_breakdown,120.0
Unknown,Bellary Road 2,,vehicle_breakdown,120.0
Unknown,Non-corridor,,vehicle_breakdown,120.0
Unknown,Mysore Road,,vehicle_breakdown,120.0
Unknown,Non-corridor,,procession,120.0
Unknown,Old Madras Road,,vehicle_breakdown,120.0
Unknown,Mysore Road,,water_logging,1341.8618717
Unknown,Bellary Road 1,,water_logging,1440.0
Unknown,Bellary Road 2,,vehicle_breakdown,120.0
Unknown,ORR East 1,,vehicle_breakdown,32.482557983333336
Unknown,Non-corridor,,pot_holes,120.0
Unknown,Tumkur Road,,others,425.9449986166667
Unknown,Non-corridor,,construction,1440.0
Unknown,Old Madras Road,,pot_holes,120.0
Unknown,West of Chord Road,,vehicle_breakdown,120.0
Unknown,Non-corridor,,others,1440.0
Unknown,Non-corridor,,others,120.0
Unknown,Non-corridor,,others,120.0
Unknown,Non-corridor,,others,1440.0
Unknown,Non-corridor,,vehicle_breakdown,68.54527198333334
Unknown,ORR East 1,,others,120.0
Unknown,Non-corridor,,vehicle_breakdown,120.0
Unknown,Bellary Road 2,,vehicle_breakdown,141.574881
Unknown,Bellary Road 1,,others,1440.0
Unknown,ORR East 1,,vehicle_breakdown,120.0
North Zone 1,Non-corridor,Bamboobazar(Shivajinagar),water_logging,1440.0
Unknown,Old Madras Road,,vehicle_breakdown,120.0
Unknown,ORR North 1,,congestion,120.0
Unknown,ORR East 2,,construction,120.0
Unknown,Bellary Road 1,,vehicle_breakdown,120.0
Unknown,Mysore Road,,vehicle_breakdown,120.0
East Zone 2,Non-corridor,,water_logging,120.0
Unknown,Non-corridor,,vehicle_breakdown,87.93818821666667
North Zone 1,Non-corridor,HainsJunc,pot_holes,1440.0
Unknown,Non-corridor,,vehicle_breakdown,120.0
Unknown,Mysore Road,,construction,1440.0
Unknown,Non-corridor,,vehicle_breakdown,120.0
Unknown,Non-corridor,,vehicle_breakdown,120.0
Unknown,Bellary Road 2,,vehicle_breakdown,120.0
Unknown,Old Madras Road,,water_logging,36.627531100000006
Unknown,Non-corridor,,vehicle_breakdown,60.76119708333333
Unknown,Hennur Main Road,,congestion,120.0
Unknown,Non-corridor,,vehicle_breakdown,120.0
Unknown,Mysore Road,,vehicle_breakdown,33.748134783333334
Unknown,ORR North 2,,vehicle_breakdown,120.0
Unknown,ORR East 1,,vehicle_breakdown,10.0
Unknown,Non-corridor,,pot_holes,120.0
Unknown,Non-corridor,,vehicle_breakdown,120.0
Unknown,Non-corridor,,vehicle_breakdown,120.0
Unknown,Tumkur Road,,vehicle_breakdown,114.61164653333334
Unknown,Non-corridor,,vehicle_breakdown,120.0
Unknown,ORR East 1,,vehicle_breakdown,120.0
Unknown,Bellary Road 2,,vehicle_breakdown,120.0
Unknown,Mysore Road,,vehicle_breakdown,95.59043028333333
Unknown,Hosur Road,,vehicle_breakdown,11.97852685
Unknown,Magadi Road,,vehicle_breakdown,24.2304184
Unknown,Bellary Road 1,,vehicle_breakdown,120.0
Unknown,Non-corridor,,vehicle_breakdown,120.0
Unknown,Mysore Road,,vehicle_breakdown,120.0
Unknown,Mysore Road,,vehicle_breakdown,22.292497583333333
Unknown,Non-corridor,,construction,120.0
Unknown,Hennur Main Road,,construction,1440.0
Unknown,Bellary Road 2,,others,76.19266588333333
Unknown,ORR East 1,,water_logging,120.0
Unknown,Non-corridor,,construction,120.0
Unknown,ORR East 1,,vehicle_breakdown,109.25451818333333
Unknown,Hennur Main Road,,congestion,120.0
Unknown,Non-corridor,,procession,120.0
Unknown,Non-corridor,,vehicle_breakdown,120.0
Unknown,Non-corridor,,vehicle_breakdown,89.5580396
Unknown,Non-corridor,,vehicle_breakdown,20.751736666666666
Unknown,ORR North 2,,pot_holes,1440.0
Unknown,Non-corridor,,others,180.91461453333335
Unknown,Non-corridor,,vehicle_breakdown,62.10533875
Unknown,Bellary Road 2,,vehicle_breakdown,10.0
Unknown,Hosur Road,,road_conditions,120.0
Unknown,Hosur Road,,road_conditions,120.0
Unknown,ORR North 2,,Fog / Low Visibility,120.0
Unknown,Non-corridor,,construction,365.8770966
Unknown,ORR East 1,,vehicle_breakdown,120.0
Unknown,Hosur Road,,vehicle_breakdown,120.0
Unknown,ORR North 2,,vehicle_breakdown,47.697048333333335
Unknown,Mysore Road,,vehicle_breakdown,120.0
Unknown,Old Airport Road,,vehicle_breakdown,120.0
Unknown,Non-corridor,,vehicle_breakdown,120.0
Unknown,ORR East 2,,construction,120.0
Unknown,ORR East 2,,construction,120.0
Unknown,ORR East 1,,vehicle_breakdown,120.0
Unknown,Non-corridor,,vehicle_breakdown,120.0
Unknown,Hennur Main Road,,construction,1440.0
Unknown,Varthur Road,,pot_holes,1440.0
Unknown,Non-corridor,,vehicle_breakdown,120.0
Unknown,Tumkur Road,,vehicle_breakdown,120.0
Unknown,Bellary Road 2,,vehicle_breakdown,120.0
Unknown,Bannerghata Road,,vehicle_breakdown,62.15927346666667
Unknown,Non-corridor,,pot_holes,1440.0
Unknown,Non-corridor,,water_logging,1440.0
Unknown,Non-corridor,,vehicle_breakdown,12.48767995
Unknown,Non-corridor,,protest,120.0
Unknown,Non-corridor,,pot_holes,120.0
Unknown,Mysore Road,,vehicle_breakdown,120.0
Unknown,Non-corridor,,road_conditions,120.0
Unknown,Non-corridor,,vehicle_breakdown,120.0
Unknown,Bannerghata Road,,vehicle_breakdown,27.9523293
Unknown,ORR East 2,,construction,120.0
Unknown,Non-corridor,,vehicle_breakdown,63.467518033333334
Unknown,Old Airport Road,,road_conditions,120.0
Unknown,Non-corridor,,construction,624.2569785666667
Unknown,ORR East 2,,vehicle_breakdown,120.0
Unknown,Non-corridor,,pot_holes,120.0
Unknown,Non-corridor,,vehicle_breakdown,120.0
Unknown,Varthur Road,,construction,120.0
Unknown,Magadi Road,,vehicle_breakdown,120.0
Unknown,Non-corridor,,vehicle_breakdown,120.0
Unknown,Tumkur Road,,vehicle_breakdown,25.9073017
Unknown,Non-corridor,,vehicle_breakdown,17.485272716666667
Unknown,Non-corridor,,vehicle_breakdown,120.0
Unknown,Hosur Road,,vehicle_breakdown,120.0
Unknown,Non-corridor,,vehicle_breakdown,80.1326431
Unknown,Old Madras Road,,vehicle_breakdown,120.0
Unknown,ORR North 1,,congestion,120.0
Unknown,Varthur Road,,vehicle_breakdown,120.0
Unknown,Bellary Road 2,,accident,120.0
Unknown,Bellary Road 2,,vehicle_breakdown,29.472658016666667
Unknown,Non-corridor,,vehicle_breakdown,120.0
Unknown,Non-corridor,,vehicle_breakdown,32.38240151666667
Unknown,Bellary Road 1,,construction,120.0
Unknown,IRR(Thanisandra road),,water_logging,120.0
Unknown,Bellary Road 2,,vehicle_breakdown,120.0
Unknown,Non-corridor,,vehicle_breakdown,120.0
Unknown,Tumkur Road,,vehicle_breakdown,120.0
Unknown,Non-corridor,,vehicle_breakdown,120.0
Unknown,IRR(Thanisandra road),,water_logging,120.0
Unknown,Non-corridor,,vehicle_breakdown,130.85829606666667
Unknown,Non-corridor,,vehicle_breakdown,42.75810368333334
Unknown,ORR East 1,,water_logging,120.0
Unknown,Old Airport Road,,vehicle_breakdown,10.0
Unknown,Mysore Road,,vehicle_breakdown,120.0
Unknown,Non-corridor,,vehicle_breakdown,120.0
Unknown,ORR North 2,,vehicle_breakdown,120.0
Unknown,Non-corridor,,vehicle_breakdown,10.0
Unknown,Old Madras Road,,vehicle_breakdown,120.0
Unknown,Mysore Road,,vehicle_breakdown,120.0
Unknown,ORR West 1,,vehicle_breakdown,120.0
Unknown,Tumkur Road,,others,120.0
Unknown,ORR North 1,,vehicle_breakdown,126.05797051666667
Unknown,Hennur Main Road,,construction,120.0
Unknown,Old Madras Road,,vehicle_breakdown,65.22508308333333
Unknown,Non-corridor,,vehicle_breakdown,120.0
Unknown,ORR North 2,,congestion,120.0
Unknown,Bellary Road 1,,vehicle_breakdown,68.5412746
Unknown,ORR North 1,,construction,120.0
Unknown,Non-corridor,,vehicle_breakdown,120.0
Unknown,Tumkur Road,,others,120.0
Unknown,Non-corridor,,vehicle_breakdown,48.842927616666664
Unknown,Bellary Road 1,,vehicle_breakdown,25.324214433333335
Unknown,Old Madras Road,,pot_holes,1440.0
Unknown,Non-corridor,,vehicle_breakdown,120.0
Unknown,Bellary Road 1,,vehicle_breakdown,120.0
Unknown,Tumkur Road,,vehicle_breakdown,120.0
Unknown,ORR North 1,,congestion,120.0
Unknown,ORR North 2,,vehicle_breakdown,20.49097971666667
Unknown,Non-corridor,,others,120.0
Unknown,Airport New South Road,,vehicle_breakdown,120.0
Unknown,ORR East 2,,vehicle_breakdown,120.0
Unknown,ORR West 1,,vehicle_breakdown,22.541880900000002
Unknown,Mysore Road,,pot_holes,1440.0
Unknown,Bellary Road 1,,pot_holes,1440.0
Unknown,Old Madras Road,,vehicle_breakdown,120.0
Unknown,Non-corridor,,construction,120.0
Unknown,ORR North 1,,construction,120.0
Unknown,Non-corridor,,pot_holes,120.0
Unknown,Magadi Road,,vehicle_breakdown,10.0
Unknown,Non-corridor,,others,120.0
Unknown,Non-corridor,,vehicle_breakdown,74.69350561666667
Unknown,Bellary Road 1,,vehicle_breakdown,120.0
Unknown,Non-corridor,,construction,120.0
Unknown,Non-corridor,,construction,120.0
Unknown,ORR East 2,,construction,120.0
Unknown,Bellary Road 1,,vehicle_breakdown,120.0
Unknown,Non-corridor,,vehicle_breakdown,21.15403888333333
Unknown,Non-corridor,,pot_holes,120.0
Unknown,Non-corridor,,construction,120.0
Unknown,Tumkur Road,,vehicle_breakdown,18.911796083333336
Unknown,Non-corridor,,vehicle_breakdown,120.0
Unknown,Non-corridor,,vehicle_breakdown,15.905597883333334
Unknown,Bellary Road 1,,others,120.0
Unknown,Non-corridor,,vehicle_breakdown,18.743594383333335
North Zone 2,Non-corridor,BagalakunteCrossJunction,water_logging,1440.0
Unknown,Non-corridor,,construction,120.0
Unknown,Tumkur Road,,vehicle_breakdown,30.207270483333332
Unknown,Non-corridor,,vehicle_breakdown,128.41844893333334
Unknown,ORR North 1,,congestion,87.10293336666668
Unknown,Non-corridor,,pot_holes,1440.0
Unknown,Non-corridor,,pot_holes,1440.0
Unknown,Non-corridor,,vehicle_breakdown,120.0
Unknown,ORR North 1,,vehicle_breakdown,32.5034449
Unknown,Non-corridor,,vehicle_breakdown,120.0
Unknown,Hennur Main Road,,vehicle_breakdown,120.0
Unknown,CBD 2,,road_conditions,1440.0
Unknown,ORR East 2,,vehicle_breakdown,66.92851234999999
Unknown,Bellary Road 1,,vehicle_breakdown,120.0
Unknown,Non-corridor,,pot_holes,1440.0
Unknown,Bellary Road 1,,vehicle_breakdown,120.0
Unknown,Hosur Road,CMP GateJunc,pot_holes,1440.0
Unknown,CBD 2,,vehicle_breakdown,120.0
Unknown,Non-corridor,,construction,120.0
Central Zone 1,Hosur Road,CMP GateJunc,pot_holes,1440.0
Central Zone 1,Hosur Road,CMP GateJunc,pot_holes,1440.0
Unknown,Mysore Road,,vehicle_breakdown,120.0
Unknown,Non-corridor,,road_conditions,120.0
Unknown,Non-corridor,,road_conditions,120.0
Unknown,Non-corridor,,vehicle_breakdown,120.0
Unknown,Mysore Road,,others,119.54685436666666
Unknown,Non-corridor,,others,1440.0
Unknown,West of Chord Road,,vehicle_breakdown,120.0
Unknown,ORR East 2,,vehicle_breakdown,120.0
Unknown,Magadi Road,,vehicle_breakdown,120.0
Unknown,Hennur Main Road,,congestion,120.0
Unknown,Hosur Road,CMP GateJunc,pot_holes,1440.0
Unknown,ORR North 2,,vehicle_breakdown,120.0
Unknown,Bellary Road 1,,vehicle_breakdown,120.0
Unknown,Non-corridor,,vehicle_breakdown,120.0
Unknown,Old Madras Road,,vehicle_breakdown,120.0
Unknown,Non-corridor,,tree_fall,79.37274963333333
Unknown,Magadi Road,,vehicle_breakdown,120.0
Unknown,West of Chord Road,,vehicle_breakdown,120.0
Unknown,Hosur Road,,vehicle_breakdown,120.0
Unknown,Non-corridor,,vehicle_breakdown,120.0
Unknown,Magadi Road,,vehicle_breakdown,153.41269573333332
Unknown,Tumkur Road,,vehicle_breakdown,120.0
Unknown,ORR North 1,,accident,52.03779613333334
Unknown,Non-corridor,,vehicle_breakdown,10.0
Unknown,ORR West 1,,water_logging,120.0
Unknown,ORR West 1,,vehicle_breakdown,27.9779026
Unknown,Non-corridor,,vehicle_breakdown,77.07247735
Unknown,Non-corridor,,vehicle_breakdown,120.0
Unknown,Bellary Road 1,,vehicle_breakdown,120.0
Unknown,Non-corridor,,vehicle_breakdown,120.0
Unknown,Non-corridor,,vehicle_breakdown,10.0
Unknown,ORR West 1,,accident,120.0
Unknown,Bellary Road 1,,others,120.0
Unknown,Bellary Road 1,,others,120.0
Unknown,Bellary Road 1,,others,120.0
Unknown,ORR North 1,,others,120.0
Unknown,ORR North 1,,tree_fall,120.0
Unknown,Mysore Road,,others,10.0
Unknown,ORR North 2,,congestion,120.0
Unknown,ORR West 1,,others,120.0
Unknown,ORR West 1,,accident,120.0
Unknown,Non-corridor,,vehicle_breakdown,120.0
Unknown,Mysore Road,,vehicle_breakdown,35.12267365
Unknown,Old Airport Road,,vehicle_breakdown,120.0
Unknown,Bellary Road 1,,vehicle_breakdown,120.0
Unknown,Bellary Road 1,,vehicle_breakdown,120.0
Unknown,Non-corridor,,tree_fall,56.49172753333333
Unknown,ORR East 2,,construction,120.0
Unknown,Non-corridor,,vehicle_breakdown,120.0
Unknown,Magadi Road,,road_conditions,120.0
Unknown,West of Chord Road,,pot_holes,120.0
Unknown,Bannerghata Road,,pot_holes,120.0
Unknown,Mysore Road,,vehicle_breakdown,120.0
Unknown,Mysore Road,,vehicle_breakdown,120.0
Unknown,Non-corridor,,vehicle_breakdown,120.0
Unknown,West of Chord Road,,vehicle_breakdown,49.20473728333333
Unknown,ORR North 1,,vehicle_breakdown,120.0
Unknown,ORR East 1,,vehicle_breakdown,120.0
Unknown,Bellary Road 1,,vehicle_breakdown,37.30351836666667
Unknown,Tumkur Road,,vehicle_breakdown,72.88357673333333
Unknown,Bellary Road 1,,vehicle_breakdown,120.0
Unknown,Old Madras Road,,vehicle_breakdown,10.0
Unknown,Non-corridor,,vehicle_breakdown,10.0
Unknown,Tumkur Road,,vehicle_breakdown,120.0
Unknown,ORR East 1,,vehicle_breakdown,97.77232951666666
Unknown,Non-corridor,,tree_fall,31.31014948333333
Unknown,ORR West 1,,road_conditions,62.264017833333334
Unknown,ORR West 1,,vehicle_breakdown,120.0
Unknown,Non-corridor,,vehicle_breakdown,120.0
Unknown,ORR North 1,,congestion,120.0
Unknown,Non-corridor,,vehicle_breakdown,120.0
Unknown,Non-corridor,,construction,1440.0
Unknown,Bellary Road 1,,vehicle_breakdown,120.0
Unknown,ORR East 2,,construction,120.0
Unknown,West of Chord Road,,vehicle_breakdown,120.0
Unknown,Non-corridor,,vehicle_breakdown,63.30596091666666
Unknown,Non-corridor,,vehicle_breakdown,120.0
Unknown,Non-corridor,,vehicle_breakdown,120.0
Unknown,ORR North 1,,congestion,37.785654916666665
Unknown,Tumkur Road,,vehicle_breakdown,13.265553916666667
Unknown,Non-corridor,,accident,120.0
Unknown,Non-corridor,,others,34.995653966666666
Unknown,Mysore Road,,vehicle_breakdown,120.0
Unknown,Non-corridor,,vehicle_breakdown,120.0
Unknown,Non-corridor,,vehicle_breakdown,120.0
Unknown,Bellary Road 2,,vehicle_breakdown,120.0
Unknown,Tumkur Road,,vehicle_breakdown,28.267420583333333
Unknown,ORR East 1,,vehicle_breakdown,120.9917747
Unknown,Non-corridor,,others,313.8667528
Unknown,ORR North 1,,others,120.0
Unknown,Non-corridor,,vehicle_breakdown,120.0
Unknown,Non-corridor,,road_conditions,10.0
Unknown,Non-corridor,,pot_holes,120.0
Unknown,Non-corridor,,pot_holes,120.0
Unknown,ORR North 1,,others,120.0
Unknown,West of Chord Road,,others,10.0
Unknown,Old Madras Road,,accident,41.571545316666665
Unknown,Old Madras Road,,vehicle_breakdown,120.0
Unknown,Old Airport Road,,vehicle_breakdown,120.0
Unknown,Mysore Road,,vehicle_breakdown,120.0
Unknown,Non-corridor,,vehicle_breakdown,120.0
Unknown,Mysore Road,,vehicle_breakdown,34.62066285
Unknown,Non-corridor,,others,1440.0
Unknown,Bannerghata Road,,water_logging,1440.0
Unknown,Hosur Road,,others,1440.0
Unknown,Non-corridor,,vehicle_breakdown,122.88383688333333
Unknown,IRR(Thanisandra road),,construction,120.0
Unknown,Tumkur Road,,vehicle_breakdown,120.0
Unknown,Old Madras Road,,vehicle_breakdown,120.0
Unknown,ORR East 1,,water_logging,120.0
Unknown,ORR West 1,,vehicle_breakdown,45.38100588333334
Unknown,Non-corridor,,vehicle_breakdown,27.755491966666668
Unknown,ORR North 2,,congestion,120.0
Unknown,IRR(Thanisandra road),,vehicle_breakdown,120.0
Unknown,Hosur Road,,vehicle_breakdown,15.762067949999999
Unknown,ORR North 1,,vehicle_breakdown,124.13244701666667
Unknown,Hennur Main Road,,congestion,136.03228926666668
Unknown,Mysore Road,,vehicle_breakdown,28.3823993
Unknown,Mysore Road,,vehicle_breakdown,120.0
Unknown,Non-corridor,,vehicle_breakdown,120.0
Unknown,Varthur Road,,vehicle_breakdown,120.0
Unknown,Non-corridor,,vehicle_breakdown,120.0
Unknown,ORR North 2,,vehicle_breakdown,120.0
Unknown,Magadi Road,,vehicle_breakdown,25.321667083333335
Unknown,West of Chord Road,,road_conditions,120.0
Unknown,ORR North 2,,construction,120.0
Unknown,West of Chord Road,,pot_holes,120.0
Unknown,Tumkur Road,,vehicle_breakdown,120.0
Unknown,Bellary Road 1,,vehicle_breakdown,49.688574949999996
Unknown,West of Chord Road,,pot_holes,120.0
Unknown,Non-corridor,,vehicle_breakdown,120.0
Unknown,Mysore Road,,vehicle_breakdown,120.0
Unknown,Non-corridor,,vehicle_breakdown,120.0
Unknown,Non-corridor,,vehicle_breakdown,120.0
Unknown,Non-corridor,,vehicle_breakdown,120.0
Unknown,Non-corridor,,vehicle_breakdown,120.0
Unknown,Non-corridor,,others,120.0
Unknown,Bellary Road 1,,tree_fall,141.58774876666666
Unknown,Bellary Road 2,,vehicle_breakdown,65.21049980000001
Unknown,Mysore Road,,vehicle_breakdown,120.0
Unknown,Non-corridor,,vehicle_breakdown,120.0
Unknown,CBD 2,,vehicle_breakdown,120.0
Unknown,Mysore Road,,vehicle_breakdown,120.0
Unknown,Non-corridor,,vehicle_breakdown,120.0
Unknown,Magadi Road,,vehicle_breakdown,120.0
Unknown,Old Madras Road,,vehicle_breakdown,120.0
Unknown,Bellary Road 1,,vehicle_breakdown,120.0
Unknown,Airport New South Road,,vehicle_breakdown,120.0
Unknown,Magadi Road,,vehicle_breakdown,120.0
Unknown,Non-corridor,,vehicle_breakdown,21.79317205
Unknown,Non-corridor,,construction,120.0
Unknown,Bellary Road 2,,vehicle_breakdown,65.78450945
Unknown,Mysore Road,,others,388.87556163333335
Unknown,ORR East 2,,construction,120.0
Unknown,Hosur Road,,pot_holes,120.0
Unknown,CBD 2,,pot_holes,120.0
Unknown,ORR North 1,,vehicle_breakdown,120.0
Unknown,Non-corridor,,vehicle_breakdown,10.24884315
Unknown,Magadi Road,,vehicle_breakdown,120.0
Unknown,ORR North 1,,vehicle_breakdown,29.929127866666665
Unknown,Bannerghata Road,,vehicle_breakdown,29.872228166666666
Unknown,ORR North 2,,vehicle_breakdown,10.0
Unknown,Non-corridor,,pot_holes,1440.0
Unknown,Old Madras Road,,pot_holes,120.0
Unknown,ORR East 1,,vehicle_breakdown,47.78352503333333
Unknown,ORR East 2,,vehicle_breakdown,120.0
Unknown,ORR East 2,,vehicle_breakdown,120.0
Unknown,Old Madras Road,,pot_holes,120.0
Unknown,Non-corridor,,accident,64.67699146666666
Unknown,Non-corridor,,vehicle_breakdown,120.0
Unknown,Old Madras Road,,pot_holes,120.0
Unknown,Old Madras Road,,construction,120.0
Unknown,Non-corridor,,public_event,120.0
Unknown,Non-corridor,,vehicle_breakdown,120.0
Unknown,Mysore Road,,vehicle_breakdown,120.0
Unknown,Non-corridor,,vehicle_breakdown,120.0
Unknown,Varthur Road,,vehicle_breakdown,120.0
Unknown,Non-corridor,,vehicle_breakdown,120.0
Unknown,ORR North 1,,vehicle_breakdown,120.0
Unknown,Non-corridor,,construction,120.0
Unknown,Non-corridor,,construction,1440.0
Unknown,Non-corridor,,vehicle_breakdown,26.454950033333333
Unknown,Mysore Road,,vehicle_breakdown,41.276453733333334
Unknown,Non-corridor,,procession,120.0
Unknown,Bellary Road 1,,vehicle_breakdown,112.91873355
Unknown,Magadi Road,,others,222.83057628333333
Unknown,Non-corridor,,vehicle_breakdown,116.41837865000001
Unknown,Old Madras Road,,vehicle_breakdown,75.1976845
Unknown,Bellary Road 1,,vehicle_breakdown,120.0
Unknown,Bellary Road 1,,vehicle_breakdown,120.0
Unknown,ORR East 1,,construction,34.097350649999996
Unknown,Bellary Road 1,,vehicle_breakdown,120.0
Unknown,CBD 2,,vehicle_breakdown,60.0840213
Unknown,Bellary Road 2,,vehicle_breakdown,120.0
Unknown,Bellary Road 2,,vehicle_breakdown,37.39451276666667
Unknown,Hosur Road,,accident,74.62887731666666
Unknown,Old Madras Road,,pot_holes,1440.0
Unknown,Bellary Road 1,,vehicle_breakdown,120.0
Unknown,ORR North 1,,vehicle_breakdown,10.0
Unknown,ORR North 1,,vehicle_breakdown,10.619932433333334
Unknown,Mysore Road,,accident,120.0
Unknown,Non-corridor,,vehicle_breakdown,120.0
Unknown,Bellary Road 1,,vehicle_breakdown,120.0
Unknown,ORR North 1,,vehicle_breakdown,130.6786535
Unknown,Old Madras Road,,vehicle_breakdown,120.0
Unknown,Old Madras Road,,pot_holes,1440.0
Unknown,Non-corridor,,vehicle_breakdown,120.0
Unknown,Non-corridor,,vehicle_breakdown,120.0
Unknown,Mysore Road,,others,120.0
Unknown,Old Madras Road,,construction,120.0
Unknown,Bellary Road 1,,others,10.0
Unknown,Non-corridor,,tree_fall,48.916281016666666
Unknown,ORR North 2,,vehicle_breakdown,120.0
Unknown,Non-corridor,,road_conditions,1440.0
Unknown,ORR East 2,,construction,120.0
Unknown,West of Chord Road,,vehicle_breakdown,120.0
Unknown,West of Chord Road,,pot_holes,1440.0
Unknown,Old Madras Road,,vehicle_breakdown,120.0
Unknown,Bellary Road 2,,vehicle_breakdown,120.0
Unknown,Bellary Road 1,,vehicle_breakdown,120.0
Unknown,Bellary Road 1,,vehicle_breakdown,120.0
Unknown,Non-corridor,,vehicle_breakdown,136.8639617
Unknown,Bellary Road 2,,vehicle_breakdown,120.0
Unknown,Tumkur Road,,vehicle_breakdown,120.0
Unknown,Tumkur Road,,vehicle_breakdown,120.0
Unknown,Bannerghata Road,,vehicle_breakdown,64.36110058333334
Unknown,Bellary Road 1,,others,120.0
Unknown,Non-corridor,,vehicle_breakdown,33.71126616666667
Unknown,Bellary Road 2,,vehicle_breakdown,120.0
Unknown,Mysore Road,,vehicle_breakdown,120.0
Unknown,Non-corridor,,pot_holes,120.0
Unknown,Non-corridor,,pot_holes,1440.0
Unknown,Non-corridor,,vehicle_breakdown,120.0
Unknown,Bellary Road 1,,vehicle_breakdown,120.0
Unknown,Bellary Road 2,,vehicle_breakdown,10.0
Unknown,Hosur Road,,vehicle_breakdown,120.0
Unknown,Magadi Road,,vehicle_breakdown,120.0
Unknown,Non-corridor,,water_logging,120.0
Unknown,Mysore Road,,vehicle_breakdown,41.391337183333334
Unknown,Non-corridor,,vehicle_breakdown,126.48344196666667
Unknown,Tumkur Road,,vehicle_breakdown,120.0
Unknown,Non-corridor,,vehicle_breakdown,120.0
Unknown,ORR North 1,,vehicle_breakdown,102.31517605
Unknown,Non-corridor,,pot_holes,120.0
Unknown,Non-corridor,,congestion,120.0
Unknown,Non-corridor,,vehicle_breakdown,120.0
Unknown,Mysore Road,,vehicle_breakdown,120.0
Unknown,Non-corridor,,vehicle_breakdown,120.0
Unknown,Bellary Road 2,,vehicle_breakdown,120.0
Unknown,Non-corridor,,vehicle_breakdown,41.372690049999996
Unknown,Magadi Road,,vehicle_breakdown,17.968402516666668
Unknown,Magadi Road,,vehicle_breakdown,21.802958333333333
Unknown,CBD 2,,vehicle_breakdown,120.0
Unknown,West of Chord Road,,vehicle_breakdown,120.0
Unknown,Non-corridor,,vehicle_breakdown,120.0
Unknown,Magadi Road,,vehicle_breakdown,23.663874933333332
Unknown,Mysore Road,,vehicle_breakdown,75.36809358333333
Unknown,Mysore Road,,vehicle_breakdown,58.13958933333333
Unknown,Magadi Road,,vehicle_breakdown,79.74376296666667
Unknown,Mysore Road,,vehicle_breakdown,94.79220713333333
Unknown,Non-corridor,,procession,120.0
Unknown,Non-corridor,,vehicle_breakdown,25.561851433333334
Unknown,Non-corridor,,vehicle_breakdown,161.71242263333335
Unknown,Non-corridor,,others,10.0
Unknown,Old Madras Road,,public_event,120.0
Unknown,Bellary Road 1,,vehicle_breakdown,120.0
Unknown,Tumkur Road,,vehicle_breakdown,50.01750633333334
Unknown,Non-corridor,,vehicle_breakdown,120.0
Unknown,Hosur Road,,vehicle_breakdown,68.04666115
Unknown,Old Madras Road,,public_event,120.0
Unknown,Bellary Road 1,,others,120.0
Unknown,Non-corridor,,vehicle_breakdown,120.0
Unknown,Old Madras Road,,public_event,120.0
Unknown,Bellary Road 1,,vehicle_breakdown,120.0
Unknown,Non-corridor,,construction,1440.0
Unknown,Non-corridor,,tree_fall,120.0
Unknown,Non-corridor,,others,120.0
Unknown,ORR North 2,,vehicle_breakdown,93.07605395
Unknown,Non-corridor,,vehicle_breakdown,10.0
Unknown,Hosur Road,,vehicle_breakdown,13.4008989
Unknown,Mysore Road,,vehicle_breakdown,90.53504385
Unknown,Bellary Road 2,,vehicle_breakdown,120.0
Unknown,Bellary Road 2,,others,1440.0
South Zone 1,Non-corridor,28thMainJayanagarJunc,pot_holes,1440.0
Unknown,Hosur Road,,water_logging,120.0
Unknown,Non-corridor,,vehicle_breakdown,11.603118716666668
Unknown,Bannerghata Road,,vehicle_breakdown,120.0
Unknown,ORR East 1,,vehicle_breakdown,10.9303683
Unknown,Non-corridor,,tree_fall,120.0
Unknown,Mysore Road,,vehicle_breakdown,99.55250774999999
Unknown,Non-corridor,,construction,120.0
Unknown,ORR North 1,,congestion,120.0
Unknown,ORR East 1,,water_logging,1440.0
Unknown,ORR East 2,,construction,120.0
Unknown,Bannerghata Road,,vehicle_breakdown,120.0
Unknown,Non-corridor,,vehicle_breakdown,13.157230550000001
Unknown,Hosur Road,,vehicle_breakdown,66.10073248333333
Unknown,ORR North 2,,construction,120.0
Unknown,Hosur Road,,vehicle_breakdown,71.50056616666667
Unknown,ORR North 1,,vehicle_breakdown,18.836651933333332
Unknown,Magadi Road,,road_conditions,120.0
Unknown,Tumkur Road,,vehicle_breakdown,120.0
Unknown,Bellary Road 1,,vehicle_breakdown,120.0
Unknown,Bellary Road 1,,vehicle_breakdown,120.0
Unknown,Non-corridor,,vehicle_breakdown,120.0
Unknown,Non-corridor,,vehicle_breakdown,120.0
Unknown,Non-corridor,,vehicle_breakdown,120.0
Unknown,Non-corridor,,road_conditions,1440.0
Unknown,Non-corridor,,vehicle_breakdown,120.0
Unknown,ORR North 1,,vehicle_breakdown,120.0
Unknown,Non-corridor,,construction,120.0
Unknown,Non-corridor,,vehicle_breakdown,117.39218681666667
Unknown,Non-corridor,,vehicle_breakdown,120.0
Unknown,Tumkur Road,,vehicle_breakdown,120.0
Unknown,Non-corridor,,others,533.57232925
Unknown,Non-corridor,,vehicle_breakdown,120.0
Unknown,Non-corridor,,vehicle_breakdown,120.0
Unknown,Non-corridor,,vehicle_breakdown,120.0
Unknown,ORR West 1,,vehicle_breakdown,120.0
Unknown,Bannerghata Road,,vehicle_breakdown,120.0
Unknown,Mysore Road,,vehicle_breakdown,120.0
Unknown,Bellary Road 1,,others,27.545034283333333
Unknown,Non-corridor,,vehicle_breakdown,120.0
Unknown,CBD 2,,others,1440.0
Unknown,Non-corridor,,vehicle_breakdown,10.638148583333333
Unknown,Non-corridor,,vehicle_breakdown,18.394525433333335
Unknown,Bellary Road 1,,others,99.88255601666667
Unknown,Non-corridor,,vehicle_breakdown,120.0
Unknown,Bellary Road 1,,vehicle_breakdown,120.0
Unknown,Non-corridor,,vehicle_breakdown,120.0
West Zone 1,ORR West 1,KatriguppeJunction,construction,1440.0
Unknown,Old Airport Road,,vehicle_breakdown,120.0
Unknown,Non-corridor,,vip_movement,120.0
Unknown,ORR North 2,,vehicle_breakdown,10.0
Unknown,Non-corridor,,tree_fall,16.6391068
Unknown,Bellary Road 1,,vehicle_breakdown,12.881734533333335
Unknown,Hosur Road,,vehicle_breakdown,131.09396868333334
North Zone 1,Non-corridor,SindhiColonyJunction,pot_holes,1440.0
Unknown,Non-corridor,,procession,120.0
Unknown,Non-corridor,,procession,19.304282750000002
Unknown,Bannerghata Road,,vehicle_breakdown,120.0
Unknown,ORR North 2,,congestion,120.0
Unknown,Bellary Road 1,,vehicle_breakdown,120.0
Unknown,Non-corridor,,vehicle_breakdown,120.0
Unknown,Hennur Main Road,,congestion,120.0
Unknown,Bellary Road 1,,vehicle_breakdown,120.0
Unknown,ORR East 1,,construction,1440.0
Unknown,Non-corridor,,vehicle_breakdown,30.11519236666667
Unknown,Bannerghata Road,,water_logging,120.0
Unknown,Non-corridor,,water_logging,120.0
Unknown,ORR North 1,,vehicle_breakdown,25.278318449999997
Unknown,Non-corridor,,construction,120.0
Unknown,Non-corridor,,vehicle_breakdown,18.72494986666667
Unknown,Bellary Road 1,,vehicle_breakdown,64.28767333333333
Unknown,Non-corridor,,vehicle_breakdown,120.0
Unknown,Non-corridor,,vehicle_breakdown,120.0
Unknown,CBD 1,,pot_holes,120.0
Unknown,Bellary Road 1,,vehicle_breakdown,120.0
Unknown,ORR East 2,,vehicle_breakdown,102.76117878333334
Unknown,CBD 2,,vehicle_breakdown,120.0
Unknown,ORR East 1,,vehicle_breakdown,120.0
Unknown,Bellary Road 2,SantheCircle,construction,1440.0
East Zone 1,ORR East 1,,tree_fall,120.0
Unknown,Magadi Road,,vehicle_breakdown,120.0
Unknown,Bellary Road 2,,vehicle_breakdown,120.0
Unknown,Hosur Road,,vehicle_breakdown,120.0
Unknown,Non-corridor,,others,120.0
Unknown,Non-corridor,,vip_movement,120.0
Unknown,West of Chord Road,,vehicle_breakdown,120.0
Unknown,Bellary Road 1,,vehicle_breakdown,18.805689683333334
Unknown,Mysore Road,,vehicle_breakdown,10.0
Unknown,CBD 2,,public_event,120.0
Unknown,Non-corridor,,vehicle_breakdown,120.0
Unknown,Bellary Road 1,,vehicle_breakdown,112.30525148333332
Unknown,CBD 2,,public_event,120.0
Unknown,Non-corridor,,vehicle_breakdown,120.0
Unknown,Non-corridor,,vip_movement,120.0
Unknown,Non-corridor,,vehicle_breakdown,120.0
Unknown,Non-corridor,,vip_movement,120.0
Unknown,Non-corridor,,vehicle_breakdown,120.0
Central Zone 2,Mysore Road,BangaloreBodyBuildersJunc,others,1440.0
Unknown,Old Airport Road,,others,66.22507335
Unknown,Non-corridor,,public_event,120.0
Unknown,Non-corridor,,vehicle_breakdown,120.0
West Zone 2,Non-corridor,NavarangBarJunc-Dr RajkumarRd,others,1440.0
Unknown,Non-corridor,,vehicle_breakdown,120.0
Unknown,Non-corridor,,vehicle_breakdown,70.09457578333333
Unknown,Non-corridor,,vehicle_breakdown,120.0
Unknown,Bellary Road 2,,vehicle_breakdown,120.0
Unknown,Magadi Road,,vehicle_breakdown,10.0
Unknown,Non-corridor,,vehicle_breakdown,120.0
Unknown,Non-corridor,,accident,120.0
Unknown,Non-corridor,,vehicle_breakdown,120.0
Unknown,Non-corridor,,vehicle_breakdown,61.030100583333336
Unknown,Mysore Road,,vehicle_breakdown,120.0
Unknown,Tumkur Road,,vehicle_breakdown,118.72338911666667
Unknown,Bellary Road 1,,tree_fall,20.54189726666667
Unknown,Mysore Road,,vehicle_breakdown,120.0
Unknown,Non-corridor,,vehicle_breakdown,15.591014699999999
Unknown,Non-corridor,,vehicle_breakdown,10.0
Unknown,Magadi Road,,vehicle_breakdown,15.929077366666666
Unknown,Non-corridor,,vehicle_breakdown,50.123021200000004
Unknown,Non-corridor,,vehicle_breakdown,42.71937091666667
Unknown,Old Madras Road,,vehicle_breakdown,120.0
Unknown,Tumkur Road,,vehicle_breakdown,66.27881596666667
Unknown,ORR West 1,,vehicle_breakdown,120.0
Unknown,Hosur Road,,vehicle_breakdown,120.0
Unknown,Non-corridor,,vehicle_breakdown,36.20208975
Unknown,Mysore Road,,vehicle_breakdown,120.0
Unknown,Non-corridor,,accident,120.0
Unknown,Hosur Road,,vehicle_breakdown,120.0
Unknown,ORR West 1,,vehicle_breakdown,120.0
Unknown,ORR East 2,,construction,120.0
Unknown,Mysore Road,,vehicle_breakdown,120.0
Unknown,Mysore Road,,others,1440.0
Unknown,Bellary Road 2,,vehicle_breakdown,117.76879753333333
Unknown,Bellary Road 1,,tree_fall,1440.0
Unknown,ORR East 2,,construction,120.0
Unknown,Non-corridor,,accident,120.0
Unknown,ORR East 1,,construction,1440.0
Unknown,Bellary Road 1,,vehicle_breakdown,10.0
Unknown,Tumkur Road,,vehicle_breakdown,43.37783213333333
Unknown,Bellary Road 1,,vehicle_breakdown,120.0
Unknown,Non-corridor,,vehicle_breakdown,120.0
Unknown,Non-corridor,,pot_holes,1440.0
Unknown,Non-corridor,,public_event,120.0
Unknown,Bellary Road 1,,vehicle_breakdown,120.0
Unknown,Bannerghata Road,,congestion,120.0
Unknown,ORR West 1,,vehicle_breakdown,120.0
Unknown,ORR North 1,,construction,1440.0
Unknown,West of Chord Road,,vehicle_breakdown,11.974767750000002
Unknown,Mysore Road,,vehicle_breakdown,120.0
Unknown,ORR North 2,,vehicle_breakdown,15.546527383333334
Unknown,Bellary Road 2,,vehicle_breakdown,120.0
Unknown,Bannerghata Road,,road_conditions,120.0
Unknown,ORR West 1,,others,1440.0
Unknown,ORR West 1,,vehicle_breakdown,120.0
Unknown,Mysore Road,,vehicle_breakdown,120.0
Unknown,Old Madras Road,,vehicle_breakdown,120.0
Unknown,Old Madras Road,,vehicle_breakdown,120.0
Unknown,Non-corridor,,vehicle_breakdown,120.0
Unknown,Non-corridor,,vehicle_breakdown,14.166123566666666
Unknown,Hennur Main Road,,others,120.0
Unknown,Mysore Road,,vehicle_breakdown,120.0
Unknown,Bellary Road 2,,vehicle_breakdown,120.0
Unknown,ORR North 1,,others,120.0
Unknown,ORR North 1,,congestion,72.70130863333334
Unknown,Non-corridor,,vehicle_breakdown,65.59525101666667
Unknown,Hennur Main Road,,vehicle_breakdown,14.030502116666666
Unknown,ORR North 1,,construction,120.0
Unknown,Bellary Road 1,,vehicle_breakdown,120.0
Unknown,Bellary Road 1,,vehicle_breakdown,10.0
Unknown,Non-corridor,,construction,120.0
Unknown,ORR West 1,,vehicle_breakdown,82.4944742
Unknown,Non-corridor,,vehicle_breakdown,120.0
Unknown,Bellary Road 1,,vehicle_breakdown,120.0
Unknown,Non-corridor,,vehicle_breakdown,16.363326316666665
Unknown,Non-corridor,,road_conditions,120.0
Unknown,Bellary Road 1,,vehicle_breakdown,120.0
Unknown,Non-corridor,,vehicle_breakdown,10.0
Unknown,ORR North 2,,accident,10.0
Unknown,Bellary Road 1,,road_conditions,175.50373811666665
Unknown,Non-corridor,,vehicle_breakdown,122.89680243333333
Unknown,Non-corridor,,vehicle_breakdown,153.20900648333333
Unknown,Bellary Road 1,,vehicle_breakdown,120.0
Unknown,Mysore Road,,vehicle_breakdown,94.07856273333333
Unknown,ORR East 2,,vehicle_breakdown,120.0
Unknown,ORR West 1,,vehicle_breakdown,120.0
Unknown,Bellary Road 1,,vehicle_breakdown,20.718708183333334
Unknown,Non-corridor,,pot_holes,1440.0
Unknown,Non-corridor,,vehicle_breakdown,120.0
Unknown,Mysore Road,,vehicle_breakdown,120.0
Unknown,Non-corridor,,pot_holes,120.0
Unknown,ORR North 2,,vehicle_breakdown,120.0
Unknown,ORR North 2,,vehicle_breakdown,120.0
Unknown,IRR(Thanisandra road),,pot_holes,120.0
Unknown,Bellary Road 1,,accident,120.0
Unknown,Bellary Road 1,,vehicle_breakdown,120.0
Unknown,ORR West 1,,vehicle_breakdown,120.0
Unknown,ORR North 2,,vehicle_breakdown,107.86730428333334
Unknown,IRR(Thanisandra road),,pot_holes,120.0
Unknown,Non-corridor,,vehicle_breakdown,120.0
Unknown,Non-corridor,,vehicle_breakdown,120.0
Unknown,Hennur Main Road,,congestion,120.0
Unknown,Non-corridor,,vehicle_breakdown,120.0
Unknown,Bellary Road 1,,accident,120.0
Unknown,ORR North 2,,congestion,120.0
Unknown,Non-corridor,,vehicle_breakdown,38.377358533333336
Unknown,Bellary Road 2,,vehicle_breakdown,120.0
Unknown,Mysore Road,,vehicle_breakdown,120.0
Unknown,Bannerghata Road,,vehicle_breakdown,27.85295405
Unknown,Non-corridor,,vehicle_breakdown,112.04517458333333
Unknown,Non-corridor,,public_event,120.0
Unknown,Non-corridor,,vehicle_breakdown,120.0
Unknown,Non-corridor,,vehicle_breakdown,120.0
Unknown,Bellary Road 1,,vehicle_breakdown,120.0
Unknown,Non-corridor,,vehicle_breakdown,120.0
Unknown,Tumkur Road,,vehicle_breakdown,120.0
Unknown,Non-corridor,,vehicle_breakdown,120.0
Unknown,Non-corridor,,vehicle_breakdown,120.0
Unknown,Mysore Road,,vehicle_breakdown,39.481431066666666
Unknown,Non-corridor,,vehicle_breakdown,120.0
Unknown,Bellary Road 1,,vehicle_breakdown,120.0
Unknown,Non-corridor,,vehicle_breakdown,10.010460816666667
Unknown,IRR(Thanisandra road),,vehicle_breakdown,120.0
Unknown,Varthur Road,,vehicle_breakdown,120.0
Unknown,ORR East 2,,construction,120.0
Unknown,Non-corridor,,vehicle_breakdown,15.370875883333333
Unknown,Non-corridor,,vehicle_breakdown,120.0
Unknown,Non-corridor,,construction,120.0
Unknown,Non-corridor,,vehicle_breakdown,120.0
Unknown,Non-corridor,,accident,45.76001521666667
Unknown,Non-corridor,,water_logging,1440.0
Unknown,ORR East 1,,others,83.30453795
Unknown,Bellary Road 2,,vehicle_breakdown,120.0
Unknown,Old Madras Road,,accident,120.0
Unknown,Non-corridor,,pot_holes,120.0
Unknown,Non-corridor,,others,10.0
Unknown,Airport New South Road,,pot_holes,1440.0
Unknown,Non-corridor,,road_conditions,566.6772309666667
Unknown,ORR East 2,,construction,120.0
Unknown,Non-corridor,,vehicle_breakdown,120.0
Unknown,Non-corridor,,accident,120.0
Unknown,West of Chord Road,,vehicle_breakdown,120.0
Unknown,Non-corridor,,vehicle_breakdown,120.0
Unknown,Tumkur Road,,vehicle_breakdown,120.0
Unknown,CBD 1,,pot_holes,1440.0
Unknown,Old Madras Road,,vehicle_breakdown,120.0
Unknown,ORR West 1,,others,69.93633795000001
Unknown,Mysore Road,,vehicle_breakdown,57.164526783333336
Unknown,ORR North 2,,vehicle_breakdown,12.689850833333333
Unknown,Varthur Road,,construction,120.0
Unknown,Non-corridor,,others,120.0
Unknown,Non-corridor,,vehicle_breakdown,120.0
Unknown,ORR West 1,,vehicle_breakdown,12.721911633333333
Unknown,Tumkur Road,,vehicle_breakdown,60.872188933333334
Unknown,ORR North 2,,vehicle_breakdown,120.0
Unknown,Non-corridor,,pot_holes,120.0
Unknown,Magadi Road,,vehicle_breakdown,120.0
Unknown,Old Madras Road,,vehicle_breakdown,120.0
Unknown,Magadi Road,,vehicle_breakdown,120.0
Unknown,ORR North 1,,construction,120.0
Unknown,Non-corridor,,vehicle_breakdown,55.578412783333334
Unknown,ORR North 2,,vehicle_breakdown,24.837310600000002
Unknown,ORR East 1,,vehicle_breakdown,120.0
Unknown,Magadi Road,,vehicle_breakdown,53.36274408333334
Unknown,Non-corridor,,vehicle_breakdown,26.506782533333332
Unknown,Non-corridor,,pot_holes,120.0
Unknown,Old Airport Road,,vip_movement,120.0
Unknown,Non-corridor,,vehicle_breakdown,26.544809666666666
Unknown,Old Madras Road,,vehicle_breakdown,120.0
Unknown,ORR East 1,,vehicle_breakdown,120.0
Unknown,Mysore Road,,vehicle_breakdown,51.91649708333333
Unknown,Bellary Road 1,,vehicle_breakdown,120.0
Unknown,Mysore Road,,vehicle_breakdown,68.26804354999999
Unknown,Non-corridor,,construction,10.0
Unknown,Non-corridor,,procession,120.0
Unknown,Tumkur Road,,vehicle_breakdown,120.0
Unknown,ORR North 2,,vehicle_breakdown,120.0
Unknown,Bellary Road 1,,vehicle_breakdown,120.0
Unknown,IRR(Thanisandra road),,vehicle_breakdown,120.0
Unknown,Non-corridor,,vehicle_breakdown,43.907065366666664
Unknown,Mysore Road,,vehicle_breakdown,120.0
Unknown,Non-corridor,,vehicle_breakdown,10.0
Unknown,CBD 1,,vehicle_breakdown,13.161401233333333
Unknown,Bannerghata Road,,others,28.348933666666667
Unknown,Mysore Road,,vehicle_breakdown,120.0
Unknown,Non-corridor,,vehicle_breakdown,120.0
Central Zone 2,Magadi Road,LeprosyhospitalJunc,others,1440.0
Unknown,Airport New South Road,,vehicle_breakdown,120.0
Unknown,Non-corridor,,pot_holes,1440.0
Unknown,ORR North 2,,vehicle_breakdown,120.0
Unknown,Tumkur Road,,vehicle_breakdown,120.0
Unknown,ORR North 2,,congestion,120.0
Unknown,Mysore Road,,vehicle_breakdown,120.0
Unknown,Non-corridor,,vehicle_breakdown,120.0
Unknown,Non-corridor,,vehicle_breakdown,20.946314283333333
Unknown,Non-corridor,,vehicle_breakdown,120.0
Unknown,Non-corridor,,vehicle_breakdown,120.0
Unknown,ORR West 1,,vehicle_breakdown,54.41555578333334
Unknown,Magadi Road,,vehicle_breakdown,120.0
Unknown,Hennur Main Road,,water_logging,120.0
Unknown,Non-corridor,,vehicle_breakdown,120.0
Unknown,Bellary Road 1,,vehicle_breakdown,27.87250365
Unknown,Non-corridor,,vehicle_breakdown,120.0
Unknown,ORR East 2,,construction,120.0
Unknown,ORR East 2,,vehicle_breakdown,120.0
Unknown,Non-corridor,,vip_movement,120.0
Unknown,Magadi Road,,others,55.317655916666666
Unknown,Tumkur Road,,vehicle_breakdown,120.0
Unknown,Bannerghata Road,,vehicle_breakdown,120.0
Unknown,Bellary Road 1,,vehicle_breakdown,120.0
Unknown,Non-corridor,,vehicle_breakdown,120.0
Unknown,Bellary Road 1,,vehicle_breakdown,120.0
Unknown,Hosur Road,,vehicle_breakdown,70.40309615
Unknown,ORR East 1,,vehicle_breakdown,64.34689078333334
Unknown,Non-corridor,,vehicle_breakdown,120.0
Unknown,ORR West 1,,water_logging,245.19777885
Unknown,Bannerghata Road,,vehicle_breakdown,120.0
Unknown,Hosur Road,,vehicle_breakdown,120.0
Unknown,ORR North 2,,vehicle_breakdown,120.0
Unknown,Old Madras Road,,vehicle_breakdown,120.0
Unknown,Hosur Road,,vehicle_breakdown,18.99817295
Unknown,Hennur Main Road,,others,1440.0
Unknown,Magadi Road,,road_conditions,1440.0
Unknown,Old Madras Road,,vehicle_breakdown,10.0
Unknown,Non-corridor,,vehicle_breakdown,120.0
Unknown,Mysore Road,,vehicle_breakdown,120.0
Unknown,ORR North 2,,congestion,120.0
Unknown,ORR North 2,,vehicle_breakdown,120.0
Unknown,Non-corridor,,vehicle_breakdown,120.0
Unknown,Mysore Road,,vehicle_breakdown,77.41273774999999
Unknown,Non-corridor,,others,120.0
Unknown,Old Airport Road,,vehicle_breakdown,69.93821856666666
Unknown,Old Madras Road,,vehicle_breakdown,120.0
Unknown,ORR East 1,,vehicle_breakdown,120.0
Unknown,Non-corridor,,vip_movement,120.0
Unknown,Non-corridor,,vehicle_breakdown,120.0
Unknown,Non-corridor,,vehicle_breakdown,120.0
Unknown,West of Chord Road,,vehicle_breakdown,35.05276381666667
Unknown,Non-corridor,,accident,52.07746276666667
Unknown,ORR East 2,,construction,120.0
Unknown,Non-corridor,,construction,1440.0
Unknown,Non-corridor,,construction,1440.0
Unknown,Non-corridor,,others,17.6889574
Unknown,Non-corridor,,vip_movement,120.0
Unknown,Non-corridor,,accident,120.0
Unknown,Non-corridor,,vehicle_breakdown,120.0
Unknown,ORR West 1,,others,13.282436566666666
Unknown,Tumkur Road,,vehicle_breakdown,120.0
Unknown,Non-corridor,,vehicle_breakdown,33.299465850000004
Unknown,Tumkur Road,,vehicle_breakdown,64.56195151666667
Unknown,Hosur Road,,vehicle_breakdown,35.21883235
Unknown,Non-corridor,,others,31.519939366666666
Unknown,Tumkur Road,,construction,120.0
Unknown,Hennur Main Road,,congestion,108.22733615
Unknown,Mysore Road,,vehicle_breakdown,120.0
Unknown,Non-corridor,,vehicle_breakdown,120.0
Unknown,Mysore Road,,vehicle_breakdown,120.0
Unknown,Mysore Road,,vehicle_breakdown,10.0
Unknown,Mysore Road,,vehicle_breakdown,57.2864581
Unknown,Mysore Road,,vehicle_breakdown,120.0
Unknown,Bannerghata Road,,vehicle_breakdown,61.725270716666664
Unknown,Non-corridor,,vehicle_breakdown,120.0
Unknown,Mysore Road,,vehicle_breakdown,120.0
Unknown,Non-corridor,,vehicle_breakdown,144.07803846666667
Unknown,Non-corridor,,vehicle_breakdown,120.0
Unknown,Bellary Road 1,,vehicle_breakdown,120.0
Unknown,Mysore Road,,others,10.0
Unknown,Mysore Road,,vehicle_breakdown,10.0
Unknown,Bellary Road 1,,vehicle_breakdown,95.13714321666666
Unknown,Bellary Road 2,,vehicle_breakdown,36.75851303333333
Unknown,Mysore Road,,vehicle_breakdown,135.56645735
Unknown,ORR North 2,,vehicle_breakdown,175.78652098333333
Unknown,ORR North 2,,vehicle_breakdown,120.0
Unknown,Non-corridor,,vehicle_breakdown,120.0
Unknown,Non-corridor,,construction,120.0
Unknown,Non-corridor,,vehicle_breakdown,10.0
Unknown,ORR North 2,,vehicle_breakdown,120.0
Unknown,Mysore Road,,vehicle_breakdown,13.030755666666666
Unknown,Magadi Road,,vehicle_breakdown,29.79472086666667
Unknown,Mysore Road,,vip_movement,120.0
Unknown,Non-corridor,,vehicle_breakdown,120.0
South Zone 2,Bannerghata Road,HulimaveRd-BanneraghattaRdJunc,pot_holes,1440.0
Unknown,Bellary Road 1,,vehicle_breakdown,23.743930483333333
Unknown,Tumkur Road,,vehicle_breakdown,50.50448333333333
Unknown,Tumkur Road,,vehicle_breakdown,29.0898873
South Zone 2,Bannerghata Road,ArakereGateJunc,pot_holes,1440.0
Unknown,Non-corridor,,vehicle_breakdown,120.0
Unknown,Magadi Road,,vehicle_breakdown,120.0
Unknown,Non-corridor,,vip_movement,120.0
Unknown,Magadi Road,,procession,120.0
Unknown,Bellary Road 2,,vehicle_breakdown,120.0
Unknown,Non-corridor,,congestion,120.0
Unknown,CBD 2,,vehicle_breakdown,15.373663483333333
Unknown,Bannerghata Road,,vehicle_breakdown,120.0
Unknown,Bannerghata Road,,vehicle_breakdown,120.0
Unknown,ORR North 1,,accident,120.0
Unknown,ORR North 2,,vehicle_breakdown,120.0
Unknown,CBD 2,,public_event,120.0
Unknown,Tumkur Road,,others,120.0
Unknown,Hosur Road,,vehicle_breakdown,88.63287516666666
Unknown,Mysore Road,,vehicle_breakdown,85.63499211666667
Unknown,Bellary Road 1,,vehicle_breakdown,120.0
Unknown,ORR West 1,,vehicle_breakdown,120.0
Unknown,Non-corridor,,vehicle_breakdown,120.0
Unknown,Mysore Road,,vehicle_breakdown,120.0
Unknown,Hennur Main Road,,vehicle_breakdown,120.0
Unknown,Hosur Road,,vehicle_breakdown,120.0
Unknown,Non-corridor,,accident,31.814843783333334
Unknown,Non-corridor,,vehicle_breakdown,16.525977933333333
Unknown,Non-corridor,,congestion,120.0
Unknown,Airport New South Road,,vehicle_breakdown,120.0
Unknown,Magadi Road,,others,1440.0
Unknown,Bellary Road 1,,others,120.0
Unknown,Bellary Road 1,,others,120.0
Unknown,Tumkur Road,,protest,120.0
Unknown,Non-corridor,,water_logging,1440.0
Unknown,Bellary Road 2,,vehicle_breakdown,120.0
Unknown,Mysore Road,,vip_movement,120.0
Unknown,West of Chord Road,,road_conditions,1440.0
Unknown,Bellary Road 2,,vehicle_breakdown,120.0
Unknown,Mysore Road,,vehicle_breakdown,120.0
Unknown,ORR East 1,,vehicle_breakdown,120.0
Unknown,Tumkur Road,,vehicle_breakdown,120.0
Unknown,Non-corridor,,vehicle_breakdown,120.0
Unknown,Mysore Road,,vip_movement,120.0
Unknown,Bellary Road 1,,vehicle_breakdown,120.0
Unknown,Non-corridor,,vip_movement,120.0
West Zone 2,Non-corridor,NavarangBarJunc-Dr RajkumarRd,construction,120.0
Unknown,IRR(Thanisandra road),,pot_holes,120.0
Unknown,ORR East 2,,vehicle_breakdown,10.0
Unknown,Non-corridor,,others,120.0
Unknown,Tumkur Road,,vehicle_breakdown,71.25627258333334
Unknown,Non-corridor,,vehicle_breakdown,120.0
Unknown,Non-corridor,,tree_fall,1440.0
Unknown,Non-corridor,,vehicle_breakdown,66.43240593333333
Unknown,ORR East 2,,construction,120.0
Unknown,Non-corridor,,others,17.762820299999998
Unknown,ORR North 2,,vehicle_breakdown,120.0
Unknown,Bellary Road 2,,vehicle_breakdown,120.0
Unknown,Non-corridor,,vehicle_breakdown,120.0
Unknown,Non-corridor,,pot_holes,120.0
Unknown,Bannerghata Road,,tree_fall,120.0
Unknown,Non-corridor,,others,120.0
Unknown,ORR North 1,,vehicle_breakdown,120.0
Unknown,Non-corridor,,vehicle_breakdown,120.0
Unknown,Non-corridor,,vehicle_breakdown,120.0
Unknown,Tumkur Road,,vehicle_breakdown,120.0
Unknown,Non-corridor,,others,60.46577085
Unknown,Non-corridor,,construction,120.0
Unknown,Mysore Road,,vehicle_breakdown,112.05360535
Unknown,Non-corridor,,vehicle_breakdown,55.35562983333333
Unknown,Mysore Road,,vehicle_breakdown,120.0
Unknown,Non-corridor,,vehicle_breakdown,120.0
Unknown,Bellary Road 1,,vehicle_breakdown,146.3850152
Unknown,Hennur Main Road,,vehicle_breakdown,120.0
Unknown,Non-corridor,,vehicle_breakdown,120.0
Unknown,Magadi Road,,vehicle_breakdown,120.0
Unknown,Tumkur Road,,vehicle_breakdown,120.0
Unknown,Magadi Road,,vehicle_breakdown,120.0
Unknown,Tumkur Road,,vehicle_breakdown,120.0
Unknown,Non-corridor,,vip_movement,120.0
Unknown,Bannerghata Road,,vehicle_breakdown,86.29304546666667
Unknown,Magadi Road,,pot_holes,1440.0
Unknown,Non-corridor,,vip_movement,120.0
Unknown,Tumkur Road,,vehicle_breakdown,120.0
Unknown,Mysore Road,,vehicle_breakdown,120.0
Unknown,Mysore Road,,vip_movement,120.0
Unknown,ORR East 2,,vehicle_breakdown,120.0
Unknown,Non-corridor,,construction,120.0
Unknown,Non-corridor,,tree_fall,120.0
Unknown,ORR North 1,,vehicle_breakdown,120.0
Unknown,Tumkur Road,,vehicle_breakdown,120.0
Unknown,Tumkur Road,,vehicle_breakdown,120.0
Unknown,Non-corridor,,vehicle_breakdown,120.0
Unknown,Mysore Road,,vehicle_breakdown,110.00090083333333
Unknown,Hennur Main Road,,congestion,115.77675745
Unknown,Non-corridor,,vehicle_breakdown,120.0
Unknown,West of Chord Road,,vehicle_breakdown,43.553649566666664
Unknown,Bellary Road 2,,vehicle_breakdown,120.0
Unknown,Tumkur Road,,vehicle_breakdown,10.0
Unknown,Mysore Road,,procession,120.0
Unknown,Non-corridor,,vehicle_breakdown,10.0
Unknown,Non-corridor,,vehicle_breakdown,120.0
Unknown,Bellary Road 1,,accident,120.0
Unknown,Mysore Road,,accident,39.028780866666665
Unknown,Bellary Road 2,SantheCircle,construction,1440.0
Unknown,Non-corridor,,vehicle_breakdown,120.0
Unknown,ORR North 2,,congestion,120.0
Unknown,Tumkur Road,,vehicle_breakdown,120.0
Unknown,ORR West 1,,vehicle_breakdown,120.0
Unknown,Tumkur Road,,vehicle_breakdown,10.0
Unknown,Bellary Road 2,,vehicle_breakdown,105.73423235
Unknown,Tumkur Road,,vehicle_breakdown,120.0
Unknown,Non-corridor,,vehicle_breakdown,120.0
Unknown,Bannerghata Road,,vehicle_breakdown,120.0
Unknown,Bellary Road 1,,vehicle_breakdown,120.0
Unknown,ORR East 1,,vehicle_breakdown,82.21110071666666
Unknown,Tumkur Road,,vehicle_breakdown,120.0
Unknown,Bannerghata Road,,vehicle_breakdown,120.0
Unknown,Non-corridor,,vehicle_breakdown,120.0
Unknown,ORR North 1,,accident,41.37271345
Unknown,Old Madras Road,,construction,120.0
Unknown,Magadi Road,,vehicle_breakdown,120.0
Unknown,Non-corridor,,construction,1381.6930457333333
Unknown,Bellary Road 2,,vehicle_breakdown,120.0
Unknown,Non-corridor,,accident,120.0
Unknown,ORR East 2,,construction,120.0
Unknown,Non-corridor,,accident,41.838232833333336
Unknown,Magadi Road,,vehicle_breakdown,120.0
Unknown,Tumkur Road,,vehicle_breakdown,22.2301904
Unknown,Non-corridor,,vehicle_breakdown,120.0
Unknown,Hennur Main Road,,congestion,120.0
Unknown,Non-corridor,,construction,120.0
Unknown,Old Madras Road,,vehicle_breakdown,120.0
Unknown,ORR East 2,,construction,120.0
Unknown,Non-corridor,,water_logging,123.31325763333332
Unknown,Non-corridor,,pot_holes,1440.0
Unknown,Non-corridor,,pot_holes,1440.0
Unknown,Non-corridor,,others,15.814499816666666
Unknown,Non-corridor,,procession,120.0
Unknown,Non-corridor,,others,1440.0
Unknown,ORR North 2,,vehicle_breakdown,120.0
Unknown,Mysore Road,,others,1440.0
Unknown,Bellary Road 1,,vehicle_breakdown,120.0
Unknown,Non-corridor,,others,120.0
Unknown,Bellary Road 1,,vehicle_breakdown,120.0
Unknown,Tumkur Road,,vehicle_breakdown,120.0
Unknown,Old Airport Road,,construction,1440.0
Unknown,Hennur Main Road,,vehicle_breakdown,120.0
Unknown,Non-corridor,,vehicle_breakdown,10.0
Unknown,Airport New South Road,,accident,68.80150233333333
Unknown,ORR North 1,,vehicle_breakdown,120.0
Unknown,Bellary Road 2,,vehicle_breakdown,120.0
Unknown,Mysore Road,,vehicle_breakdown,120.0
Unknown,Bellary Road 1,,vehicle_breakdown,120.0
Unknown,Mysore Road,,vehicle_breakdown,111.61205211666667
Unknown,Magadi Road,,road_conditions,1440.0
Unknown,Mysore Road,,vehicle_breakdown,120.0
Unknown,Old Airport Road,,vehicle_breakdown,120.0
Unknown,Mysore Road,,accident,120.0
Unknown,Mysore Road,,vehicle_breakdown,125.65330900000001
Unknown,IRR(Thanisandra road),,others,120.0
Unknown,Mysore Road,,vehicle_breakdown,120.0
Unknown,Non-corridor,,vehicle_breakdown,38.49233733333333
Unknown,Non-corridor,,vehicle_breakdown,120.0
Unknown,IRR(Thanisandra road),,vehicle_breakdown,91.30090236666666
Unknown,Non-corridor,,tree_fall,1440.0
Unknown,Non-corridor,,vehicle_breakdown,120.0
Unknown,Mysore Road,,vehicle_breakdown,120.0
Unknown,Mysore Road,,vehicle_breakdown,120.0
Unknown,Bannerghata Road,,vehicle_breakdown,120.0
Unknown,Bannerghata Road,,pot_holes,1440.0
Unknown,Non-corridor,,vehicle_breakdown,120.0
Unknown,Non-corridor,,vehicle_breakdown,19.639472016666666
Unknown,Bellary Road 2,,vehicle_breakdown,59.57834488333333
Unknown,Hosur Road,,vehicle_breakdown,120.0
Unknown,Non-corridor,,vehicle_breakdown,120.0
Unknown,Non-corridor,,vehicle_breakdown,120.0
Unknown,ORR North 2,,congestion,120.0
Unknown,Non-corridor,,vehicle_breakdown,120.0
Unknown,Tumkur Road,,vehicle_breakdown,12.384581016666667
Unknown,Bellary Road 1,,vehicle_breakdown,120.0
Unknown,Non-corridor,,others,120.0
Unknown,Bannerghata Road,,vehicle_breakdown,16.992135533333332
Unknown,West of Chord Road,,vehicle_breakdown,120.0
Unknown,Non-corridor,,vehicle_breakdown,13.267902833333332
Unknown,Bellary Road 1,,vehicle_breakdown,120.0
Unknown,Non-corridor,,vehicle_breakdown,120.0
Unknown,Bellary Road 2,,vehicle_breakdown,25.298768399999997
Unknown,Hosur Road,,vehicle_breakdown,10.0
Unknown,Non-corridor,,accident,120.0
Unknown,Mysore Road,,vehicle_breakdown,120.0
Unknown,Mysore Road,,vehicle_breakdown,120.0
Unknown,Non-corridor,,vehicle_breakdown,120.0
Unknown,Hosur Road,,vehicle_breakdown,120.0
Unknown,Non-corridor,,vehicle_breakdown,120.0
Unknown,Non-corridor,,vehicle_breakdown,25.79376715
Unknown,ORR East 2,,construction,120.0
Unknown,Non-corridor,,pot_holes,120.0
Unknown,Hosur Road,,vehicle_breakdown,12.6312672
Unknown,Tumkur Road,,vehicle_breakdown,16.656762166666667
Unknown,Non-corridor,,construction,1311.6875813333331
Unknown,Non-corridor,,vehicle_breakdown,120.0
Unknown,Hennur Main Road,,others,1440.0
Unknown,Non-corridor,,vehicle_breakdown,10.0
Unknown,Old Madras Road,,vehicle_breakdown,120.0
Unknown,Mysore Road,,vehicle_breakdown,45.96836663333333
Unknown,ORR East 2,,vehicle_breakdown,42.19713446666666
Unknown,Non-corridor,,vehicle_breakdown,54.65853513333333
Unknown,Airport New South Road,,tree_fall,120.0
Unknown,Tumkur Road,,vehicle_breakdown,67.62782723333333
Unknown,Non-corridor,,vehicle_breakdown,120.0
Unknown,Non-corridor,,vehicle_breakdown,120.0
Unknown,ORR North 1,,vehicle_breakdown,120.0
Unknown,Mysore Road,,vehicle_breakdown,120.0
Unknown,Mysore Road,,vehicle_breakdown,120.0
Unknown,Magadi Road,,vehicle_breakdown,120.0
Unknown,Magadi Road,,vehicle_breakdown,120.0
Unknown,ORR North 1,,vehicle_breakdown,120.0
Unknown,Bellary Road 1,,others,122.96864301666666
Unknown,Old Airport Road,,vehicle_breakdown,113.27622685
Unknown,ORR North 2,,construction,120.0
Unknown,Non-corridor,,vehicle_breakdown,120.0
Unknown,Non-corridor,,vehicle_breakdown,120.0
Unknown,Tumkur Road,,vehicle_breakdown,66.48960311666666
Unknown,Tumkur Road,,water_logging,120.0
Unknown,Mysore Road,,vehicle_breakdown,79.15418580000001
Unknown,Non-corridor,,vehicle_breakdown,120.0
Unknown,Non-corridor,,road_conditions,120.0
Unknown,Bellary Road 2,,accident,22.644470733333332
Unknown,Non-corridor,,vehicle_breakdown,95.58107615
Unknown,Non-corridor,,others,10.0
Unknown,Magadi Road,,vehicle_breakdown,120.0
Unknown,Hennur Main Road,,congestion,120.0
Unknown,Bannerghata Road,,vehicle_breakdown,35.7911427
Unknown,ORR West 1,,vehicle_breakdown,120.0
Unknown,Tumkur Road,,vehicle_breakdown,84.46969001666666
Unknown,Non-corridor,,vehicle_breakdown,120.0
Unknown,Hosur Road,,vehicle_breakdown,14.2335291
Unknown,Old Madras Road,,vehicle_breakdown,33.554378899999996
Unknown,Bannerghata Road,,vehicle_breakdown,120.0
Unknown,Bannerghata Road,,procession,120.0
Unknown,Varthur Road,,vehicle_breakdown,30.59855698333333
Unknown,ORR North 2,,congestion,120.0
Unknown,Hennur Main Road,,congestion,120.0
Unknown,Old Madras Road,,vehicle_breakdown,120.0
Unknown,Non-corridor,,vehicle_breakdown,120.0
Unknown,Bellary Road 1,,vehicle_breakdown,120.0
Unknown,Hosur Road,,vehicle_breakdown,120.0
Unknown,Hosur Road,,vehicle_breakdown,59.47093031666667
Unknown,Non-corridor,,vehicle_breakdown,28.422718233333335
Unknown,Non-corridor,,vehicle_breakdown,46.03317931666666
Unknown,Tumkur Road,,vehicle_breakdown,105.15403339999999
Unknown,Non-corridor,,construction,120.0
Unknown,Varthur Road,,construction,120.0
Unknown,Mysore Road,,vehicle_breakdown,97.20824538333333
Unknown,Bellary Road 2,,vehicle_breakdown,35.270044866666666
Unknown,West of Chord Road,,vehicle_breakdown,120.0
Unknown,Non-corridor,,vehicle_breakdown,120.0
Unknown,Mysore Road,,vehicle_breakdown,24.78094095
Unknown,Old Madras Road,,vehicle_breakdown,120.0
Unknown,Non-corridor,,vehicle_breakdown,103.95695343333334
Unknown,Mysore Road,,others,1440.0
Unknown,Hosur Road,,vehicle_breakdown,120.0
Unknown,ORR North 1,,vehicle_breakdown,76.73107366666666
Unknown,Bellary Road 1,,vehicle_breakdown,25.963968299999998
Unknown,ORR North 2,,vehicle_breakdown,120.0
Unknown,Tumkur Road,,vehicle_breakdown,47.135134183333335
Unknown,Non-corridor,,others,1440.0
Unknown,Non-corridor,,vehicle_breakdown,120.0
Unknown,Bellary Road 1,,accident,52.424526316666665
Unknown,ORR East 2,,accident,120.0
Unknown,ORR East 1,,vehicle_breakdown,120.0
Unknown,Hosur Road,,vehicle_breakdown,21.590795766666666
Unknown,ORR East 2,,construction,120.0
Unknown,Non-corridor,,others,120.0
Unknown,Non-corridor,,vehicle_breakdown,120.0
Unknown,Non-corridor,,vehicle_breakdown,120.0
Unknown,Non-corridor,,vehicle_breakdown,149.32047236666668
Unknown,ORR West 1,,vehicle_breakdown,21.186916433333334
Unknown,Old Madras Road,,vehicle_breakdown,64.23054711666667
Unknown,Non-corridor,,vehicle_breakdown,120.0
Unknown,Non-corridor,,vehicle_breakdown,120.0
Unknown,Non-corridor,,procession,10.0
Unknown,CBD 2,,others,120.0
Unknown,Non-corridor,,vehicle_breakdown,120.0
Unknown,Bellary Road 2,,road_conditions,1440.0
Unknown,ORR East 2,,others,120.0
Unknown,IRR(Thanisandra road),,pot_holes,120.0
Unknown,West of Chord Road,,vehicle_breakdown,120.0
Unknown,ORR East 1,,vehicle_breakdown,10.150801150000001
Unknown,Mysore Road,,vehicle_breakdown,120.0
Unknown,Non-corridor,,tree_fall,1440.0
Unknown,ORR East 1,,vehicle_breakdown,146.0768349
Unknown,Magadi Road,,vehicle_breakdown,120.0
Unknown,Hosur Road,,vehicle_breakdown,120.0
Unknown,Non-corridor,,vehicle_breakdown,73.34186823333333
Unknown,ORR North 2,,vehicle_breakdown,120.0
Unknown,Non-corridor,,vehicle_breakdown,120.0
Unknown,Non-corridor,,vehicle_breakdown,56.471942150000004
Unknown,Bellary Road 2,,vehicle_breakdown,120.0
Unknown,Tumkur Road,,vehicle_breakdown,120.0
Unknown,Mysore Road,,vehicle_breakdown,120.0
Unknown,Non-corridor,,vehicle_breakdown,120.0
Unknown,Non-corridor,,pot_holes,120.0
Unknown,Mysore Road,,vehicle_breakdown,63.264801049999996
Unknown,Non-corridor,,vehicle_breakdown,120.0
Unknown,Mysore Road,,vehicle_breakdown,10.0
Unknown,Non-corridor,,vehicle_breakdown,120.0
Unknown,Bannerghata Road,,vehicle_breakdown,120.0
Unknown,ORR East 1,,vehicle_breakdown,120.0
Unknown,Hennur Main Road,,procession,120.0
Unknown,Non-corridor,,vehicle_breakdown,111.59204438333333
Unknown,Varthur Road,,others,99.1271216
Unknown,Hennur Main Road,,vehicle_breakdown,46.373055349999994
Unknown,Non-corridor,,tree_fall,16.442733933333333
Unknown,Non-corridor,,vehicle_breakdown,48.24556945
Unknown,ORR North 1,,vehicle_breakdown,120.0
Unknown,ORR North 1,,others,120.0
Unknown,Hennur Main Road,,congestion,120.0
Unknown,Non-corridor,,vehicle_breakdown,23.094677766666667
Unknown,Magadi Road,,procession,120.0
Unknown,Old Madras Road,,vehicle_breakdown,10.697492350000001
Unknown,Bellary Road 2,,vehicle_breakdown,61.77526506666666
Unknown,Old Airport Road,,vehicle_breakdown,120.0
Unknown,ORR North 2,,congestion,120.0
Unknown,ORR North 1,,vehicle_breakdown,120.0
Unknown,Old Airport Road,,accident,120.0
Unknown,ORR North 2,,congestion,120.0
Unknown,Non-corridor,,vehicle_breakdown,120.0
Unknown,Hosur Road,,vehicle_breakdown,89.98981611666666
Unknown,Bellary Road 1,,vehicle_breakdown,120.0
Unknown,Hosur Road,,vehicle_breakdown,120.0
Unknown,Mysore Road,,vehicle_breakdown,44.60061098333333
Unknown,West of Chord Road,,pot_holes,120.0
Unknown,ORR North 1,,vehicle_breakdown,120.0
Unknown,West of Chord Road,,pot_holes,120.0
Unknown,Non-corridor,,vehicle_breakdown,102.37431906666667
Unknown,Hosur Road,,others,330.18084595
Unknown,ORR East 2,,construction,120.0
Unknown,Tumkur Road,,tree_fall,239.99684209999998
Unknown,Bellary Road 1,,construction,1440.0
Unknown,Tumkur Road,,vehicle_breakdown,120.0
Unknown,Bellary Road 2,,vehicle_breakdown,120.0
Unknown,Bellary Road 2,,pot_holes,120.0
Unknown,ORR North 2,,vehicle_breakdown,83.04273458333334
Unknown,Bellary Road 1,,vehicle_breakdown,120.0
Unknown,ORR West 1,,vehicle_breakdown,120.0
Unknown,Bellary Road 1,,vehicle_breakdown,120.0
Unknown,ORR East 2,,construction,120.0
Unknown,Mysore Road,,vehicle_breakdown,17.988405883333332
Unknown,Non-corridor,,vehicle_breakdown,120.0
Unknown,Tumkur Road,,vehicle_breakdown,120.0
Unknown,Non-corridor,,vehicle_breakdown,120.0
Unknown,CBD 2,,tree_fall,120.0
Unknown,Old Madras Road,,vehicle_breakdown,120.0
Unknown,Non-corridor,,vehicle_breakdown,120.1229665
Unknown,Non-corridor,,vehicle_breakdown,120.0
Unknown,Non-corridor,,vehicle_breakdown,120.0
Unknown,ORR North 1,,others,1440.0
Unknown,Bellary Road 2,,accident,120.0
Unknown,West of Chord Road,,vehicle_breakdown,120.0
Unknown,Magadi Road,,vehicle_breakdown,15.682897033333335
Unknown,ORR East 2,,vehicle_breakdown,18.770652916666666
Unknown,Bellary Road 2,,vehicle_breakdown,26.713455833333335
Unknown,Old Airport Road,,vehicle_breakdown,27.165104633333332
Unknown,Mysore Road,,construction,120.0
Unknown,West of Chord Road,,others,120.0
Unknown,West of Chord Road,,others,120.0
Unknown,Non-corridor,,tree_fall,1440.0
Unknown,Non-corridor,,vehicle_breakdown,120.0
Unknown,Hennur Main Road,,congestion,120.0
Unknown,West of Chord Road,,others,120.0
Unknown,Old Madras Road,,vehicle_breakdown,120.0
Unknown,Non-corridor,,road_conditions,1440.0
Unknown,IRR(Thanisandra road),,pot_holes,120.0
Unknown,CBD 2,,pot_holes,120.0
Unknown,CBD 2,,pot_holes,10.0
Unknown,Magadi Road,,vehicle_breakdown,32.257464766666665
Unknown,Non-corridor,,vehicle_breakdown,72.78544391666667
Unknown,Non-corridor,,vehicle_breakdown,107.52890245
Unknown,Bellary Road 2,,vehicle_breakdown,120.0
Unknown,Non-corridor,,construction,120.0
Central Zone 2,Non-corridor,"Trilight Circle,Race course Road",construction,120.0
Unknown,Non-corridor,,accident,120.0
Unknown,ORR North 2,,congestion,120.0
Unknown,Non-corridor,,vehicle_breakdown,120.0
Unknown,Bellary Road 2,,vehicle_breakdown,120.0
Unknown,ORR East 2,,construction,120.0
Unknown,Old Madras Road,,vehicle_breakdown,55.235213316666666
Unknown,ORR East 2,,others,120.0
Unknown,Non-corridor,,vehicle_breakdown,120.0
Unknown,Mysore Road,,others,302.99378225
Unknown,Non-corridor,,vehicle_breakdown,120.0
Unknown,ORR East 1,,vehicle_breakdown,120.0
Unknown,Magadi Road,,vehicle_breakdown,86.55830583333334
Unknown,Mysore Road,,vehicle_breakdown,78.09311583333333
Unknown,ORR North 1,,accident,34.21685993333333
Unknown,Old Madras Road,,vehicle_breakdown,120.0
Unknown,ORR North 1,,vehicle_breakdown,22.854111483333334
Unknown,Mysore Road,,vehicle_breakdown,120.0
Unknown,Non-corridor,,vehicle_breakdown,120.0
Unknown,Mysore Road,,vehicle_breakdown,120.0
Unknown,Non-corridor,,congestion,120.0
Unknown,Bellary Road 2,,vehicle_breakdown,120.0
Unknown,Non-corridor,,construction,120.0
Unknown,Hosur Road,,vehicle_breakdown,10.0
Unknown,Magadi Road,,vehicle_breakdown,64.30445040000001
Unknown,Hosur Road,,vehicle_breakdown,120.0
Unknown,ORR East 2,,construction,120.0
Unknown,Bellary Road 1,,water_logging,1440.0
Unknown,Non-corridor,,water_logging,120.0
Unknown,Non-corridor,,others,1440.0
Unknown,Bellary Road 1,,accident,120.0
Unknown,Non-corridor,,construction,21.925417683333333
Unknown,Bellary Road 1,,vehicle_breakdown,120.0
Unknown,Bellary Road 1,,others,14.34505785
Unknown,Non-corridor,,vehicle_breakdown,50.05725543333333
Unknown,Mysore Road,,vehicle_breakdown,39.02434768333333
Unknown,Tumkur Road,,vehicle_breakdown,120.0
Unknown,Bellary Road 1,,vehicle_breakdown,120.0
Unknown,ORR North 2,,accident,120.0
Unknown,Non-corridor,,vehicle_breakdown,120.0
Unknown,Non-corridor,,accident,120.0
Unknown,ORR East 1,,water_logging,120.0
Unknown,Bellary Road 1,,vehicle_breakdown,29.16649395
Unknown,Mysore Road,,vehicle_breakdown,120.0
Unknown,Bellary Road 2,,accident,120.0
Unknown,West of Chord Road,,accident,120.0
Unknown,ORR North 1,,vehicle_breakdown,120.0
Unknown,Non-corridor,,vehicle_breakdown,84.40798688333332
Unknown,CBD 2,,vehicle_breakdown,120.0
Unknown,Mysore Road,,vehicle_breakdown,120.0
Unknown,CBD 2,,vehicle_breakdown,120.0
Unknown,Varthur Road,,vehicle_breakdown,120.0
Unknown,Old Airport Road,,others,10.0
Unknown,West of Chord Road,,others,120.0
Unknown,Old Airport Road,,public_event,120.0
Unknown,Old Airport Road,,public_event,120.0
Unknown,Old Airport Road,,public_event,120.0
Unknown,Old Airport Road,,public_event,120.0
Unknown,Non-corridor,,vehicle_breakdown,120.0
Unknown,Bannerghata Road,,vehicle_breakdown,120.0
Unknown,Tumkur Road,,vehicle_breakdown,12.03063225
Unknown,Mysore Road,,vehicle_breakdown,10.0
Unknown,Old Airport Road,,public_event,120.0
Unknown,Mysore Road,,vehicle_breakdown,23.780724000000003
Unknown,Non-corridor,,others,1440.0
Unknown,Non-corridor,,pot_holes,1440.0
Unknown,West of Chord Road,,vehicle_breakdown,29.734221366666667
Unknown,Mysore Road,,vehicle_breakdown,60.74641678333333
Unknown,Non-corridor,,vehicle_breakdown,120.0
Unknown,Tumkur Road,,vehicle_breakdown,120.0
Unknown,Hosur Road,,pot_holes,120.0
Unknown,Mysore Road,,vehicle_breakdown,120.0
Unknown,Bellary Road 1,,vehicle_breakdown,120.0
Unknown,Bellary Road 2,,accident,120.0
Unknown,Non-corridor,,others,38.768891116666666
Unknown,Non-corridor,,vehicle_breakdown,57.316075016666666
Unknown,Hennur Main Road,,vehicle_breakdown,120.0
Unknown,Bellary Road 1,,vehicle_breakdown,120.0
Unknown,Old Madras Road,,vehicle_breakdown,120.0
Unknown,Mysore Road,,vehicle_breakdown,120.0
Unknown,Mysore Road,,others,10.0
Unknown,Non-corridor,,vehicle_breakdown,120.0
Unknown,Bellary Road 2,,vehicle_breakdown,120.0
Unknown,Non-corridor,,vehicle_breakdown,54.46608108333333
Unknown,ORR North 1,,vehicle_breakdown,40.761785499999995
Unknown,Mysore Road,,vehicle_breakdown,90.19987731666667
Unknown,Non-corridor,,public_event,120.0
Unknown,Non-corridor,,vehicle_breakdown,120.0
Unknown,Non-corridor,,construction,1440.0
Unknown,Tumkur Road,,vehicle_breakdown,120.0
Unknown,Bellary Road 1,,vehicle_breakdown,86.78634966666667
Unknown,Non-corridor,,public_event,120.0
Unknown,Non-corridor,,vehicle_breakdown,81.11977473333333
Unknown,Non-corridor,,construction,120.0
Unknown,Hosur Road,,vehicle_breakdown,120.0
Unknown,Non-corridor,,vehicle_breakdown,120.0
Unknown,Non-corridor,,vehicle_breakdown,10.0
Unknown,Bellary Road 2,,accident,120.0
Unknown,Non-corridor,,vehicle_breakdown,120.0
Unknown,Non-corridor,,vehicle_breakdown,30.47674805
Unknown,Mysore Road,,vehicle_breakdown,120.0
Unknown,Magadi Road,,vehicle_breakdown,67.566669
Unknown,Non-corridor,,water_logging,10.0
Unknown,Tumkur Road,,vehicle_breakdown,21.935244516666668
Unknown,Non-corridor,,vehicle_breakdown,31.711534466666667
Unknown,Tumkur Road,,vehicle_breakdown,120.0
Unknown,Non-corridor,,vehicle_breakdown,121.07565023333333
Unknown,Non-corridor,,water_logging,121.41991448333333
Unknown,Bellary Road 1,,pot_holes,1440.0
Unknown,ORR East 2,,construction,120.0
Unknown,Mysore Road,,vehicle_breakdown,120.0
Unknown,Non-corridor,,vehicle_breakdown,120.0
Unknown,Non-corridor,,vehicle_breakdown,55.092613899999996
Unknown,Mysore Road,,vehicle_breakdown,10.0
Unknown,ORR North 2,,congestion,120.0
Unknown,CBD 1,,pot_holes,120.0
Unknown,Bannerghata Road,,vehicle_breakdown,120.0
Unknown,Tumkur Road,,vehicle_breakdown,10.0
Unknown,Tumkur Road,,vehicle_breakdown,120.0
Unknown,Non-corridor,,vehicle_breakdown,120.0
Unknown,CBD 1,,pot_holes,45.08455431666666
Unknown,Hennur Main Road,,vehicle_breakdown,39.94712393333334
Unknown,ORR West 1,,vehicle_breakdown,47.0778124
Unknown,Mysore Road,,vehicle_breakdown,43.93709355
Unknown,Hosur Road,,accident,19.286777033333333
Unknown,Bellary Road 1,,vehicle_breakdown,120.0
Unknown,Hennur Main Road,,congestion,120.0
Unknown,Bellary Road 1,,vehicle_breakdown,26.211784233333333
Unknown,Non-corridor,,vehicle_breakdown,120.0
Unknown,Old Madras Road,,public_event,120.0
Unknown,Magadi Road,,vehicle_breakdown,120.0
Unknown,Non-corridor,,vehicle_breakdown,120.0
Central Zone 2,Non-corridor,SubbannaJunction,construction,120.0
Unknown,Non-corridor,,vehicle_breakdown,120.0
Unknown,Mysore Road,,vehicle_breakdown,20.760291183333333
Unknown,Non-corridor,,pot_holes,1440.0
Unknown,Airport New South Road,,vehicle_breakdown,120.0
Unknown,Bellary Road 2,,vehicle_breakdown,120.0
Unknown,West of Chord Road,,vehicle_breakdown,120.0
Unknown,West of Chord Road,,vehicle_breakdown,120.0
Unknown,Non-corridor,,vehicle_breakdown,120.0
Unknown,Non-corridor,,construction,120.0
Unknown,Non-corridor,,pot_holes,1440.0
Unknown,ORR North 1,,vehicle_breakdown,120.0
Unknown,Airport New South Road,,vehicle_breakdown,120.0
Unknown,Non-corridor,,others,120.0
Unknown,Tumkur Road,,vehicle_breakdown,14.798998433333333
Unknown,ORR East 2,,vehicle_breakdown,10.0
Unknown,Non-corridor,,pot_holes,120.0
Unknown,CBD 2,,water_logging,1397.64799305
Unknown,Non-corridor,,others,120.0
Unknown,Tumkur Road,,vehicle_breakdown,17.37361458333333
Unknown,Non-corridor,,vehicle_breakdown,137.26294234999997
Unknown,Bellary Road 1,,vehicle_breakdown,120.0
Unknown,ORR East 2,,vehicle_breakdown,120.0
Unknown,ORR East 2,,vehicle_breakdown,120.0
Unknown,Non-corridor,,vehicle_breakdown,120.0
Unknown,Hosur Road,,vehicle_breakdown,120.0
Unknown,Non-corridor,,vehicle_breakdown,120.0
Unknown,Tumkur Road,,vehicle_breakdown,120.0
Unknown,Bellary Road 1,,vehicle_breakdown,120.0
Unknown,Non-corridor,,pot_holes,120.0
Unknown,CBD 2,,vehicle_breakdown,120.0
Unknown,Mysore Road,,vehicle_breakdown,55.2758047
Unknown,ORR North 2,,congestion,120.0
Unknown,ORR North 1,,accident,120.0
Unknown,ORR North 1,,accident,120.0
Unknown,Non-corridor,,vehicle_breakdown,12.261251683333334
Unknown,Mysore Road,,construction,120.0
Unknown,Magadi Road,,vehicle_breakdown,61.61077986666667
Unknown,Non-corridor,,road_conditions,120.0
Unknown,IRR(Thanisandra road),,water_logging,120.0
Unknown,Magadi Road,,water_logging,120.0
Unknown,Magadi Road,,vehicle_breakdown,64.27595888333333
Unknown,Bellary Road 1,,vehicle_breakdown,14.07579545
Unknown,ORR North 2,,vehicle_breakdown,120.0
Unknown,Non-corridor,,pot_holes,120.0
Unknown,Non-corridor,,vehicle_breakdown,120.0
Unknown,ORR East 1,,vehicle_breakdown,21.646528683333333
Unknown,Non-corridor,,construction,120.0
Unknown,Non-corridor,,road_conditions,1440.0
Unknown,Non-corridor,,road_conditions,1440.0
Unknown,Non-corridor,,others,120.0
Unknown,Bellary Road 1,,vehicle_breakdown,120.0
Unknown,Tumkur Road,,vehicle_breakdown,120.0
Unknown,ORR North 1,,vehicle_breakdown,120.0
Unknown,ORR North 1,,vehicle_breakdown,120.0
Unknown,Bellary Road 2,,vehicle_breakdown,24.362505416666668
Unknown,Non-corridor,,vehicle_breakdown,39.91352521666667
Unknown,Non-corridor,,accident,120.0
Unknown,Non-corridor,,vehicle_breakdown,20.05264845
Unknown,Non-corridor,,road_conditions,1440.0
Unknown,ORR North 1,,vehicle_breakdown,120.0
Unknown,Non-corridor,,vehicle_breakdown,120.0
Unknown,Bellary Road 2,YelhankaCircle,water_logging,1440.0
Unknown,Hennur Main Road,,others,1440.0
Unknown,Bellary Road 1,,others,1440.0
Unknown,Mysore Road,,vehicle_breakdown,120.0
Unknown,CBD 1,,others,120.0
Unknown,Tumkur Road,,vehicle_breakdown,10.195782266666667
Unknown,Mysore Road,,vehicle_breakdown,10.0
Unknown,Mysore Road,,others,1440.0
Unknown,Tumkur Road,,vehicle_breakdown,23.556338
Unknown,Non-corridor,,others,1440.0
Unknown,Non-corridor,,vehicle_breakdown,120.0
Unknown,Tumkur Road,,vehicle_breakdown,120.0
Unknown,Hennur Main Road,,congestion,157.83113301666666
Unknown,ORR East 2,,construction,120.0
Unknown,Non-corridor,,test_demo,10.0
Unknown,Non-corridor,,vehicle_breakdown,120.0
Unknown,Bellary Road 2,,vehicle_breakdown,120.0
Unknown,ORR North 2,,vehicle_breakdown,98.79469238333333
Unknown,Non-corridor,,vehicle_breakdown,120.0
Unknown,Non-corridor,,vehicle_breakdown,120.0
Unknown,Bellary Road 2,,vehicle_breakdown,120.0
Unknown,Non-corridor,,vehicle_breakdown,19.4802817
Unknown,Non-corridor,,water_logging,120.0
Unknown,Bellary Road 2,,vehicle_breakdown,120.0
Unknown,Tumkur Road,,vehicle_breakdown,120.0
Unknown,Mysore Road,,vehicle_breakdown,112.59205778333333
Unknown,Bellary Road 1,,others,1440.0
Unknown,Tumkur Road,,vehicle_breakdown,120.0
Unknown,Hosur Road,,vehicle_breakdown,120.0
Unknown,Bellary Road 1,,vehicle_breakdown,120.0
Unknown,Non-corridor,,vehicle_breakdown,36.436371050000005
Unknown,Non-corridor,,vehicle_breakdown,41.06278635
Unknown,Non-corridor,,vehicle_breakdown,120.0
Unknown,ORR East 2,,construction,120.0
Unknown,Hosur Road,,vehicle_breakdown,120.0
Unknown,Non-corridor,,vehicle_breakdown,63.735437633333326
Unknown,Magadi Road,,vehicle_breakdown,120.0
Unknown,ORR North 2,,vehicle_breakdown,41.89284255
Unknown,ORR North 1,,construction,120.0
Unknown,Non-corridor,,accident,120.0
Unknown,Bellary Road 1,,water_logging,120.0
Unknown,Non-corridor,,vehicle_breakdown,120.0
Unknown,Non-corridor,,others,12.775447683333335
Unknown,ORR North 1,,congestion,52.42753255
Unknown,ORR West 1,,others,20.280152166666667
Unknown,Magadi Road,,others,13.76268395
Unknown,Bellary Road 2,,accident,120.0
Unknown,ORR East 1,,vehicle_breakdown,120.0
Unknown,Bellary Road 1,,water_logging,120.0
Unknown,IRR(Thanisandra road),,pot_holes,120.0
Unknown,Non-corridor,,tree_fall,48.95543648333333
Unknown,Bellary Road 1,,vehicle_breakdown,10.0
Unknown,IRR(Thanisandra road),,pot_holes,120.0
Unknown,Non-corridor,,vehicle_breakdown,120.0
Unknown,Non-corridor,,procession,10.0
Unknown,Tumkur Road,,vehicle_breakdown,120.0
Unknown,CBD 2,,vehicle_breakdown,120.0
Unknown,Non-corridor,,pot_holes,120.0
Unknown,Old Madras Road,,vehicle_breakdown,18.148097683333333
Unknown,Mysore Road,,vehicle_breakdown,32.78711466666667
Unknown,Non-corridor,,vehicle_breakdown,120.0
Unknown,Non-corridor,,vehicle_breakdown,104.44264348333333
Unknown,ORR East 2,,construction,120.0
Unknown,Bellary Road 2,,vehicle_breakdown,120.0
Unknown,Non-corridor,,congestion,12.732202816666668
Unknown,Non-corridor,,others,120.0
Unknown,Bellary Road 1,,vehicle_breakdown,10.0
Unknown,Non-corridor,,others,1440.0
Unknown,Non-corridor,,vehicle_breakdown,120.0
Unknown,Non-corridor,,vehicle_breakdown,42.46220125
Unknown,Tumkur Road,,water_logging,72.85393916666666
Unknown,Mysore Road,,road_conditions,1440.0
Unknown,Hosur Road,,vehicle_breakdown,120.0
Unknown,ORR North 1,,vehicle_breakdown,120.0
Unknown,Bellary Road 1,,vehicle_breakdown,120.0
Unknown,Bellary Road 1,,vehicle_breakdown,120.0
Unknown,ORR North 1,,congestion,154.51919141666667
Unknown,Non-corridor,,tree_fall,120.0
Unknown,Mysore Road,,vehicle_breakdown,31.87520885
Unknown,Old Madras Road,,vehicle_breakdown,78.34826575000001
Unknown,ORR North 1,,vehicle_breakdown,120.0
Unknown,Tumkur Road,,congestion,120.0
Unknown,ORR North 2,,vehicle_breakdown,29.89324733333333
Unknown,Non-corridor,,accident,120.0
Unknown,Non-corridor,,vehicle_breakdown,120.0
Unknown,Non-corridor,,accident,120.0
Unknown,Non-corridor,,vehicle_breakdown,26.941963933333334
Unknown,Non-corridor,,vehicle_breakdown,120.0
Unknown,Non-corridor,,vehicle_breakdown,120.0
Unknown,ORR East 1,,vehicle_breakdown,120.0
Unknown,Non-corridor,,vehicle_breakdown,120.0
Unknown,Non-corridor,,protest,120.0
Unknown,ORR North 2,,congestion,120.0
Unknown,Bellary Road 2,,vehicle_breakdown,120.0
Unknown,Hosur Road,,vehicle_breakdown,22.988230849999997
Unknown,Tumkur Road,,vehicle_breakdown,22.34844435
South Zone 2,Hosur Road,AyyappaTempleJunc,pot_holes,1440.0
Unknown,West of Chord Road,,vehicle_breakdown,24.466795816666668
Unknown,Tumkur Road,,others,120.0
Unknown,ORR North 2,,vehicle_breakdown,120.0
Unknown,Old Madras Road,,vehicle_breakdown,120.0
Unknown,Tumkur Road,,vehicle_breakdown,120.0
Unknown,Bannerghata Road,,pot_holes,120.0
Unknown,Non-corridor,,vehicle_breakdown,158.45544278333332
Unknown,Mysore Road,,vehicle_breakdown,120.0
Unknown,Bellary Road 1,,vehicle_breakdown,120.0
Unknown,Bellary Road 2,,vehicle_breakdown,120.0
Unknown,Bellary Road 2,,vehicle_breakdown,120.0
Unknown,Non-corridor,,construction,120.0
Unknown,West of Chord Road,,vehicle_breakdown,120.0
Unknown,Non-corridor,,tree_fall,92.98989458333334
Unknown,ORR East 2,,construction,120.0
Unknown,Non-corridor,,vehicle_breakdown,70.00693796666665
Unknown,Tumkur Road,,others,1440.0
Unknown,ORR North 1,,vehicle_breakdown,120.0
Unknown,Bellary Road 2,,Debris,1440.0
Unknown,Mysore Road,,road_conditions,120.0
Unknown,Non-corridor,,construction,1440.0
Unknown,Magadi Road,,road_conditions,120.0
Unknown,ORR West 1,,vehicle_breakdown,120.0
Unknown,Non-corridor,,others,1440.0
Unknown,ORR North 2,,congestion,120.0
Unknown,Bellary Road 2,,vehicle_breakdown,120.0
Unknown,ORR North 2,,vehicle_breakdown,120.0
Unknown,Non-corridor,,construction,120.0
Unknown,Non-corridor,,construction,120.0
Unknown,Mysore Road,,vehicle_breakdown,120.0
Unknown,Non-corridor,,vehicle_breakdown,120.0
Unknown,Mysore Road,,vehicle_breakdown,120.0
Unknown,Non-corridor,,vehicle_breakdown,39.133124849999994
Unknown,ORR North 2,,vehicle_breakdown,120.0
Unknown,Airport New South Road,,vehicle_breakdown,120.0
Unknown,ORR East 1,,vehicle_breakdown,120.0
Unknown,Non-corridor,,vehicle_breakdown,120.0
Unknown,Mysore Road,,vehicle_breakdown,120.0
Unknown,Bellary Road 2,,vehicle_breakdown,120.0
Unknown,Hosur Road,,procession,120.0
Unknown,Bellary Road 2,,vehicle_breakdown,120.0
Unknown,Bellary Road 1,,vehicle_breakdown,120.0
Unknown,Non-corridor,,vehicle_breakdown,17.2937739
Unknown,Varthur Road,,vehicle_breakdown,122.43185746666667
Unknown,Tumkur Road,,others,243.29029311666667
Unknown,Hennur Main Road,,congestion,120.0
Unknown,Non-corridor,,vehicle_breakdown,120.0
Unknown,Mysore Road,,water_logging,1440.0
Unknown,Non-corridor,,construction,120.0
Unknown,Non-corridor,,vehicle_breakdown,13.885744066666666
Unknown,Non-corridor,,water_logging,165.4671482
Unknown,ORR North 2,,vehicle_breakdown,10.0
Unknown,Non-corridor,,accident,120.0
Unknown,Bellary Road 1,,tree_fall,971.1941217166666
Unknown,ORR West 1,,vehicle_breakdown,84.86862455
Unknown,Non-corridor,,construction,1440.0
Unknown,ORR West 1,,vehicle_breakdown,120.0
Unknown,Non-corridor,,tree_fall,63.69129203333333
Unknown,Non-corridor,,tree_fall,412.24392695
Unknown,Non-corridor,,construction,1440.0
Unknown,Non-corridor,,vehicle_breakdown,120.0
Unknown,ORR East 2,,water_logging,120.0
Unknown,Non-corridor,,tree_fall,120.0
Unknown,Hosur Road,AyyappaTempleJunc,others,112.07313198333333
Unknown,Tumkur Road,,vehicle_breakdown,29.151570016666668
Unknown,Mysore Road,,vehicle_breakdown,22.22487305
Unknown,ORR North 1,,vehicle_breakdown,36.730649516666666
Unknown,Bellary Road 1,,accident,47.199177299999995
Unknown,West of Chord Road,,pot_holes,1440.0
Unknown,Mysore Road,,vehicle_breakdown,120.0
Unknown,Non-corridor,,tree_fall,1440.0
Unknown,Hosur Road,,water_logging,120.0
Unknown,Non-corridor,,water_logging,1440.0
Unknown,Hosur Road,,water_logging,1440.0
Unknown,ORR East 2,,water_logging,120.0
Unknown,Non-corridor,,tree_fall,1440.0
Unknown,Non-corridor,,water_logging,1440.0
Unknown,Mysore Road,,water_logging,1440.0
Unknown,Non-corridor,,tree_fall,120.0
Unknown,Mysore Road,,others,1440.0
Unknown,Non-corridor,,tree_fall,120.0
Unknown,Non-corridor,,tree_fall,1440.0
Unknown,Non-corridor,,tree_fall,120.0
Unknown,Non-corridor,,vehicle_breakdown,120.0
Unknown,Non-corridor,,tree_fall,1440.0
Unknown,Non-corridor,,tree_fall,120.0
Unknown,Mysore Road,,tree_fall,829.2974442333333
Unknown,Non-corridor,,water_logging,120.0
Unknown,Hosur Road,,water_logging,1440.0
Unknown,Mysore Road,,water_logging,1440.0
Unknown,Non-corridor,,tree_fall,1440.0
Unknown,Non-corridor,,accident,10.0
Unknown,Bannerghata Road,,water_logging,120.0
Unknown,Bellary Road 1,,tree_fall,120.0
Unknown,Non-corridor,,congestion,120.0
Unknown,ORR West 1,,water_logging,1218.6891324166668
Unknown,CBD 2,,tree_fall,1440.0
Unknown,Non-corridor,,water_logging,1440.0
Unknown,Non-corridor,,water_logging,120.0
Unknown,Non-corridor,,water_logging,120.0
Unknown,Old Airport Road,,water_logging,93.40865363333334
Unknown,Bannerghata Road,,water_logging,120.0
Unknown,Non-corridor,,water_logging,120.0
Unknown,ORR East 2,,water_logging,30.67920825
Unknown,Mysore Road,,water_logging,177.56342588333334
Unknown,West of Chord Road,,debris,120.0
Unknown,Magadi Road,,vehicle_breakdown,120.0
Unknown,Non-corridor,,water_logging,120.0
Unknown,Non-corridor,,water_logging,1440.0
Unknown,Non-corridor,,tree_fall,1440.0
Unknown,Bellary Road 1,,tree_fall,120.0
Unknown,Bannerghata Road,,water_logging,120.0
Unknown,IRR(Thanisandra road),,pot_holes,120.0
Unknown,Non-corridor,,others,1291.4888951166665
Unknown,ORR West 1,,tree_fall,66.95399586666666
Unknown,Non-corridor,,tree_fall,1114.93334045
Unknown,Hennur Main Road,,others,120.0
Unknown,Non-corridor,,construction,120.0
Unknown,IRR(Thanisandra road),,pot_holes,120.0
Unknown,Non-corridor,,others,120.0
Unknown,West of Chord Road,,vehicle_breakdown,72.65351976666668
Unknown,Non-corridor,,tree_fall,1440.0
Unknown,Magadi Road,,road_conditions,1440.0
Unknown,Mysore Road,,vehicle_breakdown,10.0
Unknown,Mysore Road,,water_logging,1440.0
Unknown,ORR East 1,,water_logging,120.0
Unknown,Non-corridor,,water_logging,1440.0
Unknown,Tumkur Road,,vehicle_breakdown,120.0
Unknown,Non-corridor,,vehicle_breakdown,120.0
Unknown,Non-corridor,,pot_holes,120.0
Unknown,Non-corridor,,vehicle_breakdown,120.0
Unknown,Mysore Road,,water_logging,1440.0
Unknown,Non-corridor,,water_logging,1440.0
Unknown,Non-corridor,,water_logging,188.00503193333333
Unknown,Non-corridor,,tree_fall,120.0
Unknown,Non-corridor,,water_logging,120.0
Unknown,Non-corridor,,tree_fall,18.082762549999998
Unknown,Hosur Road,,vehicle_breakdown,120.0
Unknown,West of Chord Road,,pot_holes,120.0
Unknown,Non-corridor,,vehicle_breakdown,120.0
Unknown,Non-corridor,,vehicle_breakdown,120.0
Unknown,Bannerghata Road,,vehicle_breakdown,146.04922566666667
Unknown,Hosur Road,,vehicle_breakdown,120.0
Unknown,ORR East 1,,pot_holes,120.0
Unknown,Old Madras Road,,tree_fall,120.0
Unknown,Tumkur Road,,tree_fall,120.0
Unknown,Non-corridor,,water_logging,120.0
Unknown,Non-corridor,,water_logging,41.48510733333333
Unknown,Bellary Road 1,,water_logging,1440.0
Unknown,ORR West 1,,vehicle_breakdown,120.0
Unknown,Bellary Road 2,,vehicle_breakdown,14.264672216666666
Unknown,Non-corridor,,others,120.0
Unknown,Tumkur Road,,vehicle_breakdown,108.20570536666668
Unknown,Non-corridor,,tree_fall,1440.0
Unknown,Non-corridor,,water_logging,71.25115430000001
Unknown,Non-corridor,,water_logging,149.96828003333334
Unknown,Tumkur Road,,others,120.0
Unknown,ORR East 1,,water_logging,120.0
Unknown,Non-corridor,,water_logging,120.0
Unknown,Non-corridor,,tree_fall,914.0249496
Unknown,ORR East 2,,construction,120.0
Unknown,Non-corridor,,water_logging,120.0
Unknown,Old Madras Road,,water_logging,201.7505084166667
Unknown,Non-corridor,,others,120.0
Unknown,Non-corridor,,vehicle_breakdown,120.0
Unknown,Tumkur Road,,tree_fall,933.8846359333334
Unknown,ORR West 1,,water_logging,1190.4635745833334
Unknown,Non-corridor,,vehicle_breakdown,120.0
Unknown,Mysore Road,,water_logging,1440.0
Unknown,Non-corridor,,vehicle_breakdown,10.0
Unknown,ORR West 1,,water_logging,118.58968551666666
Unknown,Non-corridor,,tree_fall,120.0
Unknown,ORR West 1,,tree_fall,120.0
Unknown,Non-corridor,,tree_fall,220.28841453333334
Unknown,Bellary Road 1,,water_logging,42.345254966666666
Unknown,Non-corridor,,vehicle_breakdown,120.0
Unknown,Non-corridor,,water_logging,120.0
Unknown,Bannerghata Road,,vehicle_breakdown,108.71099421666666
Unknown,Mysore Road,,vehicle_breakdown,93.48512965
Unknown,ORR East 1,,water_logging,1440.0
Unknown,Non-corridor,,water_logging,1440.0
Unknown,Non-corridor,,water_logging,120.0
Unknown,Hennur Main Road,,vehicle_breakdown,120.0
Unknown,Non-corridor,,vehicle_breakdown,10.0
Unknown,Mysore Road,,water_logging,120.0
Unknown,IRR(Thanisandra road),,tree_fall,120.0
Unknown,Non-corridor,,water_logging,120.0
Unknown,ORR West 1,,water_logging,120.0
Unknown,West of Chord Road,,others,120.0
Unknown,Non-corridor,,water_logging,120.0
Unknown,Non-corridor,,water_logging,1440.0
Unknown,ORR North 2,,vehicle_breakdown,120.0
Unknown,Bellary Road 1,,vehicle_breakdown,120.0
Unknown,Non-corridor,,water_logging,120.0
Unknown,Non-corridor,,vehicle_breakdown,120.0
Unknown,Tumkur Road,,others,1440.0
Unknown,Non-corridor,,tree_fall,120.0
Unknown,Tumkur Road,,tree_fall,1440.0
Unknown,Non-corridor,,vehicle_breakdown,120.0
Unknown,Non-corridor,,vehicle_breakdown,120.0
Unknown,Bellary Road 2,,vehicle_breakdown,151.79433328333334
Unknown,ORR East 1,,vehicle_breakdown,16.044057783333333
Unknown,Non-corridor,,vehicle_breakdown,120.0
Unknown,Non-corridor,,vehicle_breakdown,29.089931583333335
Unknown,Bannerghata Road,,vehicle_breakdown,34.15102665
Unknown,Non-corridor,,vehicle_breakdown,120.0
Unknown,Tumkur Road,,vehicle_breakdown,91.52639778333334
Unknown,Mysore Road,,pot_holes,120.0
Unknown,Non-corridor,,others,1440.0
Unknown,CBD 2,,tree_fall,1440.0
Unknown,Non-corridor,,tree_fall,1440.0
Unknown,Non-corridor,,water_logging,1440.0
Unknown,Mysore Road,,vehicle_breakdown,35.252319033333336
Unknown,Bannerghata Road,,water_logging,10.0
Unknown,Tumkur Road,,vehicle_breakdown,120.0
Unknown,IRR(Thanisandra road),,pot_holes,120.0
Unknown,Tumkur Road,,vehicle_breakdown,10.0
Unknown,West of Chord Road,,pot_holes,120.0
Unknown,Mysore Road,,others,120.0
Unknown,Non-corridor,,tree_fall,1173.6232398833333
Unknown,Bannerghata Road,,water_logging,1440.0
Unknown,Non-corridor,,water_logging,120.0
Unknown,West of Chord Road,,others,120.0
Unknown,Non-corridor,,tree_fall,1440.0
Unknown,Non-corridor,,water_logging,120.0
Unknown,Non-corridor,,water_logging,120.0
Unknown,Non-corridor,,water_logging,120.0
Unknown,Non-corridor,,water_logging,282.94748196666666
Unknown,Non-corridor,,water_logging,120.0
Unknown,Non-corridor,,congestion,120.0
Unknown,Non-corridor,,water_logging,1440.0
Unknown,Tumkur Road,,tree_fall,1440.0
Unknown,Tumkur Road,,others,61.567407450000005
Unknown,Non-corridor,,water_logging,120.0
Unknown,Non-corridor,,road_conditions,120.0
Unknown,Non-corridor,,vehicle_breakdown,120.0
Unknown,Non-corridor,,water_logging,120.0
Unknown,Non-corridor,,water_logging,120.0
Unknown,Hennur Main Road,,public_event,120.0
Unknown,Tumkur Road,,vehicle_breakdown,120.0
Unknown,Bellary Road 1,,vehicle_breakdown,36.67477173333334
Unknown,Magadi Road,,vehicle_breakdown,120.0
Unknown,Non-corridor,,water_logging,1440.0
Unknown,Non-corridor,,water_logging,120.0
Unknown,Mysore Road,,others,1440.0
Unknown,Mysore Road,,others,16.937478916666667
Unknown,ORR North 1,,vehicle_breakdown,120.0
Unknown,Bellary Road 1,,others,120.0
Unknown,Old Madras Road,,vehicle_breakdown,41.53308571666666
Unknown,Non-corridor,,road_conditions,1440.0
Unknown,IRR(Thanisandra road),,water_logging,120.0
Unknown,Bannerghata Road,,water_logging,120.0
Unknown,Non-corridor,,tree_fall,76.98202371666666
Unknown,ORR East 1,,water_logging,759.0033270166666
Unknown,Non-corridor,,tree_fall,120.0
Unknown,CBD 1,,pot_holes,120.0
Unknown,Non-corridor,,water_logging,1440.0
Unknown,Non-corridor,,tree_fall,75.3254728
Unknown,Bellary Road 1,,vehicle_breakdown,120.0
Unknown,Non-corridor,,vehicle_breakdown,133.49633208333333
Unknown,Bellary Road 1,,tree_fall,1440.0
Unknown,Bellary Road 1,,vehicle_breakdown,120.0
Unknown,ORR North 2,,congestion,120.0
Unknown,Non-corridor,,vehicle_breakdown,120.0
Unknown,Non-corridor,,tree_fall,1440.0
Unknown,Mysore Road,,vehicle_breakdown,32.21089145
Unknown,Non-corridor,,tree_fall,120.0
Unknown,Tumkur Road,,vehicle_breakdown,120.0
Unknown,Tumkur Road,,vehicle_breakdown,120.0
Unknown,West of Chord Road,,tree_fall,1440.0
Unknown,Non-corridor,,vehicle_breakdown,120.0
Unknown,Non-corridor,,water_logging,1440.0
Unknown,Non-corridor,,vehicle_breakdown,120.0
Unknown,Non-corridor,,vehicle_breakdown,10.0
Unknown,Old Madras Road,,vehicle_breakdown,120.0
Unknown,Hosur Road,,vehicle_breakdown,133.745803
Unknown,Magadi Road,,pot_holes,120.0
Unknown,Non-corridor,,vehicle_breakdown,18.826966283333334
Unknown,Mysore Road,,vehicle_breakdown,120.0
Unknown,Non-corridor,,tree_fall,1414.7297125500002
Unknown,Non-corridor,,tree_fall,1440.0
Unknown,ORR North 1,,vehicle_breakdown,120.0
Unknown,ORR East 2,,water_logging,120.0
Unknown,Non-corridor,,tree_fall,120.0
Unknown,Non-corridor,,vehicle_breakdown,120.0
Unknown,ORR East 1,,vehicle_breakdown,120.0
Unknown,ORR North 2,,vehicle_breakdown,120.0
Unknown,Non-corridor,,vehicle_breakdown,120.0
Unknown,Non-corridor,,vehicle_breakdown,120.0
Unknown,Non-corridor,,vehicle_breakdown,23.6800304
Unknown,Bellary Road 1,,vehicle_breakdown,12.157235616666666
Unknown,Non-corridor,,vehicle_breakdown,120.0
Unknown,Non-corridor,,vehicle_breakdown,162.0998554
Unknown,Varthur Road,,vehicle_breakdown,10.0
Unknown,Non-corridor,,tree_fall,120.0
Unknown,Non-corridor,,vehicle_breakdown,120.0
Unknown,Varthur Road,,vehicle_breakdown,120.0
Unknown,Bellary Road 2,,vehicle_breakdown,120.0
Unknown,Non-corridor,,vehicle_breakdown,120.0
Unknown,Non-corridor,,vehicle_breakdown,120.0
Unknown,Bellary Road 1,,vehicle_breakdown,120.0
Unknown,Varthur Road,,vehicle_breakdown,120.0
Unknown,Hosur Road,,vehicle_breakdown,21.60461613333333
Unknown,CBD 2,,pot_holes,120.0
Unknown,Old Madras Road,,vehicle_breakdown,120.0
Unknown,Tumkur Road,,vehicle_breakdown,18.087688816666667
Unknown,Old Madras Road,,vehicle_breakdown,120.0
Unknown,IRR(Thanisandra road),,water_logging,120.0
Unknown,Bellary Road 2,,vehicle_breakdown,120.0
Unknown,Non-corridor,,vehicle_breakdown,120.0
Unknown,Non-corridor,,vehicle_breakdown,120.0
Unknown,Old Madras Road,,vehicle_breakdown,120.0
Unknown,Bellary Road 1,,vehicle_breakdown,120.0
Unknown,Non-corridor,,congestion,120.0
Unknown,Non-corridor,,road_conditions,625.0678506666667
Unknown,ORR East 2,,water_logging,120.0
Unknown,ORR East 2,,water_logging,1440.0
Unknown,Non-corridor,,vehicle_breakdown,43.03527413333334
Unknown,Non-corridor,,vehicle_breakdown,79.89617193333333
Unknown,Bellary Road 1,,vehicle_breakdown,120.0
Unknown,Non-corridor,,vehicle_breakdown,120.0
Unknown,Bellary Road 1,,vehicle_breakdown,120.0
Unknown,Old Madras Road,,vehicle_breakdown,120.0
Unknown,Mysore Road,,vehicle_breakdown,120.0
Unknown,Mysore Road,,vehicle_breakdown,120.0
Unknown,ORR East 2,,others,120.0
Unknown,Non-corridor,,vehicle_breakdown,120.0
Unknown,ORR East 2,,others,91.73039343333333
Unknown,Mysore Road,,vehicle_breakdown,120.0
Unknown,Non-corridor,,road_conditions,120.0
Unknown,Bannerghata Road,,vehicle_breakdown,120.0
Unknown,Bellary Road 1,,vehicle_breakdown,120.0
Unknown,West of Chord Road,,vehicle_breakdown,26.33293743333333
Unknown,Non-corridor,,others,120.0
Unknown,Non-corridor,,vehicle_breakdown,120.0
Unknown,Bellary Road 1,,vehicle_breakdown,120.0
Unknown,Non-corridor,,water_logging,120.0
Unknown,ORR East 2,,vehicle_breakdown,21.892671399999998
Unknown,ORR North 2,,vehicle_breakdown,120.0
Unknown,ORR North 1,,accident,120.0
Unknown,Non-corridor,,vehicle_breakdown,120.0
Unknown,Non-corridor,,pot_holes,1440.0
Unknown,Non-corridor,,construction,1440.0
Unknown,ORR East 1,,vehicle_breakdown,15.380214683333332
Unknown,Magadi Road,,vehicle_breakdown,120.0
Unknown,Non-corridor,,vehicle_breakdown,24.384054283333334
Unknown,Non-corridor,,construction,1440.0
Unknown,Non-corridor,,water_logging,120.0
Unknown,Old Madras Road,,water_logging,34.37859473333333
Unknown,IRR(Thanisandra road),,vehicle_breakdown,19.590632416666665
Unknown,Old Madras Road,,water_logging,48.38724398333333
Unknown,Tumkur Road,,vehicle_breakdown,120.0
Unknown,Non-corridor,,water_logging,171.4411991
Unknown,Non-corridor,,water_logging,120.0
Unknown,West of Chord Road,,water_logging,79.3147058
Unknown,Mysore Road,,water_logging,106.8736322
Unknown,Mysore Road,,water_logging,120.0
Unknown,West of Chord Road,,tree_fall,120.0
Unknown,Mysore Road,,water_logging,77.6084918
Unknown,Non-corridor,,water_logging,389.9546150833333
Unknown,Non-corridor,,water_logging,120.0
Unknown,Mysore Road,,water_logging,25.367189333333332
Central Zone 2,CBD 2,CoffeeBoardJunc,water_logging,1440.0
Unknown,Bellary Road 1,,water_logging,38.08992445
Unknown,Non-corridor,,water_logging,120.0
Unknown,Bellary Road 1,,water_logging,120.0
Unknown,Bellary Road 1,,water_logging,47.5818911
Unknown,CBD 1,,water_logging,1440.0
Unknown,West of Chord Road,,tree_fall,72.68515286666667
Unknown,Bellary Road 1,,water_logging,1440.0
Unknown,CBD 1,,water_logging,1440.0
Unknown,Airport New South Road,,water_logging,120.0
Unknown,Non-corridor,,water_logging,230.7993599
Unknown,Airport New South Road,,water_logging,120.0
Unknown,Mysore Road,,water_logging,120.0
Unknown,Non-corridor,,water_logging,120.0
Unknown,Non-corridor,,water_logging,24.846647383333334
Unknown,Non-corridor,,accident,42.8945817
Unknown,Non-corridor,,water_logging,57.1615183
Unknown,Mysore Road,,water_logging,324.67876015
Unknown,ORR North 1,,water_logging,984.9738974833333
Unknown,ORR North 1,,water_logging,997.1460983833333
Unknown,Mysore Road,,water_logging,1440.0
Unknown,Magadi Road,,water_logging,1440.0
Unknown,Hennur Main Road,,pot_holes,1440.0
Unknown,ORR North 1,,tree_fall,191.90470683333334
Unknown,Hennur Main Road,,water_logging,1440.0
Unknown,Non-corridor,,water_logging,120.0
Unknown,ORR North 2,,water_logging,120.0
Unknown,ORR North 1,,tree_fall,120.0
Unknown,Magadi Road,,tree_fall,10.0
Unknown,Airport New South Road,,tree_fall,18.271439616666665
Unknown,Non-corridor,,tree_fall,81.05660200000001
Unknown,Tumkur Road,,water_logging,1345.3929395666667
Unknown,Non-corridor,,tree_fall,1440.0
Unknown,Bellary Road 2,,water_logging,1440.0
Unknown,Non-corridor,,tree_fall,1440.0
Unknown,Bellary Road 2,,road_conditions,58.722754933333334
Unknown,Non-corridor,,water_logging,1440.0
Unknown,Non-corridor,,water_logging,120.0
Unknown,ORR East 1,,water_logging,120.0
Unknown,Non-corridor,,water_logging,120.0
Unknown,ORR North 1,,pot_holes,135.51806013333334
Unknown,Non-corridor,,water_logging,1440.0
Unknown,ORR East 2,,water_logging,120.0
Unknown,Hennur Main Road,,water_logging,1440.0
Unknown,Bellary Road 2,,water_logging,1440.0
Unknown,ORR North 2,,water_logging,120.0
Unknown,ORR East 1,,water_logging,120.0
Unknown,ORR East 1,,vehicle_breakdown,120.0
Unknown,Non-corridor,,water_logging,120.0
Unknown,ORR North 2,,congestion,120.0
Unknown,Non-corridor,,vehicle_breakdown,10.0
Unknown,CBD 1,,pot_holes,120.0
Unknown,Non-corridor,,water_logging,120.0
Unknown,Hennur Main Road,,road_conditions,120.0
Unknown,ORR North 1,,vehicle_breakdown,100.7026763
Unknown,Non-corridor,,water_logging,1440.0
Unknown,Magadi Road,,vehicle_breakdown,46.057772066666665
Unknown,West of Chord Road,,road_conditions,1440.0
Unknown,Non-corridor,,water_logging,120.0
Unknown,ORR West 1,,others,36.40983923333333
Unknown,Hosur Road,,vehicle_breakdown,82.93424305
Unknown,Non-corridor,,vehicle_breakdown,84.77698231666666
Unknown,Bellary Road 1,,vehicle_breakdown,120.0
Unknown,ORR North 2,,water_logging,1440.0
Unknown,ORR East 2,,vehicle_breakdown,25.358829383333333
Unknown,ORR North 1,,vehicle_breakdown,124.40155733333333
Unknown,Bellary Road 1,,others,1440.0
Unknown,Tumkur Road,,vehicle_breakdown,120.0
Unknown,Bellary Road 1,,vehicle_breakdown,120.0
Unknown,Tumkur Road,,vehicle_breakdown,10.0
Unknown,Mysore Road,,water_logging,120.0
Unknown,Non-corridor,,water_logging,230.06940948333335
Unknown,Bellary Road 1,,tree_fall,115.15186836666666
Unknown,Mysore Road,,vehicle_breakdown,25.9249495
Unknown,Old Madras Road,,vehicle_breakdown,120.0
Unknown,IRR(Thanisandra road),,pot_holes,120.0
Unknown,ORR West 1,,vehicle_breakdown,73.03041763333334
Unknown,ORR East 1,,vehicle_breakdown,120.0
Unknown,CBD 2,,water_logging,120.0
Unknown,Mysore Road,,vehicle_breakdown,120.0
Unknown,Non-corridor,,tree_fall,173.99265736666666
Unknown,ORR North 1,,vehicle_breakdown,120.0
Unknown,Bellary Road 1,,vehicle_breakdown,120.0
Unknown,Non-corridor,,pot_holes,120.0
Unknown,Non-corridor,,accident,120.0
Unknown,Bellary Road 1,,vehicle_breakdown,16.297705333333333
Unknown,Non-corridor,,vehicle_breakdown,120.0
Unknown,Bellary Road 1,,vehicle_breakdown,120.0
Unknown,Mysore Road,,vehicle_breakdown,10.0
Unknown,Mysore Road,,vehicle_breakdown,59.30142481666667
Unknown,Non-corridor,,vehicle_breakdown,120.0
Unknown,Non-corridor,,vehicle_breakdown,120.0
Unknown,Non-corridor,,vehicle_breakdown,120.0
Unknown,Magadi Road,,vehicle_breakdown,120.0
Unknown,Old Madras Road,,vehicle_breakdown,120.0
Unknown,Non-corridor,,vehicle_breakdown,120.0
Unknown,Non-corridor,,pot_holes,1440.0
Unknown,Non-corridor,,vehicle_breakdown,120.0
Unknown,Bellary Road 1,,vehicle_breakdown,120.0
Unknown,Bellary Road 1,,vehicle_breakdown,120.0
Unknown,ORR East 2,,vehicle_breakdown,33.80299288333333
Unknown,Non-corridor,,others,88.10845821666666
Unknown,ORR East 1,,vehicle_breakdown,64.20612750000001
Unknown,ORR East 1,,vehicle_breakdown,120.0
Unknown,Non-corridor,,vehicle_breakdown,120.0
Unknown,Non-corridor,,vehicle_breakdown,11.605493183333333
Unknown,Bellary Road 1,,vehicle_breakdown,120.0
Unknown,Bellary Road 1,,vehicle_breakdown,10.0
Unknown,Bellary Road 1,,vehicle_breakdown,120.0
Unknown,Non-corridor,,pot_holes,120.0
Unknown,Non-corridor,,others,17.946091666666668
Unknown,Bellary Road 2,,vehicle_breakdown,21.91443695
Unknown,ORR East 2,,construction,120.0
Unknown,ORR North 2,,congestion,120.0
Unknown,Non-corridor,,vehicle_breakdown,120.0
Unknown,Non-corridor,,vehicle_breakdown,120.0
Unknown,Tumkur Road,,vehicle_breakdown,120.0
Unknown,Non-corridor,,vehicle_breakdown,120.0
Unknown,Mysore Road,,vehicle_breakdown,120.0
Unknown,Bellary Road 1,,vehicle_breakdown,120.0
Unknown,Non-corridor,,public_event,120.0
Unknown,Tumkur Road,,vehicle_breakdown,120.0
Unknown,ORR East 2,,vehicle_breakdown,120.0
Unknown,Non-corridor,,construction,120.0
Unknown,ORR North 1,,vehicle_breakdown,35.82966003333333
Unknown,Bellary Road 1,,vehicle_breakdown,23.154083816666667
Unknown,ORR East 2,,construction,120.0
Unknown,Varthur Road,,pot_holes,1440.0
Unknown,Mysore Road,,vehicle_breakdown,120.0
Unknown,Varthur Road,,vehicle_breakdown,120.0
Unknown,ORR North 2,,vehicle_breakdown,120.0
Unknown,Old Madras Road,,vehicle_breakdown,13.457770483333332
Unknown,Non-corridor,,vehicle_breakdown,120.0
Unknown,West of Chord Road,,others,120.0
Unknown,Non-corridor,,vehicle_breakdown,51.76279426666667
Unknown,West of Chord Road,,others,120.0
Unknown,Non-corridor,,vehicle_breakdown,120.0
Unknown,Mysore Road,,vehicle_breakdown,120.0
Unknown,Non-corridor,,pot_holes,120.0
Unknown,West of Chord Road,,others,1440.0
Unknown,Magadi Road,,vehicle_breakdown,120.0
Unknown,IRR(Thanisandra road),,vehicle_breakdown,18.787546516666666
Unknown,Mysore Road,,vehicle_breakdown,120.0
Unknown,CBD 1,,vehicle_breakdown,44.654022250000004
Unknown,Bellary Road 1,,vehicle_breakdown,120.0
Unknown,ORR East 1,,vehicle_breakdown,76.91394981666667
Unknown,Non-corridor,,procession,120.0
Unknown,Bellary Road 2,,accident,120.0
Unknown,Bellary Road 1,,vehicle_breakdown,120.0
Unknown,Non-corridor,,vehicle_breakdown,16.368508033333335
Unknown,Mysore Road,,vehicle_breakdown,17.55729665
Unknown,ORR North 1,,accident,120.0
Unknown,ORR North 2,,vehicle_breakdown,120.0
Unknown,Non-corridor,,pot_holes,120.0
Unknown,Non-corridor,,others,51.695509916666666
Unknown,Non-corridor,,vehicle_breakdown,120.0
Unknown,Non-corridor,,road_conditions,120.0
Unknown,ORR North 2,,vehicle_breakdown,23.54380595
Unknown,ORR North 2,,congestion,120.0
Unknown,Hosur Road,,vehicle_breakdown,65.48031155
Unknown,ORR North 1,,vehicle_breakdown,120.0
Unknown,Non-corridor,,vehicle_breakdown,120.0
Unknown,Non-corridor,,vehicle_breakdown,120.0
Unknown,Non-corridor,,vehicle_breakdown,66.91385481666667
Unknown,Bellary Road 2,,vehicle_breakdown,120.0
Unknown,Non-corridor,,others,10.0
Unknown,Bellary Road 1,,vehicle_breakdown,120.0
Unknown,Mysore Road,,vehicle_breakdown,120.0
Unknown,ORR West 1,,vehicle_breakdown,120.0
Unknown,Magadi Road,,vehicle_breakdown,120.0
Unknown,ORR West 1,,vehicle_breakdown,120.0
Unknown,Non-corridor,,accident,120.0
Unknown,Bellary Road 2,,accident,120.0
Unknown,Non-corridor,,procession,120.0
Unknown,Non-corridor,,accident,120.0
Unknown,Non-corridor,,accident,120.0
Unknown,Non-corridor,,accident,120.0
Unknown,Non-corridor,,accident,120.0
Unknown,Non-corridor,,accident,120.0
Unknown,Old Madras Road,,vehicle_breakdown,120.0
Unknown,Non-corridor,,tree_fall,120.0
Unknown,Non-corridor,,tree_fall,120.0
Unknown,Bellary Road 2,,road_conditions,120.0
Unknown,ORR East 1,,vehicle_breakdown,30.901282016666666
Unknown,Old Madras Road,,vehicle_breakdown,36.214431233333336
Unknown,Bellary Road 1,,vehicle_breakdown,120.0
Unknown,Magadi Road,,vehicle_breakdown,120.0
Unknown,ORR East 2,,construction,1440.0
Unknown,Tumkur Road,,vehicle_breakdown,49.94344546666667
Unknown,Non-corridor,,pot_holes,120.0
Unknown,Non-corridor,,pot_holes,120.0
Unknown,Non-corridor,,pot_holes,19.206614733333332
Unknown,Non-corridor,,tree_fall,59.84010705
Unknown,Hosur Road,,vehicle_breakdown,99.30421715000001
Unknown,Non-corridor,,pot_holes,17.4932504
Unknown,Non-corridor,,pot_holes,14.928576566666667
Unknown,Non-corridor,,pot_holes,15.4770977
Unknown,Non-corridor,,pot_holes,16.411283
Unknown,Non-corridor,,pot_holes,16.9942509
Unknown,Non-corridor,,pot_holes,18.3650141
Unknown,Non-corridor,,pot_holes,14.3002825
Unknown,ORR West 1,,congestion,120.0
Unknown,Non-corridor,,pot_holes,12.506670883333333
Unknown,Non-corridor,,pot_holes,13.0632383
Unknown,Non-corridor,,pot_holes,10.0
Unknown,Non-corridor,,pot_holes,10.0
Unknown,Non-corridor,,vehicle_breakdown,120.0
Unknown,Tumkur Road,,vehicle_breakdown,120.0
Unknown,Tumkur Road,,vehicle_breakdown,47.03375918333334
Unknown,Magadi Road,,vehicle_breakdown,120.0
Unknown,Non-corridor,,vehicle_breakdown,129.54430614999998
Unknown,Non-corridor,,vehicle_breakdown,120.0
Unknown,Non-corridor,,vehicle_breakdown,120.0
Unknown,ORR East 2,,vehicle_breakdown,120.0
Unknown,Bellary Road 2,,vehicle_breakdown,120.0
Unknown,Non-corridor,,vehicle_breakdown,30.303397416666666
Unknown,Tumkur Road,,vehicle_breakdown,45.28342463333333
Unknown,Bellary Road 1,,vehicle_breakdown,120.0
Unknown,Non-corridor,,vehicle_breakdown,120.0
Unknown,Mysore Road,,pot_holes,1440.0
Unknown,Non-corridor,,vehicle_breakdown,120.0
Unknown,Non-corridor,,vehicle_breakdown,120.0
Unknown,ORR West 1,,vehicle_breakdown,120.0
Unknown,Non-corridor,,others,120.0
Unknown,Non-corridor,,vehicle_breakdown,120.0
Unknown,Tumkur Road,,vehicle_breakdown,120.0
Unknown,Bellary Road 2,,construction,120.0
Unknown,Mysore Road,,water_logging,120.0
Unknown,Non-corridor,,tree_fall,1440.0
Unknown,ORR East 1,,vehicle_breakdown,18.49158505
Unknown,Non-corridor,,tree_fall,123.11069673333333
Unknown,ORR North 1,,tree_fall,27.822454966666665
Unknown,Non-corridor,,tree_fall,120.0
Unknown,Non-corridor,,vehicle_breakdown,29.09114751666667
Unknown,Airport New South Road,,tree_fall,55.80160463333333
Unknown,ORR East 1,,vehicle_breakdown,147.82595933333332
Unknown,Mysore Road,,water_logging,120.0
Unknown,Non-corridor,,water_logging,120.0
Unknown,Bellary Road 1,,water_logging,120.0
Unknown,West of Chord Road,,vehicle_breakdown,27.245910016666667
Unknown,ORR North 1,,water_logging,80.64387239999999
Unknown,Old Airport Road,,vehicle_breakdown,118.12879753333333
Unknown,Non-corridor,,water_logging,831.3955135166667
Unknown,Old Madras Road,,water_logging,120.0
Unknown,Non-corridor,,water_logging,1440.0
Unknown,Mysore Road,,water_logging,1440.0
Unknown,Mysore Road,,water_logging,120.0
Unknown,IRR(Thanisandra road),,water_logging,120.0
Unknown,Non-corridor,,water_logging,120.0
Unknown,Non-corridor,,tree_fall,120.0
Unknown,West of Chord Road,,tree_fall,120.0
Unknown,Old Madras Road,,water_logging,120.0
Unknown,Magadi Road,,vehicle_breakdown,32.77034728333334
Unknown,Magadi Road,,vehicle_breakdown,43.28897356666666
Unknown,Mysore Road,,tree_fall,185.27675816666667
Unknown,Non-corridor,,water_logging,1440.0
Unknown,ORR East 2,,others,52.82519771666667
Unknown,Non-corridor,,water_logging,33.98230143333333
Unknown,Non-corridor,,tree_fall,62.629011799999994
Unknown,Non-corridor,,tree_fall,120.0
Unknown,West of Chord Road,,tree_fall,10.0
Unknown,IRR(Thanisandra road),,tree_fall,120.0
Unknown,Mysore Road,,water_logging,841.5602696333333
Unknown,Non-corridor,,water_logging,31.003522133333334
Unknown,Mysore Road,,tree_fall,1440.0
Unknown,Non-corridor,,water_logging,1440.0
Unknown,Non-corridor,,water_logging,10.0
Unknown,Non-corridor,,water_logging,70.98094761666667
Unknown,West of Chord Road,,tree_fall,1440.0
Unknown,Non-corridor,,tree_fall,120.0
Unknown,West of Chord Road,,tree_fall,120.0
Unknown,Non-corridor,,congestion,10.0
Unknown,Mysore Road,,water_logging,120.0
Unknown,Magadi Road,,vehicle_breakdown,120.0
Unknown,Non-corridor,,water_logging,846.7670525833333
Unknown,Non-corridor,,vehicle_breakdown,120.0
Unknown,ORR North 2,,vehicle_breakdown,120.0
Unknown,Non-corridor,,congestion,125.9162801
Unknown,Non-corridor,,vehicle_breakdown,108.5029804
Unknown,Mysore Road,,vehicle_breakdown,120.0
Unknown,ORR North 2,,congestion,120.0
Unknown,Bellary Road 1,,vehicle_breakdown,27.2819623
Unknown,ORR East 1,,vehicle_breakdown,120.0
Unknown,Non-corridor,,water_logging,81.68219065
Unknown,Tumkur Road,,vehicle_breakdown,120.0
Unknown,Non-corridor,,accident,28.093455249999998
Unknown,Bellary Road 2,,vehicle_breakdown,120.0
Unknown,Non-corridor,,vehicle_breakdown,120.0
Unknown,ORR East 2,,water_logging,120.0
Unknown,Non-corridor,,vehicle_breakdown,120.0
Unknown,ORR East 2,,water_logging,1440.0
Unknown,CBD 2,,water_logging,1440.0
Unknown,Bannerghata Road,,water_logging,120.0
Unknown,Bannerghata Road,,water_logging,120.0
Unknown,Non-corridor,,vehicle_breakdown,23.377118366666664
Unknown,ORR East 2,,construction,120.0
Unknown,ORR East 2,,construction,397.89829058333333
Unknown,Mysore Road,,road_conditions,1440.0
Unknown,Bellary Road 1,,road_conditions,1440.0
Unknown,Non-corridor,,vehicle_breakdown,57.63663505
Unknown,CBD 2,,water_logging,1440.0
Unknown,Mysore Road,,vehicle_breakdown,120.0
Unknown,Non-corridor,,vehicle_breakdown,120.0
Unknown,Tumkur Road,,accident,62.21196405
Unknown,Non-corridor,,tree_fall,486.97046405000003
Unknown,ORR East 2,,construction,120.0
Unknown,Non-corridor,,pot_holes,120.0
Unknown,ORR West 1,,road_conditions,120.0
Unknown,Non-corridor,,pot_holes,120.0
Unknown,Hosur Road,,vehicle_breakdown,46.13815655
Unknown,Mysore Road,,tree_fall,1440.0
Unknown,Mysore Road,,others,120.0
Unknown,IRR(Thanisandra road),,water_logging,120.0
Unknown,Bannerghata Road,,road_conditions,120.0
Unknown,Bannerghata Road,,road_conditions,120.0
Unknown,Bannerghata Road,,road_conditions,120.0
Unknown,Non-corridor,,others,120.0
Unknown,Bannerghata Road,,road_conditions,120.0
Unknown,Bellary Road 1,,vehicle_breakdown,115.88590868333334
Unknown,Tumkur Road,,vehicle_breakdown,105.8915411
Unknown,Magadi Road,,pot_holes,1440.0
Unknown,Non-corridor,,tree_fall,40.36682893333333
Unknown,Non-corridor,,vehicle_breakdown,120.0
Unknown,Non-corridor,,vehicle_breakdown,120.0
Unknown,Non-corridor,,vehicle_breakdown,120.0
Unknown,Non-corridor,,vehicle_breakdown,120.0
Unknown,Tumkur Road,,vehicle_breakdown,120.0
Unknown,Non-corridor,,vehicle_breakdown,120.0
Unknown,Non-corridor,,vehicle_breakdown,120.0
Unknown,Non-corridor,,vehicle_breakdown,120.0
Unknown,Non-corridor,,vehicle_breakdown,120.0
Unknown,Non-corridor,,vehicle_breakdown,120.0
Unknown,Non-corridor,,vehicle_breakdown,120.0
Unknown,Non-corridor,,vehicle_breakdown,120.0
Unknown,Non-corridor,,tree_fall,29.77319076666667
Unknown,Bellary Road 1,,vehicle_breakdown,10.81146455
Unknown,Bannerghata Road,,vehicle_breakdown,79.09793438333332
Unknown,ORR West 1,,vehicle_breakdown,15.052173633333332
Unknown,ORR North 1,,vehicle_breakdown,120.0
Unknown,Old Madras Road,,pot_holes,1440.0
Unknown,ORR East 1,,vehicle_breakdown,120.0
Unknown,Non-corridor,,vehicle_breakdown,120.0
Unknown,West of Chord Road,,construction,120.0
Unknown,ORR East 1,,vehicle_breakdown,120.0
Unknown,Mysore Road,,vehicle_breakdown,120.0
Unknown,ORR East 1,,vehicle_breakdown,120.0
Unknown,Non-corridor,,vehicle_breakdown,120.0
Unknown,IRR(Thanisandra road),,pot_holes,120.0
Unknown,Non-corridor,,pot_holes,1440.0
Unknown,Non-corridor,,vehicle_breakdown,120.0
Unknown,Non-corridor,,vehicle_breakdown,120.0
Unknown,ORR East 2,,vehicle_breakdown,27.418236333333333
Unknown,Tumkur Road,,vehicle_breakdown,120.0
Unknown,Bellary Road 2,,accident,120.0
Unknown,ORR East 1,,vehicle_breakdown,30.649880516666666
South Zone 2,Hosur Road,AyyappaTempleJunc,pot_holes,1440.0
Unknown,Non-corridor,,vehicle_breakdown,50.121874866666666
Unknown,Magadi Road,,vehicle_breakdown,60.88455116666667
Unknown,Non-corridor,,vehicle_breakdown,32.11716358333334
Unknown,Old Madras Road,,vehicle_breakdown,18.52816173333333
Unknown,Bellary Road 1,,others,1273.2366011333334
Unknown,Non-corridor,,vehicle_breakdown,40.622727166666664
Unknown,Bellary Road 1,,vehicle_breakdown,120.0
Unknown,Non-corridor,,vehicle_breakdown,120.0
Unknown,Mysore Road,,vehicle_breakdown,120.0
Unknown,Bellary Road 1,,pot_holes,120.0
Unknown,CBD 1,,vehicle_breakdown,120.0
Unknown,Hosur Road,,vehicle_breakdown,120.0
Unknown,Hosur Road,,vehicle_breakdown,120.0
Unknown,Tumkur Road,,vehicle_breakdown,120.0
Unknown,Mysore Road,,vehicle_breakdown,120.0
Unknown,Hosur Road,,vehicle_breakdown,107.0100683
Unknown,Mysore Road,,vehicle_breakdown,120.0
Unknown,Bellary Road 1,,vehicle_breakdown,120.0
Unknown,Non-corridor,,vehicle_breakdown,120.0
Unknown,Mysore Road,,vehicle_breakdown,120.0
Unknown,ORR North 2,,congestion,120.0
Unknown,Non-corridor,,vehicle_breakdown,120.0
Unknown,Mysore Road,,vehicle_breakdown,120.0
Unknown,Non-corridor,,vehicle_breakdown,120.0
Unknown,Non-corridor,,vehicle_breakdown,45.149276816666664
Unknown,Tumkur Road,,vehicle_breakdown,120.0
Unknown,Old Madras Road,,vehicle_breakdown,120.0
Unknown,Old Madras Road,,vehicle_breakdown,120.0
Unknown,Non-corridor,,tree_fall,107.3134921
Unknown,Non-corridor,,others,120.0
Unknown,ORR North 1,,vehicle_breakdown,120.0
Unknown,Non-corridor,,vehicle_breakdown,10.0
Unknown,Mysore Road,,vehicle_breakdown,97.06916886666666
Unknown,ORR West 1,,pot_holes,109.25430580000001
Unknown,Non-corridor,,vehicle_breakdown,120.0
Unknown,ORR North 1,,vehicle_breakdown,120.0
Unknown,Non-corridor,,others,120.0
Unknown,CBD 2,,vehicle_breakdown,120.0
Unknown,Non-corridor,,vehicle_breakdown,16.730086149999998
Unknown,Non-corridor,,vehicle_breakdown,109.45861035
Unknown,Non-corridor,,vehicle_breakdown,120.0
Unknown,ORR East 2,,construction,120.0
Unknown,West of Chord Road,,tree_fall,1440.0
Unknown,Mysore Road,,vehicle_breakdown,120.0
Unknown,Non-corridor,,vehicle_breakdown,120.0
Unknown,Non-corridor,,vehicle_breakdown,120.0
Unknown,Bellary Road 1,,vehicle_breakdown,120.0
Unknown,Mysore Road,,water_logging,1440.0
Unknown,Non-corridor,,pot_holes,120.0
Unknown,Non-corridor,,pot_holes,1440.0
Unknown,Non-corridor,,vehicle_breakdown,120.0
Unknown,Tumkur Road,,vehicle_breakdown,10.0
Unknown,Non-corridor,,pot_holes,120.0
Unknown,Non-corridor,,vehicle_breakdown,19.155355633333333
Unknown,Non-corridor,,vehicle_breakdown,120.0
Unknown,Non-corridor,,vehicle_breakdown,120.0
Unknown,Bellary Road 2,,vehicle_breakdown,120.0
Unknown,Tumkur Road,,vehicle_breakdown,120.0
Unknown,Non-corridor,,vehicle_breakdown,120.0
Unknown,Bellary Road 2,,vehicle_breakdown,120.0
Unknown,Non-corridor,,vehicle_breakdown,120.0
Unknown,Tumkur Road,,vehicle_breakdown,120.0
Unknown,Non-corridor,,others,120.0
Unknown,Bellary Road 1,,vehicle_breakdown,120.0
Unknown,Non-corridor,,vehicle_breakdown,120.0
Unknown,Old Madras Road,,vehicle_breakdown,120.0
Unknown,Hosur Road,,vehicle_breakdown,22.957331716666665
Unknown,Bellary Road 1,,others,21.594104683333335
Unknown,Old Madras Road,,vehicle_breakdown,120.0
Unknown,Bellary Road 1,,vehicle_breakdown,120.0
Unknown,Mysore Road,,vehicle_breakdown,120.0
Unknown,Bellary Road 1,,vehicle_breakdown,120.0
Unknown,Tumkur Road,,vehicle_breakdown,120.0
Unknown,Non-corridor,,vehicle_breakdown,123.76114394999999
Unknown,Non-corridor,,vehicle_breakdown,120.0
Unknown,Non-corridor,,pot_holes,120.0
Unknown,Non-corridor,,vehicle_breakdown,12.062376916666667
Unknown,Non-corridor,,vehicle_breakdown,110.94811854999999
Unknown,Mysore Road,,others,120.0
Unknown,Bellary Road 1,,vehicle_breakdown,19.97699008333333
Unknown,Non-corridor,,vehicle_breakdown,33.289917816666666
Unknown,Tumkur Road,,vehicle_breakdown,86.64108061666667
Unknown,Non-corridor,,vehicle_breakdown,10.0
Unknown,Non-corridor,,pot_holes,120.0
Unknown,ORR East 1,,vehicle_breakdown,120.0
Unknown,Mysore Road,,vehicle_breakdown,120.0
Unknown,ORR North 1,,vehicle_breakdown,120.0
Unknown,Non-corridor,,vehicle_breakdown,120.0
Unknown,Non-corridor,,vehicle_breakdown,10.0
Unknown,Non-corridor,,others,101.6763598
Unknown,Non-corridor,,vehicle_breakdown,120.0
Unknown,Non-corridor,,pot_holes,1440.0
Unknown,Mysore Road,,vehicle_breakdown,120.0
Unknown,Non-corridor,,tree_fall,1440.0
Unknown,ORR East 1,,vehicle_breakdown,120.0
Unknown,Old Airport Road,,vehicle_breakdown,122.7237518
Unknown,Non-corridor,,vehicle_breakdown,90.95861588333334
Unknown,Mysore Road,,vehicle_breakdown,120.0
Unknown,ORR North 1,,vehicle_breakdown,120.0
Unknown,Non-corridor,,vehicle_breakdown,120.0
Unknown,ORR North 2,,vehicle_breakdown,120.0
Unknown,ORR North 2,,vehicle_breakdown,120.0
Unknown,Non-corridor,,construction,120.0
Unknown,ORR North 1,,vehicle_breakdown,120.0
Unknown,Bellary Road 1,,vehicle_breakdown,120.0
Unknown,Bellary Road 1,,vehicle_breakdown,24.24073986666667
Unknown,ORR North 2,,vehicle_breakdown,41.59923455
Unknown,Non-corridor,,vehicle_breakdown,120.0
Unknown,Non-corridor,,vehicle_breakdown,120.0
Unknown,ORR North 2,,vehicle_breakdown,120.0
Unknown,Non-corridor,,congestion,120.0
Unknown,Mysore Road,,vehicle_breakdown,120.0
Unknown,Non-corridor,,vehicle_breakdown,120.0
Unknown,Mysore Road,,vehicle_breakdown,18.0877439
Unknown,Old Madras Road,,construction,120.0
Unknown,IRR(Thanisandra road),,road_conditions,120.0
Unknown,Hennur Main Road,,congestion,120.0
Unknown,Non-corridor,,accident,120.0
Unknown,Mysore Road,,vehicle_breakdown,120.0
Unknown,Bellary Road 1,,accident,120.0
Central Zone 1,Hosur Road,AnepalyaJunc,others,1440.0
Unknown,IRR(Thanisandra road),,others,65.08393731666666
Unknown,Non-corridor,,construction,1440.0
Unknown,Magadi Road,,vehicle_breakdown,15.24906015
Unknown,Non-corridor,,others,120.0
Unknown,Mysore Road,,congestion,120.0
Unknown,Mysore Road,,vehicle_breakdown,120.0
Unknown,Non-corridor,,vehicle_breakdown,131.94412271666667
Unknown,Bellary Road 1,,vehicle_breakdown,120.0
Unknown,ORR North 1,,accident,120.0
Unknown,Tumkur Road,,others,92.57581136666666
Unknown,Tumkur Road,,vehicle_breakdown,120.0
Unknown,ORR West 1,,vehicle_breakdown,120.0
Unknown,Non-corridor,,congestion,120.0
Unknown,Bellary Road 2,,accident,111.00052843333333
Unknown,IRR(Thanisandra road),,road_conditions,120.0
Unknown,ORR North 2,,vehicle_breakdown,75.40505538333333
Unknown,Non-corridor,,vehicle_breakdown,68.49113005
Unknown,Bellary Road 1,,others,1440.0
Unknown,Bellary Road 2,,others,1440.0
Unknown,Non-corridor,,vehicle_breakdown,120.0
Unknown,ORR East 2,,vehicle_breakdown,120.0
Unknown,Old Airport Road,,vehicle_breakdown,74.84090605
Unknown,Non-corridor,,others,120.0
Unknown,Non-corridor,,others,235.79430155
Unknown,Non-corridor,,vehicle_breakdown,120.0
Unknown,West of Chord Road,,pot_holes,120.0
Unknown,ORR East 1,,construction,120.0
Unknown,ORR East 1,,vehicle_breakdown,145.02591746666667
Unknown,ORR East 2,,vehicle_breakdown,120.0
Unknown,ORR East 2,,vehicle_breakdown,120.0
Unknown,Mysore Road,,vehicle_breakdown,120.0
Unknown,Non-corridor,,others,120.0
Unknown,Non-corridor,,vehicle_breakdown,120.0
Unknown,Non-corridor,,vehicle_breakdown,120.0
Unknown,Old Airport Road,,vehicle_breakdown,14.23674055
Unknown,Magadi Road,,pot_holes,120.0
Unknown,West of Chord Road,,vehicle_breakdown,120.0
Unknown,IRR(Thanisandra road),,tree_fall,120.0
Unknown,Mysore Road,,vehicle_breakdown,120.0
Unknown,Varthur Road,,vehicle_breakdown,120.0
Unknown,West of Chord Road,,vehicle_breakdown,120.0
Unknown,ORR East 1,,congestion,120.0
Unknown,Non-corridor,,vehicle_breakdown,120.0
Unknown,Non-corridor,,vehicle_breakdown,120.0
Unknown,Magadi Road,,vehicle_breakdown,120.0
Unknown,ORR East 1,,vehicle_breakdown,120.0
Unknown,Bellary Road 1,,pot_holes,120.0
Unknown,ORR North 1,,vehicle_breakdown,37.87514003333333
Unknown,Non-corridor,,vehicle_breakdown,120.0
Unknown,Airport New South Road,,vehicle_breakdown,120.0
Unknown,Tumkur Road,,vehicle_breakdown,120.0
Unknown,Bellary Road 1,,vehicle_breakdown,136.31685245
Unknown,Hosur Road,,vehicle_breakdown,120.0
Unknown,Bannerghata Road,,water_logging,120.0
Unknown,ORR North 2,,others,30.405308533333333
Unknown,Non-corridor,,construction,120.0
Unknown,Bannerghata Road,,water_logging,1440.0
Unknown,ORR North 2,,vehicle_breakdown,120.0
Unknown,Mysore Road,,vehicle_breakdown,40.551200216666665
Unknown,Non-corridor,,road_conditions,120.0
Unknown,Bannerghata Road,,vehicle_breakdown,37.75064423333333
Unknown,Bellary Road 1,,vehicle_breakdown,79.2974488
Unknown,ORR North 2,,vehicle_breakdown,120.0
Unknown,Non-corridor,,pot_holes,120.0
Unknown,Bannerghata Road,,vehicle_breakdown,120.0
Unknown,Non-corridor,,vehicle_breakdown,120.0
Unknown,Magadi Road,,others,120.0
Unknown,Mysore Road,,vehicle_breakdown,120.0
Unknown,Mysore Road,,vehicle_breakdown,35.1868439
Unknown,Mysore Road,,vehicle_breakdown,120.0
Unknown,Mysore Road,,vehicle_breakdown,70.84477651666666
Unknown,Non-corridor,,vehicle_breakdown,120.0
Unknown,Varthur Road,,vehicle_breakdown,120.0
Unknown,Bellary Road 1,,vehicle_breakdown,120.0
Unknown,West of Chord Road,,vehicle_breakdown,120.0
Unknown,Bellary Road 1,,vehicle_breakdown,120.0
Unknown,Bellary Road 2,,vehicle_breakdown,120.0
Unknown,Non-corridor,,vehicle_breakdown,120.0
Unknown,Mysore Road,,vehicle_breakdown,38.20066928333333
Unknown,ORR East 1,,vehicle_breakdown,120.0
Unknown,Bellary Road 2,,others,241.04827926666667
Unknown,Varthur Road,,vehicle_breakdown,46.857148433333336
Unknown,ORR East 1,,vehicle_breakdown,120.0
Unknown,Non-corridor,,vehicle_breakdown,64.38512095
Unknown,Airport New South Road,,vehicle_breakdown,120.0
Unknown,Tumkur Road,,tree_fall,625.2399286
Unknown,ORR North 1,,vehicle_breakdown,120.0
Unknown,Bannerghata Road,,road_conditions,120.0
Unknown,Magadi Road,,vehicle_breakdown,120.0
Unknown,Bellary Road 2,,vehicle_breakdown,120.0
Unknown,Mysore Road,,vehicle_breakdown,120.0
Unknown,Non-corridor,,vehicle_breakdown,120.0
Unknown,Bellary Road 1,,vehicle_breakdown,15.27002655
Unknown,Mysore Road,,public_event,120.0
Unknown,Hosur Road,,others,1440.0
Unknown,Bellary Road 1,,vehicle_breakdown,120.0
Unknown,Old Madras Road,,vehicle_breakdown,58.26014678333333
Unknown,Old Madras Road,,vehicle_breakdown,34.93423536666667
Unknown,ORR East 1,,vehicle_breakdown,120.0
Unknown,Non-corridor,,vehicle_breakdown,120.0
Unknown,Magadi Road,,vehicle_breakdown,120.0
Unknown,ORR North 2,,vehicle_breakdown,120.0
Unknown,Non-corridor,,vehicle_breakdown,120.0
Unknown,Tumkur Road,,vehicle_breakdown,59.305708083333336
Unknown,Non-corridor,,vehicle_breakdown,120.0
Unknown,Old Madras Road,,others,120.0
Unknown,ORR North 2,,vehicle_breakdown,120.0
Unknown,ORR North 2,,vehicle_breakdown,120.0
Unknown,ORR East 1,,vehicle_breakdown,110.08692461666666
Unknown,Mysore Road,,vehicle_breakdown,120.0
Unknown,Mysore Road,,vehicle_breakdown,115.65848086666666
Unknown,Non-corridor,,vehicle_breakdown,11.757047016666666
Unknown,Mysore Road,,vehicle_breakdown,41.90043643333333
Unknown,ORR North 2,,congestion,120.0
Unknown,Mysore Road,,vehicle_breakdown,120.0
Unknown,Non-corridor,,others,48.774039916666666
Unknown,Non-corridor,,vehicle_breakdown,61.62912321666667
Unknown,Old Madras Road,,vehicle_breakdown,120.0
Unknown,Non-corridor,,vehicle_breakdown,120.0
Unknown,Magadi Road,,vehicle_breakdown,120.0
Unknown,Bellary Road 1,,vehicle_breakdown,165.32164101666666
Unknown,Bellary Road 2,,vehicle_breakdown,120.0
Unknown,ORR North 2,,vehicle_breakdown,120.0
Unknown,Tumkur Road,,vehicle_breakdown,36.63884388333334
Unknown,West of Chord Road,,vehicle_breakdown,120.0
Unknown,ORR North 1,,tree_fall,120.0
Unknown,Non-corridor,,water_logging,120.0
Unknown,Non-corridor,,tree_fall,120.0
Unknown,ORR North 1,,water_logging,1440.0
Unknown,ORR North 1,,tree_fall,120.0
Unknown,Non-corridor,,water_logging,120.0
Unknown,Non-corridor,,tree_fall,120.0
Unknown,Bellary Road 1,,water_logging,166.96345176666668
Unknown,Non-corridor,,water_logging,200.69236025
Unknown,ORR North 1,,tree_fall,91.21919121666666
Unknown,Non-corridor,,water_logging,120.0
Unknown,Non-corridor,,tree_fall,925.7372646833334
Unknown,Non-corridor,,water_logging,1006.1655060333334
Unknown,ORR North 1,,tree_fall,1440.0
Unknown,Non-corridor,,accident,120.0
Unknown,Bellary Road 1,,water_logging,47.057578199999995
Unknown,Tumkur Road,,water_logging,290.6539000166667
Unknown,Non-corridor,,water_logging,120.0
Unknown,Non-corridor,,water_logging,120.0
Unknown,Non-corridor,,others,995.1403278833333
Unknown,Non-corridor,,water_logging,1440.0
East Zone 2,Non-corridor,,accident,120.0
Unknown,Mysore Road,,water_logging,41.50739275
Unknown,Varthur Road,,water_logging,120.0
Unknown,Non-corridor,,tree_fall,910.6879625166667
Unknown,Varthur Road,,water_logging,1440.0
Unknown,Bellary Road 2,,water_logging,1440.0
Unknown,ORR North 2,,vehicle_breakdown,120.0
Unknown,Tumkur Road,,tree_fall,266.31099951666664
Unknown,West of Chord Road,,vehicle_breakdown,120.0
Unknown,Non-corridor,,water_logging,120.0
Unknown,Non-corridor,,water_logging,30.881768916666665
Unknown,Non-corridor,,tree_fall,120.0
Unknown,Non-corridor,,water_logging,120.0
Unknown,Non-corridor,,tree_fall,18.83196996666667
Unknown,Tumkur Road,,water_logging,22.479101616666664
Unknown,Non-corridor,,tree_fall,120.0
Unknown,Non-corridor,,tree_fall,120.0
Unknown,Non-corridor,,tree_fall,120.0
Unknown,Tumkur Road,,vehicle_breakdown,27.599997716666667
Unknown,Bellary Road 2,,vehicle_breakdown,120.0
Unknown,West of Chord Road,,tree_fall,33.88522995
Unknown,Tumkur Road,,vehicle_breakdown,14.710999483333334
Unknown,Non-corridor,,tree_fall,120.0
Unknown,Non-corridor,,tree_fall,120.0
Unknown,ORR North 1,,congestion,120.0
Unknown,West of Chord Road,,vehicle_breakdown,40.58120198333334
Unknown,ORR East 1,,vehicle_breakdown,120.0
Unknown,Non-corridor,,tree_fall,32.49691728333333
Unknown,Non-corridor,,water_logging,120.0
Unknown,Non-corridor,,vehicle_breakdown,120.0
Unknown,Bellary Road 1,,vehicle_breakdown,120.0
Unknown,Mysore Road,,vehicle_breakdown,120.0
Unknown,ORR East 2,,vehicle_breakdown,120.0
Unknown,Non-corridor,,vehicle_breakdown,120.0
Unknown,Bellary Road 2,,vehicle_breakdown,20.8340875
Unknown,West of Chord Road,,others,72.12592303333332
Unknown,Non-corridor,,pot_holes,120.0
Unknown,Non-corridor,,vehicle_breakdown,120.0
Unknown,Non-corridor,,pot_holes,120.0
South Zone 1,Non-corridor,,pot_holes,120.0
Unknown,Bellary Road 2,,vehicle_breakdown,96.70297571666667
Unknown,Hosur Road,,vehicle_breakdown,120.0
South Zone 1,Non-corridor,,pot_holes,120.0
Unknown,Non-corridor,,construction,46.820458583333334
Unknown,Hosur Road,,vehicle_breakdown,120.0
Unknown,Hosur Road,,vehicle_breakdown,120.0
Unknown,Non-corridor,,tree_fall,120.0
Unknown,West of Chord Road,,water_logging,120.0
Unknown,Non-corridor,,others,63.648181349999994
Unknown,Non-corridor,,pot_holes,120.0
Unknown,Non-corridor,,water_logging,120.0
Unknown,Non-corridor,,tree_fall,120.0
Unknown,Non-corridor,,tree_fall,1440.0
Unknown,Mysore Road,,water_logging,1440.0
Unknown,Mysore Road,,vehicle_breakdown,48.24166831666666
Unknown,Non-corridor,,tree_fall,10.0
Unknown,Non-corridor,,tree_fall,120.0
Unknown,Non-corridor,,vehicle_breakdown,25.400898083333335
Unknown,Non-corridor,,tree_fall,90.36818116666667
Unknown,Bellary Road 1,,others,72.40414826666667
Unknown,Non-corridor,,tree_fall,120.0
Unknown,Non-corridor,,tree_fall,120.0
Unknown,Non-corridor,,vehicle_breakdown,86.31497898333333
Unknown,Bannerghata Road,,vehicle_breakdown,122.30917251666666
Unknown,Non-corridor,,tree_fall,1440.0
Unknown,Non-corridor,,tree_fall,1440.0
Unknown,Non-corridor,,tree_fall,1440.0
Unknown,Non-corridor,,tree_fall,120.0
Unknown,Non-corridor,,vehicle_breakdown,21.402474516666665
Unknown,Bellary Road 1,,vehicle_breakdown,95.43600070000001
Unknown,Magadi Road,,vehicle_breakdown,120.0
Unknown,CBD 2,,vehicle_breakdown,120.0
Unknown,Non-corridor,,tree_fall,120.0
Unknown,Non-corridor,,tree_fall,1411.9529853499998
Unknown,Mysore Road,,public_event,120.0
Unknown,Bellary Road 1,,vehicle_breakdown,120.0
Unknown,CBD 1,,construction,120.0
Unknown,Old Madras Road,,construction,120.0
Unknown,Mysore Road,,vehicle_breakdown,120.0
Unknown,Tumkur Road,,vehicle_breakdown,120.0
Unknown,Mysore Road,,vehicle_breakdown,120.0
Unknown,Non-corridor,,vehicle_breakdown,120.0
Unknown,Bellary Road 2,,vehicle_breakdown,10.0
Unknown,Mysore Road,,vehicle_breakdown,120.0
Unknown,ORR East 1,,pot_holes,120.0
Unknown,Non-corridor,,vehicle_breakdown,120.0
Unknown,ORR East 1,,vehicle_breakdown,120.0
Unknown,ORR West 1,,Debris,120.0
Unknown,Bannerghata Road,,accident,120.0
Unknown,ORR East 1,,pot_holes,1197.5816577
Unknown,Mysore Road,,vehicle_breakdown,120.0
Unknown,Magadi Road,,pot_holes,1440.0
Unknown,ORR West 1,,vehicle_breakdown,120.0
Unknown,Varthur Road,,vehicle_breakdown,14.215710583333333
Unknown,Non-corridor,,vehicle_breakdown,30.141555516666664
Unknown,Non-corridor,,vehicle_breakdown,39.16560811666667
Unknown,Bellary Road 1,,vehicle_breakdown,35.277599050000006
Unknown,Non-corridor,,vehicle_breakdown,120.0
Unknown,Non-corridor,,vehicle_breakdown,120.0
Unknown,Bellary Road 2,,vehicle_breakdown,120.0
Unknown,Non-corridor,,pot_holes,226.26411701666666
Unknown,Non-corridor,,procession,120.0
Unknown,Non-corridor,,road_conditions,120.0
Unknown,Tumkur Road,,vehicle_breakdown,112.07015633333334
Unknown,ORR North 1,,pot_holes,120.0
Unknown,ORR North 1,,pot_holes,120.0
Unknown,ORR East 1,,road_conditions,120.0
Unknown,ORR North 1,,pot_holes,120.0
Unknown,Non-corridor,,tree_fall,120.0
Unknown,Bellary Road 2,,accident,61.258163683333336
Unknown,Magadi Road,,vehicle_breakdown,120.0
Unknown,Non-corridor,,vehicle_breakdown,120.0
Unknown,Non-corridor,,vehicle_breakdown,120.0
Unknown,Non-corridor,,vehicle_breakdown,21.601343216666667
Unknown,Non-corridor,,vehicle_breakdown,120.0
Unknown,ORR North 2,,vehicle_breakdown,123.6661835
Unknown,Non-corridor,,vehicle_breakdown,120.0
Unknown,Mysore Road,,vehicle_breakdown,10.0
Unknown,Bellary Road 1,,vehicle_breakdown,120.0
Unknown,ORR North 2,,congestion,120.0
Unknown,Magadi Road,,vehicle_breakdown,120.0
Unknown,Mysore Road,,vehicle_breakdown,120.0
Unknown,Bellary Road 2,,vehicle_breakdown,120.0
Unknown,ORR North 2,,vehicle_breakdown,120.0
Unknown,Tumkur Road,,vehicle_breakdown,25.809777583333336
Unknown,Non-corridor,,public_event,120.0
Unknown,Non-corridor,,vehicle_breakdown,120.0
Unknown,Non-corridor,,vehicle_breakdown,120.0
Unknown,Non-corridor,,public_event,120.0
Unknown,Non-corridor,,vehicle_breakdown,120.0
Unknown,Old Madras Road,,vehicle_breakdown,120.0
Unknown,Non-corridor,,tree_fall,120.0
Unknown,Non-corridor,,construction,1440.0
Unknown,ORR West 1,,public_event,120.0
Unknown,Hosur Road,,accident,120.0
Unknown,Non-corridor,,vehicle_breakdown,40.9466631
Unknown,Non-corridor,,vehicle_breakdown,120.0
Unknown,Mysore Road,,vehicle_breakdown,120.0
Unknown,Tumkur Road,,pot_holes,1440.0
Unknown,Non-corridor,,vehicle_breakdown,120.0
Unknown,Bellary Road 1,,vehicle_breakdown,120.0
Unknown,Non-corridor,,vehicle_breakdown,120.0
Unknown,CBD 1,,tree_fall,120.0
Unknown,Mysore Road,,vehicle_breakdown,120.0
Unknown,Non-corridor,,vehicle_breakdown,24.558310283333334
Unknown,IRR(Thanisandra road),,vehicle_breakdown,120.0
Unknown,Mysore Road,,vehicle_breakdown,76.01981826666666
Unknown,Non-corridor,,accident,120.0
Unknown,Non-corridor,,vehicle_breakdown,120.0
Unknown,Old Madras Road,,vehicle_breakdown,120.0
Unknown,Mysore Road,,vehicle_breakdown,120.0
Unknown,Bellary Road 2,,vehicle_breakdown,120.0
Unknown,Non-corridor,,vehicle_breakdown,27.298359316666666
Unknown,Non-corridor,,procession,120.0
Unknown,Non-corridor,,vehicle_breakdown,19.6133014
Unknown,Tumkur Road,,vehicle_breakdown,22.866417416666664
Unknown,Mysore Road,,vehicle_breakdown,10.0
Unknown,Bellary Road 1,,vehicle_breakdown,65.88227233333333
Unknown,Tumkur Road,,vehicle_breakdown,120.0
Unknown,Bannerghata Road,,water_logging,120.0
Unknown,ORR West 1,,vehicle_breakdown,120.0
Unknown,Non-corridor,,vehicle_breakdown,120.0
Unknown,Non-corridor,,tree_fall,120.0
Unknown,Magadi Road,,vehicle_breakdown,65.73336365
Unknown,Bellary Road 2,,vehicle_breakdown,120.0
Unknown,ORR North 1,,vehicle_breakdown,120.0
Unknown,Bannerghata Road,,water_logging,120.0
Unknown,ORR East 1,,water_logging,1440.0
Unknown,Bannerghata Road,,water_logging,1440.0
Unknown,Bannerghata Road,,water_logging,120.0
Unknown,Non-corridor,,water_logging,120.0
Unknown,Hosur Road,,water_logging,120.0
Unknown,Bannerghata Road,,water_logging,48.68090058333333
Unknown,IRR(Thanisandra road),,tree_fall,120.0
Unknown,Non-corridor,,vehicle_breakdown,61.2069801
Unknown,Hosur Road,,water_logging,142.49620595
Unknown,Hosur Road,,water_logging,142.60774456666667
Unknown,Bannerghata Road,,water_logging,120.0
Unknown,Bannerghata Road,,water_logging,1440.0
Unknown,Bannerghata Road,,tree_fall,120.0
Unknown,Bannerghata Road,,water_logging,120.0
Unknown,Non-corridor,,tree_fall,16.979280016666667
Unknown,Non-corridor,,water_logging,40.03074528333333
Unknown,ORR West 1,,tree_fall,72.61775473333334
Unknown,Non-corridor,,tree_fall,96.0607281
Unknown,Non-corridor,,tree_fall,1393.53298145
Unknown,Bellary Road 2,,vehicle_breakdown,120.0
Unknown,Bellary Road 1,,vehicle_breakdown,120.0
Unknown,Non-corridor,,vehicle_breakdown,120.0
Unknown,Non-corridor,,vehicle_breakdown,120.0
Unknown,Non-corridor,,vehicle_breakdown,32.297003716666666
Unknown,Hosur Road,,water_logging,120.0
Unknown,Hosur Road,,water_logging,120.0
Unknown,Non-corridor,,tree_fall,120.0
Unknown,Hosur Road,,water_logging,49.00152443333333
Unknown,ORR West 1,,water_logging,1373.5644947333335
Unknown,Hosur Road,,tree_fall,1440.0
Unknown,Bannerghata Road,,water_logging,1440.0
Unknown,Bannerghata Road,,water_logging,1440.0
Unknown,Hosur Road,,water_logging,120.0
Unknown,Hosur Road,,tree_fall,120.0
Unknown,Non-corridor,,tree_fall,120.0
Unknown,Hosur Road,,water_logging,120.0
Unknown,Hosur Road,,water_logging,120.0
Unknown,Hosur Road,,water_logging,120.0
Unknown,Non-corridor,,water_logging,16.5208074
Unknown,Non-corridor,,tree_fall,548.7531228
Unknown,Non-corridor,,others,120.0
Unknown,Non-corridor,,tree_fall,1320.4380149333333
Unknown,Hosur Road,,tree_fall,120.0
Unknown,Hosur Road,,tree_fall,120.0
Unknown,Bannerghata Road,,tree_fall,120.0
Unknown,Non-corridor,,tree_fall,120.0
Unknown,Non-corridor,,tree_fall,120.0
Unknown,Non-corridor,,water_logging,120.0
Unknown,Non-corridor,,tree_fall,536.49335105
Unknown,Bellary Road 1,,vehicle_breakdown,48.2565839
Unknown,Mysore Road,,vehicle_breakdown,120.0
Unknown,ORR West 1,,tree_fall,120.0
Unknown,Non-corridor,,vehicle_breakdown,120.0
Unknown,Mysore Road,,vehicle_breakdown,120.0
Unknown,Bellary Road 2,,vehicle_breakdown,120.0
Unknown,Non-corridor,,vehicle_breakdown,120.0
Unknown,Non-corridor,,water_logging,1440.0
Unknown,ORR East 1,,vehicle_breakdown,120.0
Unknown,Non-corridor,,water_logging,120.0
Unknown,Bannerghata Road,,water_logging,120.0
Unknown,Non-corridor,,vehicle_breakdown,45.58134771666666
Unknown,Non-corridor,,tree_fall,300.69633755
Unknown,ORR East 2,,construction,120.0
Unknown,Non-corridor,,vehicle_breakdown,120.0
Unknown,Non-corridor,,vehicle_breakdown,120.0
Unknown,Bellary Road 2,,vehicle_breakdown,120.0
Unknown,Non-corridor,,vehicle_breakdown,120.0
Unknown,Non-corridor,,vehicle_breakdown,120.0
Unknown,Non-corridor,,vehicle_breakdown,120.0
Unknown,Non-corridor,,others,120.0
Unknown,Non-corridor,,accident,120.0
Unknown,West of Chord Road,,pot_holes,120.0
Unknown,West of Chord Road,,tree_fall,155.89571066666667
Unknown,Bellary Road 1,,vehicle_breakdown,120.0
Unknown,ORR East 1,,pot_holes,120.0
Unknown,Non-corridor,,vehicle_breakdown,120.0
Unknown,Bannerghata Road,,vehicle_breakdown,120.0
Unknown,Magadi Road,,vehicle_breakdown,120.0
Unknown,Bannerghata Road,,vehicle_breakdown,120.0
Unknown,Non-corridor,,vehicle_breakdown,120.0
Unknown,Mysore Road,,vehicle_breakdown,26.13505413333333
Unknown,Non-corridor,,tree_fall,952.3543390833333
Unknown,Non-corridor,,accident,120.0
Unknown,ORR North 1,,vehicle_breakdown,120.0
Unknown,Bellary Road 1,,vehicle_breakdown,120.0
Unknown,Old Madras Road,,vehicle_breakdown,35.63385138333333
Unknown,CBD 1,,vehicle_breakdown,120.0
Unknown,Tumkur Road,,vehicle_breakdown,14.8788692
Unknown,ORR West 1,,vehicle_breakdown,120.0
Unknown,Tumkur Road,,vehicle_breakdown,120.0
Unknown,Bellary Road 1,,vehicle_breakdown,120.0
Unknown,Non-corridor,,others,1440.0
Unknown,Non-corridor,,vehicle_breakdown,120.0
Unknown,Non-corridor,,vehicle_breakdown,10.893157416666666
Unknown,Hosur Road,,others,120.0
Unknown,Non-corridor,,others,120.0
Unknown,Non-corridor,,vehicle_breakdown,48.53696371666667
Unknown,Mysore Road,,vehicle_breakdown,58.50245235
Unknown,Mysore Road,,vehicle_breakdown,120.0
Unknown,Magadi Road,,road_conditions,1440.0
Central Zone 2,Non-corridor,MintoJunction,Debris,1440.0
Unknown,Magadi Road,,vehicle_breakdown,120.0
Unknown,Non-corridor,,water_logging,1440.0
Unknown,Magadi Road,,others,14.85765895
Unknown,Non-corridor,,others,120.0
Unknown,Non-corridor,,vehicle_breakdown,120.0
Unknown,Old Madras Road,,vehicle_breakdown,120.0
Unknown,Non-corridor,,water_logging,1440.0
Unknown,Non-corridor,,water_logging,1440.0
Unknown,Non-corridor,,water_logging,1440.0
Unknown,ORR East 2,,water_logging,120.0
Unknown,ORR West 1,,water_logging,1440.0
Unknown,Non-corridor,,water_logging,1440.0
Unknown,ORR North 2,,water_logging,106.64748336666666
Central Zone 2,Non-corridor,SubbannaJunction,pot_holes,1440.0
Unknown,Mysore Road,,water_logging,34.89283663333333
Unknown,Non-corridor,,water_logging,120.0
Unknown,Non-corridor,,water_logging,948.7411337666667
Unknown,Mysore Road,,water_logging,120.0
Unknown,Mysore Road,,water_logging,120.0
Unknown,Non-corridor,,water_logging,63.20659305
Unknown,Mysore Road,,water_logging,214.58835468333334
Unknown,West of Chord Road,,water_logging,1440.0
Unknown,Non-corridor,,tree_fall,120.0
Unknown,Non-corridor,,water_logging,120.0
Unknown,Bannerghata Road,,water_logging,120.0
Unknown,Non-corridor,,water_logging,120.0
Unknown,Bellary Road 1,,water_logging,160.49394478333335
Unknown,Mysore Road,,water_logging,1440.0
Unknown,Non-corridor,,tree_fall,120.0
Unknown,Mysore Road,,water_logging,10.0
Unknown,Mysore Road,,water_logging,102.53868266666667
Unknown,ORR North 1,,water_logging,120.0
Unknown,Bannerghata Road,,water_logging,120.0
Unknown,Old Madras Road,,water_logging,65.57669031666667
Unknown,ORR East 1,,water_logging,10.0
Unknown,ORR North 1,,water_logging,120.0
Unknown,Hosur Road,,water_logging,120.0
Unknown,ORR East 1,,water_logging,120.0
Unknown,Non-corridor,,water_logging,1437.0530988
Unknown,ORR North 1,,water_logging,46.07936715
Unknown,Old Madras Road,,water_logging,10.0
Unknown,ORR North 2,,water_logging,1440.0
Unknown,Tumkur Road,,water_logging,1440.0
Unknown,Non-corridor,,water_logging,120.0
Unknown,Mysore Road,,water_logging,32.478422933333334
Unknown,Old Airport Road,,water_logging,120.0
Unknown,Non-corridor,,tree_fall,44.1921915
Unknown,Old Airport Road,,water_logging,120.0
Unknown,Non-corridor,,others,56.71689196666667
Unknown,Non-corridor,,water_logging,130.15376253333335
Unknown,Tumkur Road,,tree_fall,1153.7935038666667
Unknown,Tumkur Road,,water_logging,1416.37773795
Unknown,Mysore Road,,water_logging,1440.0
Unknown,Mysore Road,,water_logging,14.584563283333333
Unknown,Mysore Road,,water_logging,1440.0
Unknown,ORR West 1,,water_logging,1440.0
Unknown,Varthur Road,,water_logging,1440.0
Unknown,Non-corridor,,water_logging,120.0
Unknown,Non-corridor,,tree_fall,120.0
Unknown,Mysore Road,,vehicle_breakdown,120.0
Unknown,ORR East 1,,water_logging,120.0
Unknown,Varthur Road,,water_logging,1440.0
Unknown,Mysore Road,,water_logging,120.0
Unknown,Non-corridor,,accident,120.0
Unknown,Varthur Road,,water_logging,35.91581583333333
Unknown,Non-corridor,,water_logging,120.0
Unknown,Non-corridor,,others,1403.7603150166665
Unknown,Non-corridor,,tree_fall,120.0
Unknown,Non-corridor,,others,120.0
Unknown,Non-corridor,,tree_fall,64.03180449999999
Unknown,Non-corridor,,tree_fall,77.13955258333334
Unknown,Non-corridor,,water_logging,1440.0
Unknown,Non-corridor,,water_logging,1440.0
Unknown,ORR East 1,,pot_holes,120.0
Unknown,ORR East 1,,pot_holes,120.0
Unknown,ORR East 1,,pot_holes,120.0
Unknown,ORR East 1,,pot_holes,120.0
Unknown,ORR East 1,,pot_holes,120.0
Unknown,Non-corridor,,pot_holes,120.0
Unknown,Tumkur Road,,vehicle_breakdown,16.6484411
Unknown,Bellary Road 1,,pot_holes,120.0
Unknown,Non-corridor,,vehicle_breakdown,120.0
Unknown,ORR East 1,,pot_holes,120.0
Unknown,ORR East 1,,pot_holes,120.0
Unknown,ORR East 2,,vehicle_breakdown,120.0
Unknown,ORR East 1,,pot_holes,120.0
Unknown,Non-corridor,,vehicle_breakdown,120.0
Unknown,Non-corridor,,vehicle_breakdown,120.0
Unknown,Non-corridor,,vehicle_breakdown,120.0
Unknown,ORR East 1,,pot_holes,120.0
Unknown,Non-corridor,,vehicle_breakdown,120.0
Unknown,Non-corridor,,vehicle_breakdown,15.931807983333334
Unknown,Non-corridor,,pot_holes,120.0
Unknown,ORR East 1,,pot_holes,120.0
Unknown,Non-corridor,,pot_holes,120.0
Unknown,Non-corridor,,pot_holes,120.0
Unknown,Old Madras Road,,vehicle_breakdown,35.37574233333333
Unknown,West of Chord Road,,pot_holes,120.0
Unknown,Old Madras Road,,vehicle_breakdown,21.099181166666664
Unknown,Old Madras Road,,tree_fall,54.21143968333333
Unknown,Old Madras Road,,others,623.1539982833333
Unknown,ORR East 1,,pot_holes,120.0
Unknown,Non-corridor,,vehicle_breakdown,120.0
Unknown,Non-corridor,,vehicle_breakdown,120.0
Unknown,ORR East 1,,pot_holes,120.0
Unknown,Non-corridor,,tree_fall,38.38311856666667
Unknown,Non-corridor,,vehicle_breakdown,48.38570516666667
Unknown,Non-corridor,,water_logging,100.97545570000001
Unknown,Non-corridor,,tree_fall,1440.0
Unknown,ORR East 1,,pot_holes,120.0
Unknown,Hosur Road,,vehicle_breakdown,120.0
Unknown,Non-corridor,,vehicle_breakdown,120.0
Unknown,ORR North 1,,construction,120.0
Unknown,Non-corridor,,pot_holes,120.0
Unknown,Old Madras Road,,vehicle_breakdown,93.39061898333333
Unknown,Non-corridor,,others,120.0
Unknown,CBD 2,,pot_holes,120.0
Unknown,Bannerghata Road,,tree_fall,30.045177533333334
Unknown,Non-corridor,,vehicle_breakdown,120.0
Unknown,Non-corridor,,vehicle_breakdown,120.0
Unknown,Non-corridor,,vehicle_breakdown,120.0
Unknown,Non-corridor,,construction,120.0
Unknown,Mysore Road,,vehicle_breakdown,86.21060556666666
Unknown,Non-corridor,,road_conditions,120.0
Unknown,West of Chord Road,,vehicle_breakdown,120.0
Unknown,Mysore Road,,tree_fall,120.0
Unknown,Non-corridor,,road_conditions,120.0
Unknown,Non-corridor,,vehicle_breakdown,120.0
Unknown,Non-corridor,,vehicle_breakdown,13.937764283333333
Unknown,Non-corridor,,vehicle_breakdown,21.3044091
Unknown,Old Madras Road,,vehicle_breakdown,120.0
Unknown,Mysore Road,,vehicle_breakdown,120.0
Unknown,Mysore Road,,others,306.1306395666667
Unknown,ORR East 2,,construction,120.0
Unknown,CBD 2,,vehicle_breakdown,10.0
Unknown,Bellary Road 1,,vehicle_breakdown,62.002885516666666
Unknown,Non-corridor,,vehicle_breakdown,16.351039883333335
Unknown,Non-corridor,,road_conditions,120.0
Unknown,Non-corridor,,vehicle_breakdown,120.0
Unknown,Non-corridor,,vehicle_breakdown,120.0
Unknown,Tumkur Road,,vehicle_breakdown,100.47900773333335
Unknown,CBD 2,,vehicle_breakdown,10.0
Unknown,Non-corridor,,vehicle_breakdown,149.70177753333334
Unknown,Non-corridor,,vehicle_breakdown,120.0
Unknown,Non-corridor,,others,31.60635735
Unknown,Magadi Road,,vehicle_breakdown,120.0
Unknown,Non-corridor,,vehicle_breakdown,42.76717533333333
Unknown,Mysore Road,,vehicle_breakdown,120.0
Unknown,Non-corridor,,vehicle_breakdown,82.94842686666667
Unknown,Old Madras Road,,pot_holes,1440.0
Unknown,West of Chord Road,,vehicle_breakdown,120.0
Unknown,Non-corridor,,vehicle_breakdown,120.0
Unknown,ORR West 1,,vehicle_breakdown,120.0
Unknown,Magadi Road,,vehicle_breakdown,120.0
Unknown,Tumkur Road,,vehicle_breakdown,117.5478197
Unknown,Magadi Road,,vehicle_breakdown,82.63382763333334
Unknown,Tumkur Road,,vehicle_breakdown,10.0
Unknown,Tumkur Road,,accident,26.873762566666667
Unknown,IRR(Thanisandra road),,vehicle_breakdown,60.60606776666667
Unknown,Bellary Road 1,,vehicle_breakdown,120.0
Unknown,Mysore Road,,pot_holes,120.0
Unknown,Non-corridor,,pot_holes,103.51557583333333
Unknown,Non-corridor,,water_logging,120.0
Unknown,Mysore Road,,vehicle_breakdown,103.61959628333334
Unknown,Non-corridor,,water_logging,120.0
Unknown,Non-corridor,,tree_fall,53.07258183333333
Unknown,Bellary Road 1,,vehicle_breakdown,116.56037328333333
Unknown,Non-corridor,,construction,120.0
Unknown,Magadi Road,,water_logging,256.12679966666667
Unknown,ORR North 1,,water_logging,120.0
Unknown,West of Chord Road,,water_logging,120.0
Unknown,Bellary Road 1,,tree_fall,1266.6776086833333
Unknown,Bellary Road 1,,water_logging,1440.0
Unknown,Non-corridor,,tree_fall,120.0
Unknown,Non-corridor,,vehicle_breakdown,120.0
Unknown,Non-corridor,,tree_fall,120.0
Unknown,ORR West 1,,vehicle_breakdown,42.17753376666667
Unknown,Mysore Road,,vehicle_breakdown,120.0
Unknown,Airport New South Road,,vehicle_breakdown,120.0
Unknown,Non-corridor,,tree_fall,120.0
Unknown,Non-corridor,,vehicle_breakdown,49.50281723333333
Unknown,Magadi Road,,vehicle_breakdown,120.0
Unknown,ORR West 1,,tree_fall,120.0
Unknown,ORR North 2,,vehicle_breakdown,59.8490193
Unknown,Tumkur Road,,vehicle_breakdown,120.0
Unknown,Non-corridor,,tree_fall,120.0
Unknown,Non-corridor,,vehicle_breakdown,120.0
Unknown,Varthur Road,,construction,120.0
Unknown,Mysore Road,,vehicle_breakdown,49.959164333333334
Unknown,Non-corridor,,vehicle_breakdown,120.0
North Zone 1,Non-corridor,VishweswaraiahJunctio(Uttamsagar),construction,120.0
Unknown,Non-corridor,,vehicle_breakdown,120.0
Unknown,Non-corridor,,vehicle_breakdown,120.0
Unknown,West of Chord Road,,vehicle_breakdown,120.0
Unknown,Non-corridor,,procession,91.63820131666667
Unknown,ORR West 1,,vehicle_breakdown,120.0
Unknown,Non-corridor,,construction,120.0
Unknown,Mysore Road,,vehicle_breakdown,120.0
Unknown,Magadi Road,,vehicle_breakdown,120.0
Unknown,Bellary Road 1,,vehicle_breakdown,120.0
Unknown,Non-corridor,,vehicle_breakdown,120.0
Unknown,Bellary Road 1,,vehicle_breakdown,10.468071333333334
Unknown,Bellary Road 1,,vehicle_breakdown,120.0
Unknown,Mysore Road,,pot_holes,120.0
Unknown,Tumkur Road,,vehicle_breakdown,120.0
Unknown,Non-corridor,,pot_holes,120.0
Unknown,Non-corridor,,others,120.0
Unknown,Magadi Road,,pot_holes,120.0
Unknown,ORR North 2,,vehicle_breakdown,120.0
Unknown,Magadi Road,,vehicle_breakdown,120.0
Unknown,Bellary Road 2,,vehicle_breakdown,120.0
Unknown,Non-corridor,,vehicle_breakdown,120.0
Unknown,ORR North 2,,vehicle_breakdown,120.0
Unknown,Non-corridor,,vehicle_breakdown,16.323145383333333
Unknown,West of Chord Road,,water_logging,1440.0
Unknown,Non-corridor,,others,25.01378635
Unknown,Old Madras Road,,vehicle_breakdown,26.570824366666667
Unknown,CBD 2,,water_logging,120.0
Unknown,Bellary Road 1,,vehicle_breakdown,51.01353958333333
Unknown,Non-corridor,,congestion,120.0
Unknown,Non-corridor,,water_logging,34.769885716666664
Unknown,Bellary Road 2,,vehicle_breakdown,120.0
Unknown,Tumkur Road,,vehicle_breakdown,35.686632450000005
Unknown,Bellary Road 1,,accident,120.0
Unknown,Mysore Road,,construction,120.0
Unknown,ORR North 1,,vehicle_breakdown,120.0
Unknown,Non-corridor,,vehicle_breakdown,120.0
South Zone 2,Non-corridor,NGV RearGateJunc,others,1440.0
East Zone 2,Non-corridor,,vehicle_breakdown,120.0
North Zone 2,Non-corridor,,procession,120.0
Unknown,Non-corridor,,vehicle_breakdown,120.0
Unknown,Non-corridor,,vehicle_breakdown,120.0
Unknown,Non-corridor,,vehicle_breakdown,120.0
Unknown,Non-corridor,,construction,120.0
Unknown,Non-corridor,,vehicle_breakdown,37.67183235
Unknown,Non-corridor,,others,120.0
West Zone 1,Non-corridor,,congestion,120.0
West Zone 2,Mysore Road,,accident,120.0
Unknown,Non-corridor,,Fog / Low Visibility,120.0
North Zone 1,Airport New South Road,,construction,364.60111866666665
West Zone 1,Non-corridor,,vehicle_breakdown,92.59100211666667
Unknown,Bellary Road 2,,vehicle_breakdown,133.6017457
Unknown,Non-corridor,,vehicle_breakdown,120.0
Unknown,Non-corridor,,construction,120.0
Unknown,Non-corridor,,vehicle_breakdown,58.11503883333333
Unknown,Non-corridor,,vehicle_breakdown,120.0
Unknown,Non-corridor,,vehicle_breakdown,120.0
Unknown,Non-corridor,,vehicle_breakdown,120.0
Unknown,Non-corridor,,vehicle_breakdown,120.0
Unknown,Non-corridor,,others,120.0
Unknown,Non-corridor,,vehicle_breakdown,120.0
West Zone 2,Bellary Road 1,,tree_fall,235.45923915
Unknown,Non-corridor,,vehicle_breakdown,86.67813828333333
Unknown,Bellary Road 2,,vehicle_breakdown,120.0
Unknown,Non-corridor,,vehicle_breakdown,120.0
Unknown,Non-corridor,,vehicle_breakdown,120.0
Unknown,Non-corridor,,construction,1080.7534168166667
Unknown,Non-corridor,,others,120.0
Unknown,Non-corridor,,pot_holes,120.0
Unknown,Non-corridor,,pot_holes,120.0
Unknown,Non-corridor,,pot_holes,120.0
West Zone 1,Magadi Road,,vehicle_breakdown,120.0
Unknown,Bellary Road 2,,vehicle_breakdown,120.0
Unknown,Non-corridor,,protest,120.0
Unknown,Non-corridor,,vehicle_breakdown,120.0
Unknown,Non-corridor,,vehicle_breakdown,120.0
Unknown,Non-corridor,,vehicle_breakdown,120.0
West Zone 1,Non-corridor,,protest,120.0
Central Zone 2,Non-corridor,,accident,120.0
South Zone 2,Non-corridor,,tree_fall,120.0
Unknown,Non-corridor,,vehicle_breakdown,120.0
Unknown,Non-corridor,,others,120.0
Unknown,Non-corridor,,vehicle_breakdown,120.0
Unknown,Non-corridor,,vehicle_breakdown,120.0
Unknown,Non-corridor,,others,120.0
East Zone 2,Non-corridor,,vehicle_breakdown,120.0
Unknown,Non-corridor,,others,120.0
Unknown,Non-corridor,,others,120.0
North Zone 2,Bellary Road 1,,vehicle_breakdown,73.43753403333334
East Zone 2,Non-corridor,,others,1440.0
Unknown,Non-corridor,,construction,1440.0
Unknown,Non-corridor,,vehicle_breakdown,133.06417406666665
Unknown,Non-corridor,,vehicle_breakdown,120.0
Unknown,Bellary Road 2,,vehicle_breakdown,120.0
Unknown,Non-corridor,,vehicle_breakdown,120.0
East Zone 2,Non-corridor,,vehicle_breakdown,120.0
Unknown,Non-corridor,,procession,38.40874121666666
North Zone 2,Bellary Road 2,,vehicle_breakdown,120.0
East Zone 1,Non-corridor,,road_conditions,120.0
Unknown,Bellary Road 2,,vehicle_breakdown,120.0
North Zone 2,Non-corridor,,vehicle_breakdown,120.0
Unknown,Non-corridor,,accident,43.29526675
Unknown,Non-corridor,,vehicle_breakdown,120.0
Unknown,Non-corridor,,vehicle_breakdown,120.0
Unknown,Non-corridor,,vehicle_breakdown,120.0
Unknown,Non-corridor,,vehicle_breakdown,120.0
Unknown,Non-corridor,,construction,120.0
West Zone 2,Bellary Road 1,,road_conditions,1440.0
Unknown,Non-corridor,,accident,77.25445518333332
Unknown,Non-corridor,VeerasandraGateJunction,accident,57.72944888333333
Unknown,Non-corridor,,vehicle_breakdown,120.0
Unknown,Non-corridor,,vehicle_breakdown,120.0
Unknown,Non-corridor,,vehicle_breakdown,120.0
Unknown,Non-corridor,,vehicle_breakdown,120.0
Unknown,Non-corridor,,vehicle_breakdown,120.0
Unknown,Non-corridor,,vehicle_breakdown,120.0
Unknown,Bellary Road 2,,vehicle_breakdown,120.0
East Zone 2,Non-corridor,,others,1440.0
Unknown,Non-corridor,,vehicle_breakdown,120.0
Unknown,Non-corridor,,vehicle_breakdown,120.0
Unknown,Non-corridor,,vehicle_breakdown,120.0
Unknown,Non-corridor,,vehicle_breakdown,120.0
East Zone 1,Non-corridor,,vehicle_breakdown,51.47168045
Unknown,Non-corridor,,vehicle_breakdown,120.0
Unknown,Non-corridor,,vehicle_breakdown,120.0
Unknown,Bellary Road 2,,accident,29.787725583333334
Unknown,Bellary Road 2,,accident,120.0
Unknown,Bellary Road 2,,vehicle_breakdown,120.0
Unknown,Non-corridor,,construction,120.0
Unknown,Non-corridor,,accident,120.0
East Zone 1,ORR East 2,,construction,120.0
South Zone 1,ORR West 1,,vehicle_breakdown,26.65322595
Central Zone 1,ORR North 1,,vehicle_breakdown,34.82160695
East Zone 2,Non-corridor,,vehicle_breakdown,23.468869533333336
East Zone 2,Non-corridor,,vehicle_breakdown,10.0
North Zone 2,ORR North 2,,vehicle_breakdown,73.26354786666667
Central Zone 1,ORR East 1,,vehicle_breakdown,120.0
South Zone 1,Non-corridor,,accident,120.0
South Zone 1,Non-corridor,,accident,120.0
North Zone 2,Non-corridor,,vehicle_breakdown,120.0
West Zone 1,Magadi Road,,vehicle_breakdown,120.0
Unknown,Non-corridor,,vehicle_breakdown,120.0
Central Zone 1,Non-corridor,,others,120.0
West Zone 1,Non-corridor,,vehicle_breakdown,17.014181316666665
West Zone 1,Non-corridor,,tree_fall,1440.0
Central Zone 2,Bellary Road 1,,vehicle_breakdown,120.0
North Zone 2,Bellary Road 1,,vehicle_breakdown,120.0
East Zone 2,Non-corridor,,vehicle_breakdown,76.8051597
North Zone 1,Non-corridor,,accident,120.0
South Zone 1,Non-corridor,,accident,120.0
West Zone 1,Mysore Road,,vehicle_breakdown,120.0
Central Zone 2,Bellary Road 1,,vehicle_breakdown,120.0
East Zone 2,ORR North 1,,vehicle_breakdown,120.0
Unknown,Non-corridor,,vehicle_breakdown,103.64548719999999
Unknown,Non-corridor,,construction,120.0
West Zone 1,Non-corridor,,vehicle_breakdown,12.0260546
Unknown,Non-corridor,,vehicle_breakdown,120.0
East Zone 2,ORR East 2,,vehicle_breakdown,120.0
East Zone 2,ORR East 2,,vehicle_breakdown,120.0
Unknown,Non-corridor,,construction,120.0
West Zone 1,Non-corridor,,vehicle_breakdown,120.0
East Zone 1,ORR East 1,,vehicle_breakdown,120.0
West Zone 1,Tumkur Road,,vehicle_breakdown,28.985925033333334
West Zone 1,Non-corridor,,vehicle_breakdown,120.0
Unknown,Non-corridor,,vehicle_breakdown,120.0
South Zone 1,Non-corridor,,pot_holes,120.0
Unknown,Non-corridor,,vehicle_breakdown,120.0
East Zone 2,Old Airport Road,,construction,1440.0
East Zone 2,Non-corridor,,vehicle_breakdown,58.999642466666664
South Zone 1,ORR North 2,,vehicle_breakdown,120.0
East Zone 1,ORR East 2,,construction,120.0
North Zone 2,Non-corridor,,vehicle_breakdown,120.0
North Zone 2,Non-corridor,,vehicle_breakdown,120.0
South Zone 2,Non-corridor,,vehicle_breakdown,70.21878856666667
West Zone 1,Non-corridor,,vehicle_breakdown,75.99562091666667
Unknown,Non-corridor,,accident,120.0
North Zone 1,Bellary Road 1,,vehicle_breakdown,119.66875773333332
South Zone 1,Non-corridor,,vehicle_breakdown,66.1186007
Central Zone 2,Non-corridor,,pot_holes,120.0
Unknown,Non-corridor,,vehicle_breakdown,120.0
North Zone 2,Bellary Road 1,,vehicle_breakdown,120.0
North Zone 2,Bellary Road 1,,vehicle_breakdown,120.0
North Zone 2,Bellary Road 1,,vehicle_breakdown,120.0
North Zone 2,Bellary Road 1,,vehicle_breakdown,120.0
East Zone 2,Non-corridor,,construction,120.0
Unknown,Non-corridor,,vehicle_breakdown,120.0
Central Zone 1,ORR North 1,,vehicle_breakdown,52.80341505
Unknown,Hennur Main Road,,accident,120.0
East Zone 2,Non-corridor,,vehicle_breakdown,30.2210109
North Zone 2,Bellary Road 1,,vehicle_breakdown,111.53120048333334
South Zone 2,Hosur Road,,vehicle_breakdown,120.0
Unknown,Non-corridor,,vehicle_breakdown,120.0
East Zone 2,Non-corridor,,vehicle_breakdown,120.12128181666667
North Zone 1,ORR North 1,,vehicle_breakdown,19.141461233333334
North Zone 1,ORR North 1,,vehicle_breakdown,120.0
Unknown,Non-corridor,,vehicle_breakdown,120.0
West Zone 1,Mysore Road,,vehicle_breakdown,10.0
Unknown,Non-corridor,,construction,120.0
East Zone 2,Non-corridor,,road_conditions,1440.0
East Zone 1,Non-corridor,,vehicle_breakdown,120.0
North Zone 1,Bellary Road 1,,vehicle_breakdown,10.0
West Zone 2,Magadi Road,,vehicle_breakdown,120.0
Central Zone 1,ORR East 1,,vehicle_breakdown,33.951876483333336
South Zone 2,Non-corridor,,vehicle_breakdown,120.0
West Zone 1,Non-corridor,,vehicle_breakdown,120.0
North Zone 2,Bellary Road 1,,vehicle_breakdown,120.0
South Zone 1,Bannerghata Road,,accident,120.0
North Zone 2,Bellary Road 1,,vehicle_breakdown,120.0
North Zone 2,Bellary Road 1,,vehicle_breakdown,120.0
North Zone 2,Bellary Road 1,,vehicle_breakdown,120.0
North Zone 2,Bellary Road 1,,vehicle_breakdown,120.0
East Zone 1,ORR East 2,,construction,120.0
West Zone 1,Non-corridor,,others,1440.0
South Zone 2,Bannerghata Road,,vehicle_breakdown,120.0
North Zone 2,Non-corridor,,vehicle_breakdown,45.277387833333336
East Zone 2,Non-corridor,,vehicle_breakdown,87.5886433
Unknown,Non-corridor,,others,120.0
West Zone 2,Mysore Road,,vehicle_breakdown,120.0
North Zone 2,Bellary Road 2,,vehicle_breakdown,120.0
Unknown,Non-corridor,,others,120.0
West Zone 1,Non-corridor,,vehicle_breakdown,120.0
West Zone 1,Tumkur Road,,vehicle_breakdown,120.0
West Zone 2,Non-corridor,,accident,120.0
East Zone 1,Non-corridor,,vehicle_breakdown,147.50678613333332
Central Zone 1,ORR East 1,,vehicle_breakdown,79.75770394999999
Unknown,Non-corridor,,vehicle_breakdown,120.0
West Zone 2,Magadi Road,,vehicle_breakdown,120.0
South Zone 1,Non-corridor,,others,120.0
North Zone 2,Non-corridor,,congestion,10.0
East Zone 1,Non-corridor,,vehicle_breakdown,107.99300908333333
North Zone 2,Non-corridor,,vehicle_breakdown,15.054321499999999
West Zone 1,Tumkur Road,,vehicle_breakdown,71.66411911666667
Unknown,Non-corridor,,vehicle_breakdown,120.0
Central Zone 2,Magadi Road,,vehicle_breakdown,23.924992883333335
West Zone 1,Non-corridor,,pot_holes,120.0
West Zone 1,Non-corridor,,others,120.0
East Zone 2,Non-corridor,,vehicle_breakdown,120.0
South Zone 2,Hosur Road,,vehicle_breakdown,120.0
North Zone 2,Non-corridor,,vehicle_breakdown,52.7526632
Unknown,Non-corridor,,vehicle_breakdown,120.0
North Zone 1,Non-corridor,,others,120.0
Unknown,Non-corridor,,vehicle_breakdown,120.0
East Zone 1,ORR East 2,,construction,120.0
South Zone 1,Non-corridor,,construction,120.0
Central Zone 2,CBD 2,,accident,120.0
Unknown,Non-corridor,,vehicle_breakdown,120.0
West Zone 2,Bellary Road 1,,pot_holes,1440.0
North Zone 2,Non-corridor,,construction,212.49775946666665
East Zone 1,Non-corridor,,road_conditions,120.0
East Zone 2,Non-corridor,,road_conditions,1440.0
North Zone 2,Bellary Road 1,,vehicle_breakdown,120.0
Central Zone 2,Bellary Road 1,,vehicle_breakdown,120.0
Unknown,Non-corridor,,accident,120.0
Unknown,Non-corridor,,accident,120.0
East Zone 2,Non-corridor,,vehicle_breakdown,22.6700687
Unknown,Non-corridor,,accident,120.0
North Zone 2,ORR North 2,,vehicle_breakdown,120.0
Unknown,Non-corridor,,accident,120.0
Unknown,Non-corridor,,accident,120.0
Unknown,Non-corridor,,accident,120.0
Unknown,Non-corridor,,accident,120.0
West Zone 1,Non-corridor,,vehicle_breakdown,120.0
Unknown,Non-corridor,,accident,120.0
Unknown,Non-corridor,,accident,120.0
Unknown,Non-corridor,,accident,120.0
Unknown,Non-corridor,,accident,120.0
Unknown,Non-corridor,,accident,120.0
Unknown,Non-corridor,,accident,120.0
Unknown,Non-corridor,,vehicle_breakdown,120.0
Unknown,Non-corridor,,accident,120.0
West Zone 2,Bellary Road 1,,others,1019.0574604
North Zone 1,Bellary Road 1,,vehicle_breakdown,120.0
North Zone 1,Bellary Road 1,,vehicle_breakdown,120.0
North Zone 2,Bellary Road 2,,vehicle_breakdown,120.0
East Zone 1,ORR East 2,,construction,120.0
Unknown,Hennur Main Road,,vehicle_breakdown,31.50097945
West Zone 2,Bellary Road 1,,construction,120.0
Unknown,Non-corridor,,vehicle_breakdown,120.0
East Zone 1,ORR East 2,,vehicle_breakdown,31.0078949
East Zone 1,Non-corridor,,vehicle_breakdown,120.0
North Zone 2,Bellary Road 2,,vehicle_breakdown,120.0
North Zone 2,ORR North 2,,vehicle_breakdown,120.0
Unknown,Non-corridor,,vehicle_breakdown,120.0
North Zone 2,Bellary Road 1,,vehicle_breakdown,14.120967933333333
Unknown,Non-corridor,,vehicle_breakdown,120.0
Unknown,Non-corridor,,others,1440.0
West Zone 1,Mysore Road,,congestion,120.0
Unknown,Non-corridor,,pot_holes,120.0
West Zone 1,Non-corridor,,vehicle_breakdown,37.96253371666667
West Zone 1,Mysore Road,,vehicle_breakdown,120.0
Unknown,Non-corridor,,vehicle_breakdown,120.0
North Zone 2,Bellary Road 1,,accident,120.0
North Zone 2,Bellary Road 1,,others,15.16647845
Unknown,Non-corridor,,construction,120.0
Unknown,Non-corridor,,road_conditions,120.0
South Zone 2,Hosur Road,,vehicle_breakdown,120.0
Unknown,Non-corridor,,vehicle_breakdown,120.0
North Zone 1,Hennur Main Road,,vehicle_breakdown,120.0
West Zone 2,Magadi Road,,public_event,120.0
Unknown,Non-corridor,,vehicle_breakdown,120.0
Unknown,Non-corridor,,vehicle_breakdown,120.0
North Zone 2,Bellary Road 1,,others,120.0
West Zone 1,Non-corridor,,others,43.93024606666667
East Zone 2,ORR North 1,,vehicle_breakdown,120.0
North Zone 2,Bellary Road 2,,vehicle_breakdown,120.0
East Zone 1,Non-corridor,,others,36.25226046666667
West Zone 2,Magadi Road,,vehicle_breakdown,17.286109166666666
North Zone 2,Non-corridor,,vehicle_breakdown,81.40570293333333
Unknown,Non-corridor,,accident,120.0
North Zone 2,Bellary Road 1,,congestion,120.0
North Zone 2,Bellary Road 1,,vehicle_breakdown,120.0
West Zone 2,Bellary Road 1,,vehicle_breakdown,120.0
North Zone 2,Bellary Road 1,,vehicle_breakdown,120.0
East Zone 1,Non-corridor,,road_conditions,1440.0
East Zone 2,Non-corridor,,vehicle_breakdown,120.0
Unknown,Non-corridor,,construction,120.0
Unknown,Bellary Road 1,,vehicle_breakdown,120.0
Unknown,Bellary Road 1,,vehicle_breakdown,120.0
South Zone 1,Bannerghata Road,,pot_holes,1440.0
Unknown,Bannerghata Road,,vehicle_breakdown,120.0
Unknown,Non-corridor,,pot_holes,1440.0
Unknown,Non-corridor,,pot_holes,120.0
East Zone 1,Non-corridor,,vehicle_breakdown,45.65551266666667
Unknown,Magadi Road,,vehicle_breakdown,32.2544127
Unknown,Non-corridor,,vehicle_breakdown,120.0
East Zone 1,Old Airport Road,,water_logging,1440.0
Unknown,Non-corridor,,accident,120.0
Unknown,Bellary Road 1,,vehicle_breakdown,27.512111066666666
East Zone 2,Non-corridor,,construction,422.84670481666666
North Zone 2,Bellary Road 1,,vehicle_breakdown,120.0
East Zone 1,Non-corridor,,procession,120.0
East Zone 2,ORR North 1,,vehicle_breakdown,120.0
Central Zone 2,Non-corridor,,water_logging,120.0
Unknown,Magadi Road,,others,120.0
North Zone 2,Bellary Road 2,,vehicle_breakdown,120.0
South Zone 2,Hosur Road,,vehicle_breakdown,120.0
East Zone 2,Non-corridor,,vehicle_breakdown,79.95452736666667
Unknown,Non-corridor,,pot_holes,120.0
East Zone 1,Non-corridor,,public_event,120.0
North Zone 1,Non-corridor,,construction,120.0
Unknown,Non-corridor,,others,1440.0
Central Zone 2,Bellary Road 1,,vehicle_breakdown,120.0
Unknown,Non-corridor,,public_event,120.0
West Zone 1,Non-corridor,,water_logging,120.0
North Zone 2,Bellary Road 2,,vehicle_breakdown,120.0
West Zone 1,ORR North 2,,vehicle_breakdown,47.18853848333333
Unknown,Non-corridor,,vehicle_breakdown,120.0
Unknown,Bellary Road 1,,pot_holes,1440.0
North Zone 2,ORR North 2,,vehicle_breakdown,120.0
North Zone 2,ORR North 2,,vehicle_breakdown,119.49004745
Unknown,Non-corridor,,vehicle_breakdown,29.950958099999998
Unknown,Non-corridor,,vehicle_breakdown,120.0
North Zone 2,Bellary Road 1,,vehicle_breakdown,84.78185871666666
North Zone 2,Non-corridor,,vehicle_breakdown,120.0
Unknown,Non-corridor,,vehicle_breakdown,120.0
Unknown,Non-corridor,,vehicle_breakdown,104.65397676666666
East Zone 1,Non-corridor,,road_conditions,1440.0
Unknown,Hosur Road,,vehicle_breakdown,40.8658856
East Zone 2,Non-corridor,,vehicle_breakdown,117.56678289999999
East Zone 1,Varthur Road,,vehicle_breakdown,120.0
Unknown,ORR North 2,,construction,120.0
Unknown,Non-corridor,,procession,120.0
Unknown,Bellary Road 2,,vehicle_breakdown,61.77776111666667
Unknown,Non-corridor,,vehicle_breakdown,17.657173883333332
Unknown,Non-corridor,,others,1440.0
North Zone 2,Bellary Road 1,,vehicle_breakdown,120.0
West Zone 1,Non-corridor,,road_conditions,1440.0
North Zone 2,Bellary Road 1,,vehicle_breakdown,120.0
North Zone 2,ORR North 2,,others,88.33196928333334
Unknown,Non-corridor,,vehicle_breakdown,120.0
West Zone 2,Bellary Road 1,,road_conditions,1080.0639681999999
North Zone 2,Bellary Road 1,,accident,120.0
West Zone 1,Non-corridor,,accident,120.0
East Zone 1,Non-corridor,,congestion,120.0
West Zone 1,Non-corridor,,accident,120.0
East Zone 2,Non-corridor,,others,34.33242193333333
West Zone 1,Non-corridor,,accident,120.0
Central Zone 2,Bellary Road 1,,vehicle_breakdown,120.0
North Zone 2,Non-corridor,,vehicle_breakdown,120.0
West Zone 1,Non-corridor,,procession,120.0
North Zone 1,Bellary Road 1,,vehicle_breakdown,120.0
Unknown,Non-corridor,,vehicle_breakdown,120.0
West Zone 2,Non-corridor,,others,120.0
North Zone 2,Non-corridor,,procession,120.0
East Zone 1,Varthur Road,,vehicle_breakdown,120.0
West Zone 2,Magadi Road,,others,1440.0
North Zone 1,ORR North 1,,vehicle_breakdown,120.0
Central Zone 2,Bellary Road 1,,vehicle_breakdown,66.08000601666667
Unknown,Non-corridor,,water_logging,120.0
East Zone 1,ORR East 2,,construction,120.0
East Zone 1,Non-corridor,,congestion,120.0
North Zone 2,Non-corridor,,vehicle_breakdown,120.0
Unknown,Non-corridor,,vehicle_breakdown,120.0
Unknown,Non-corridor,,vehicle_breakdown,120.0
West Zone 2,Bellary Road 1,,others,120.0
Unknown,Bannerghata Road,,pot_holes,120.0
West Zone 2,Bellary Road 1,,vehicle_breakdown,120.0
West Zone 1,Magadi Road,,procession,120.0
Central Zone 2,Bellary Road 1,,public_event,120.0
East Zone 2,Non-corridor,,construction,1440.0
North Zone 1,Hennur Main Road,,procession,120.0
Unknown,Non-corridor,,vehicle_breakdown,120.0
East Zone 2,Airport New South Road,,road_conditions,413.53389055
East Zone 1,Non-corridor,,vehicle_breakdown,120.0
North Zone 1,Non-corridor,,pot_holes,1440.0
Unknown,Non-corridor,,vehicle_breakdown,120.0
East Zone 2,ORR North 1,,vehicle_breakdown,120.0
East Zone 1,ORR East 1,,construction,1440.0
East Zone 2,Non-corridor,,vehicle_breakdown,29.330081749999998
Central Zone 2,Bellary Road 1,,accident,77.10802596666667
East Zone 1,Non-corridor,,vehicle_breakdown,15.805486683333333
East Zone 1,ORR East 1,,pot_holes,1440.0
Unknown,Bellary Road 1,,vehicle_breakdown,36.41474506666667
East Zone 2,ORR North 1,,pot_holes,120.0
Unknown,Non-corridor,,vehicle_breakdown,120.0
Unknown,Non-corridor,,vehicle_breakdown,120.0
West Zone 2,Bellary Road 1,,vehicle_breakdown,120.0
East Zone 1,Non-corridor,,procession,120.0
South Zone 2,Non-corridor,,vehicle_breakdown,120.0
North Zone 1,Non-corridor,,vehicle_breakdown,120.0
West Zone 1,Tumkur Road,,vehicle_breakdown,84.17469084999999
Unknown,Non-corridor,,procession,120.0
West Zone 1,Non-corridor,,vehicle_breakdown,120.0
Unknown,Non-corridor,,vehicle_breakdown,68.62886456666666
North Zone 2,Non-corridor,,accident,36.671183766666665
East Zone 1,Varthur Road,,vehicle_breakdown,10.0
Unknown,Non-corridor,,vehicle_breakdown,16.803901183333334
Unknown,Non-corridor,,congestion,120.0
South Zone 2,Non-corridor,,vehicle_breakdown,43.907098983333334
East Zone 1,Non-corridor,,vehicle_breakdown,120.0
East Zone 2,ORR North 1,,vehicle_breakdown,120.0
East Zone 2,Non-corridor,,road_conditions,1440.0
Unknown,Non-corridor,,vehicle_breakdown,120.0
West Zone 1,Magadi Road,,vehicle_breakdown,120.0
South Zone 1,ORR West 1,,vehicle_breakdown,96.01973389999999
West Zone 1,Magadi Road,,others,1440.0
North Zone 2,Mysore Road,,vehicle_breakdown,120.0
North Zone 1,Non-corridor,,water_logging,1440.0
North Zone 1,Airport New South Road,,construction,1440.0
Unknown,Non-corridor,,public_event,120.0
West Zone 1,Magadi Road,,pot_holes,1440.0
West Zone 1,Mysore Road,,vehicle_breakdown,112.81719833333334
West Zone 1,Magadi Road,,vehicle_breakdown,10.0
East Zone 2,Non-corridor,,construction,1440.0
South Zone 2,Hosur Road,,vehicle_breakdown,76.14695535000001
West Zone 1,Non-corridor,,vehicle_breakdown,120.0
East Zone 2,ORR North 1,,vehicle_breakdown,120.0
Unknown,Non-corridor,,protest,18.243379033333333
West Zone 1,Magadi Road,,vehicle_breakdown,34.93821658333333
East Zone 1,ORR East 2,,construction,120.0
Unknown,Non-corridor,,vehicle_breakdown,120.0
Central Zone 2,Bellary Road 1,,vehicle_breakdown,120.0
West Zone 2,Bellary Road 1,,others,75.32430751666668
North Zone 1,Bellary Road 1,,road_conditions,120.0
North Zone 2,Non-corridor,,vehicle_breakdown,120.0
North Zone 1,Airport New South Road,,vehicle_breakdown,120.0
North Zone 2,ORR North 2,,others,1440.0
Unknown,Non-corridor,,accident,120.0
East Zone 1,Non-corridor,,vehicle_breakdown,13.8765319
West Zone 1,Magadi Road,,vehicle_breakdown,120.0
West Zone 1,Non-corridor,,vehicle_breakdown,120.0
East Zone 1,Non-corridor,,vehicle_breakdown,120.0
East Zone 1,ORR East 1,,vehicle_breakdown,13.849933383333333
North Zone 1,Airport New South Road,,road_conditions,875.3519315
East Zone 1,ORR East 1,,accident,29.571941783333333
North Zone 2,Non-corridor,,vehicle_breakdown,120.0
East Zone 1,Non-corridor,,vehicle_breakdown,120.0
East Zone 1,ORR East 2,,construction,120.0
North Zone 2,Non-corridor,,vehicle_breakdown,120.0
North Zone 1,Bellary Road 1,,construction,120.0
North Zone 2,ORR North 2,,vehicle_breakdown,120.0
East Zone 2,Non-corridor,,vehicle_breakdown,58.34383913333333
East Zone 1,Non-corridor,,vehicle_breakdown,120.0
North Zone 1,Non-corridor,,vehicle_breakdown,55.27947091666667
Central Zone 2,Mysore Road,,vehicle_breakdown,62.3155683
East Zone 1,ORR East 2,,construction,120.0
East Zone 2,Non-corridor,,vehicle_breakdown,120.0
Unknown,Non-corridor,,pot_holes,120.0
South Zone 2,Hosur Road,,vehicle_breakdown,120.0
North Zone 1,Hennur Main Road,,vehicle_breakdown,120.0
South Zone 1,Non-corridor,,vehicle_breakdown,61.12860748333333
Unknown,Non-corridor,,vehicle_breakdown,98.90068815
West Zone 2,Non-corridor,,tree_fall,90.51336833333333
East Zone 1,Non-corridor,,accident,120.0
North Zone 1,Non-corridor,,vehicle_breakdown,120.0
West Zone 1,Non-corridor,,vehicle_breakdown,120.0
Unknown,Non-corridor,,others,1440.0
Unknown,Non-corridor,,vehicle_breakdown,120.0
East Zone 2,Old Airport Road,,vehicle_breakdown,120.0
Unknown,Non-corridor,,vehicle_breakdown,120.0
South Zone 1,ORR West 1,,vehicle_breakdown,120.0
North Zone 2,Bellary Road 1,,vehicle_breakdown,120.0
East Zone 2,Non-corridor,,vehicle_breakdown,120.0
West Zone 2,Magadi Road,,vehicle_breakdown,49.2026263
West Zone 1,Non-corridor,,accident,107.37691118333333
West Zone 2,Bellary Road 1,,vehicle_breakdown,10.0
Unknown,Non-corridor,,vehicle_breakdown,10.310373033333333
East Zone 1,ORR East 2,,construction,120.0
West Zone 1,Non-corridor,,accident,120.0
West Zone 1,Non-corridor,,accident,120.0
West Zone 1,Non-corridor,,accident,120.0
South Zone 2,ORR East 1,,vehicle_breakdown,89.75760016666666
West Zone 2,Bellary Road 1,,vehicle_breakdown,120.0
West Zone 2,West of Chord Road,,others,1440.0
West Zone 1,Non-corridor,,vehicle_breakdown,120.0
West Zone 1,Non-corridor,,vehicle_breakdown,57.23335346666667
South Zone 2,Bannerghata Road,,construction,120.0
East Zone 1,Non-corridor,,vehicle_breakdown,55.859611666666666
North Zone 2,Non-corridor,,vehicle_breakdown,86.91129488333333
East Zone 1,ORR East 2,,construction,120.0
East Zone 2,Non-corridor,,others,120.0
East Zone 2,Non-corridor,,vehicle_breakdown,91.56274088333333
West Zone 1,ORR North 2,,vehicle_breakdown,70.69381796666667
North Zone 2,Non-corridor,,others,44.664516866666666
North Zone 2,Tumkur Road,,others,1440.0
East Zone 1,ORR East 2,,construction,120.0
North Zone 2,ORR North 2,,vehicle_breakdown,10.0
North Zone 2,ORR North 2,,others,112.90304878333333
North Zone 2,Bellary Road 1,,vehicle_breakdown,33.71249048333333
Unknown,Non-corridor,,vehicle_breakdown,120.0
West Zone 1,Non-corridor,,vehicle_breakdown,46.53765805
West Zone 1,Non-corridor,,public_event,120.0
West Zone 2,Bellary Road 1,,vehicle_breakdown,52.97608373333333
Central Zone 1,Non-corridor,,vehicle_breakdown,98.72606275
West Zone 1,Non-corridor,,vehicle_breakdown,39.61189256666667
Unknown,Non-corridor,,vehicle_breakdown,32.548574
East Zone 2,ORR East 2,,pot_holes,120.0
Central Zone 2,Bellary Road 1,,others,452.1203694833333
East Zone 2,ORR East 2,,vehicle_breakdown,120.0
South Zone 1,ORR West 1,,vehicle_breakdown,120.0
North Zone 2,ORR North 2,,others,142.48538508333334
West Zone 2,Bellary Road 1,,pot_holes,1440.0
East Zone 2,Non-corridor,,vehicle_breakdown,14.0151522
Unknown,Non-corridor,,vehicle_breakdown,120.0
West Zone 2,Non-corridor,,construction,120.0
Unknown,Non-corridor,,others,120.0
South Zone 1,Bannerghata Road,,accident,120.0
North Zone 2,ORR North 2,,others,205.8966446
Unknown,Non-corridor,,vehicle_breakdown,120.0
Central Zone 2,Bellary Road 1,,vehicle_breakdown,94.6911131
East Zone 1,ORR East 1,,vehicle_breakdown,120.0
West Zone 1,Magadi Road,,public_event,120.0
Unknown,Non-corridor,,construction,120.0
Unknown,Non-corridor,,construction,120.0
Unknown,Non-corridor,,public_event,120.0
South Zone 1,Non-corridor,,vehicle_breakdown,17.692932883333334
North Zone 2,Non-corridor,,accident,26.38407085
North Zone 2,Non-corridor,,accident,120.0
Central Zone 1,Non-corridor,,vehicle_breakdown,38.401426900000004
Central Zone 1,ORR North 1,,vehicle_breakdown,22.08807725
East Zone 2,ORR North 1,,vehicle_breakdown,120.0
Unknown,Non-corridor,,vehicle_breakdown,120.0
North Zone 1,Non-corridor,,construction,120.0
South Zone 2,Non-corridor,,public_event,120.0
South Zone 1,Non-corridor,,construction,120.0
East Zone 2,ORR East 2,,vehicle_breakdown,72.49902041666665
East Zone 1,ORR East 2,,construction,120.0
South Zone 1,Non-corridor,,accident,120.0
East Zone 1,ORR East 2,,construction,120.0
West Zone 2,Bellary Road 1,,vehicle_breakdown,40.69936873333334
Unknown,Bellary Road 2,,vehicle_breakdown,43.00044726666667
Unknown,Non-corridor,,others,120.0
Unknown,Non-corridor,,vehicle_breakdown,120.0
Unknown,Non-corridor,,others,120.0
Unknown,Non-corridor,,water_logging,1440.0
East Zone 2,Non-corridor,,construction,1440.0
Unknown,ORR East 1,,vehicle_breakdown,12.876541900000001
Unknown,Non-corridor,,vehicle_breakdown,52.71905041666666
Unknown,ORR East 2,,vehicle_breakdown,120.0
Unknown,Non-corridor,,vehicle_breakdown,62.614986433333335
Unknown,Non-corridor,,construction,1436.9409212833334
North Zone 2,ORR North 2,,vehicle_breakdown,120.0
North Zone 2,Bellary Road 1,,others,185.81082023333332
Unknown,Non-corridor,,accident,120.0
East Zone 1,ORR East 2,,construction,120.0
North Zone 2,Bellary Road 1,,vehicle_breakdown,120.0
East Zone 1,Non-corridor,,vehicle_breakdown,32.470111116666665
North Zone 2,Bellary Road 2,,vehicle_breakdown,74.9959374
East Zone 1,Non-corridor,,vehicle_breakdown,120.0
Unknown,Non-corridor,,vehicle_breakdown,120.0
North Zone 2,Bellary Road 1,,others,120.0
North Zone 2,Bellary Road 1,,others,120.0
East Zone 1,ORR East 2,,construction,120.0
West Zone 1,Magadi Road,,procession,120.0
Unknown,Non-corridor,,vehicle_breakdown,14.4955594
North Zone 2,Bellary Road 2,,vehicle_breakdown,68.20895490000001
North Zone 2,Non-corridor,,construction,1440.0
Unknown,Bellary Road 1,,vehicle_breakdown,120.0
North Zone 2,Non-corridor,,vehicle_breakdown,120.0
Unknown,Non-corridor,,vehicle_breakdown,120.0
West Zone 1,Non-corridor,,vehicle_breakdown,120.0
West Zone 2,Bellary Road 1,,vehicle_breakdown,120.0
North Zone 2,Non-corridor,,construction,120.0
Unknown,Non-corridor,,vehicle_breakdown,120.0
West Zone 1,Non-corridor,,others,392.16103275
North Zone 1,ORR North 1,,others,120.0
South Zone 1,Non-corridor,,construction,1440.0
North Zone 1,Bellary Road 1,,vehicle_breakdown,83.15135861666666
Central Zone 2,Bellary Road 1,,vehicle_breakdown,40.08785518333333
Central Zone 2,Bellary Road 1,,vehicle_breakdown,85.08149098333334
West Zone 2,Bellary Road 1,,vehicle_breakdown,65.8663165
West Zone 1,Non-corridor,,vehicle_breakdown,102.04546606666666
North Zone 2,ORR North 2,,vehicle_breakdown,120.0
East Zone 2,Airport New South Road,,others,16.642737933333333
South Zone 1,ORR West 1,,vehicle_breakdown,120.0
East Zone 2,ORR North 1,,pot_holes,1440.0
Unknown,Non-corridor,,pot_holes,1440.0
Central Zone 2,Non-corridor,"PriyadarshiniHotel,Jayamahal,RT Nagar",congestion,120.0
Unknown,ORR East 2,,vehicle_breakdown,10.0
North Zone 1,Non-corridor,,tree_fall,120.0
East Zone 2,Non-corridor,,vehicle_breakdown,41.68275345
East Zone 1,Non-corridor,,vehicle_breakdown,40.976809116666665
West Zone 2,West of Chord Road,,public_event,120.0
Unknown,Bellary Road 2,,vehicle_breakdown,120.0
West Zone 1,Magadi Road,,vehicle_breakdown,60.05368791666667
West Zone 1,Magadi Road,,procession,120.0
South Zone 1,Bannerghata Road,,road_conditions,120.0
Unknown,Non-corridor,,vehicle_breakdown,120.0
Unknown,ORR North 2,,construction,120.0
West Zone 1,Non-corridor,,public_event,120.0
Unknown,Bellary Road 1,,vehicle_breakdown,120.0
East Zone 2,Non-corridor,,vehicle_breakdown,10.0
East Zone 2,Non-corridor,,vehicle_breakdown,99.16390298333334
West Zone 1,Non-corridor,,public_event,120.0
Unknown,Non-corridor,,accident,120.0
North Zone 2,ORR North 2,,vehicle_breakdown,10.0
Unknown,Non-corridor,,vehicle_breakdown,120.0
North Zone 2,ORR North 2,,vehicle_breakdown,11.609703566666667
North Zone 2,Non-corridor,,vehicle_breakdown,10.431269066666665
North Zone 1,ORR North 1,,vehicle_breakdown,16.300484133333335
Central Zone 2,Bellary Road 1,,vehicle_breakdown,120.0
West Zone 1,Non-corridor,,vehicle_breakdown,120.0
West Zone 1,Non-corridor,,others,120.0
Unknown,Non-corridor,,vip_movement,120.0
Unknown,Non-corridor,,construction,120.0
Central Zone 2,Bellary Road 1,,vehicle_breakdown,120.0
North Zone 2,ORR North 2,,others,13.802722683333334
West Zone 1,Non-corridor,,vehicle_breakdown,120.0
Unknown,ORR East 2,,construction,120.0
West Zone 1,Non-corridor,,vehicle_breakdown,120.0
West Zone 2,Bellary Road 1,,vehicle_breakdown,120.0
West Zone 1,Non-corridor,,vehicle_breakdown,120.0
East Zone 2,Non-corridor,,vehicle_breakdown,168.7313624
North Zone 2,Non-corridor,,vehicle_breakdown,120.0
West Zone 2,Magadi Road,,vehicle_breakdown,79.66424116666667
West Zone 2,Bellary Road 1,,vehicle_breakdown,40.299746033333335
East Zone 2,ORR East 2,,vehicle_breakdown,120.0
Unknown,Non-corridor,,vehicle_breakdown,120.0
Unknown,Non-corridor,,accident,120.0
North Zone 1,ORR North 2,,vehicle_breakdown,120.0
North Zone 2,Non-corridor,,procession,120.0
Central Zone 1,ORR North 1,,accident,120.0
North Zone 2,Non-corridor,,construction,120.0
South Zone 2,Bannerghata Road,,construction,120.0
East Zone 1,Non-corridor,,congestion,120.0
East Zone 2,Non-corridor,,others,120.0
Unknown,Non-corridor,,vehicle_breakdown,45.618598600000006
Unknown,Non-corridor,,vehicle_breakdown,120.0
West Zone 1,Tumkur Road,,vehicle_breakdown,120.0
North Zone 2,Non-corridor,,procession,120.0
North Zone 2,ORR North 2,,vehicle_breakdown,26.215256266666664
North Zone 2,Hennur Main Road,,vehicle_breakdown,120.0
North Zone 2,Non-corridor,,procession,120.0
Unknown,Bellary Road 2,,vehicle_breakdown,120.0
East Zone 2,Non-corridor,,vehicle_breakdown,120.0
South Zone 2,Non-corridor,,procession,120.0
North Zone 2,Bellary Road 1,,vehicle_breakdown,61.22423801666666
Central Zone 2,Bellary Road 1,,vehicle_breakdown,120.0
East Zone 1,ORR East 1,,pot_holes,1319.2296099500002
Unknown,Non-corridor,,vehicle_breakdown,120.0
West Zone 1,Non-corridor,,others,120.0
North Zone 1,Non-corridor,,others,120.0
North Zone 1,ORR North 2,,construction,120.0
West Zone 1,Magadi Road,,others,1440.0
East Zone 1,ORR East 1,,vehicle_breakdown,89.64109846666666
South Zone 2,Non-corridor,,vehicle_breakdown,120.0
North Zone 2,Non-corridor,,vehicle_breakdown,120.0
North Zone 1,ORR North 1,,vehicle_breakdown,120.0
East Zone 1,ORR East 2,,construction,120.0
Unknown,Non-corridor,,construction,1440.0
North Zone 2,ORR North 2,,vehicle_breakdown,120.0
North Zone 2,ORR North 2,,vehicle_breakdown,120.0
East Zone 2,Non-corridor,,vehicle_breakdown,44.05130068333334
West Zone 1,Non-corridor,,public_event,120.0
Unknown,Mysore Road,,vehicle_breakdown,120.0
Unknown,Non-corridor,,vehicle_breakdown,120.0
Unknown,Non-corridor,,vehicle_breakdown,156.2564053
East Zone 1,ORR East 2,,vehicle_breakdown,29.160188716666667
Unknown,Non-corridor,,pot_holes,120.0
East Zone 1,Varthur Road,,vehicle_breakdown,120.0
East Zone 1,Non-corridor,,vehicle_breakdown,45.4172374
North Zone 1,Bellary Road 1,,vehicle_breakdown,120.0
North Zone 1,ORR North 1,,vehicle_breakdown,120.0
West Zone 2,Bellary Road 1,,vehicle_breakdown,60.449528900000004
North Zone 2,ORR North 2,,vehicle_breakdown,120.0
East Zone 1,Varthur Road,,vehicle_breakdown,120.0
East Zone 1,ORR East 2,,construction,120.0
East Zone 2,ORR North 1,,vehicle_breakdown,120.0
Unknown,Bellary Road 1,,vehicle_breakdown,120.0
Unknown,Non-corridor,,accident,120.0
Unknown,Non-corridor,,road_conditions,120.0
East Zone 2,ORR North 1,,vehicle_breakdown,120.0
North Zone 1,ORR North 1,,road_conditions,1440.0
North Zone 1,ORR North 1,,vehicle_breakdown,120.0
Central Zone 1,ORR North 1,,public_event,120.0
West Zone 1,Non-corridor,,vehicle_breakdown,120.0
Unknown,Non-corridor,,vehicle_breakdown,120.0
North Zone 1,Airport New South Road,,construction,419.0733540666667
East Zone 2,Old Airport Road,,others,1440.0
West Zone 1,Non-corridor,,vehicle_breakdown,52.3679289
Unknown,Bellary Road 1,,others,43.06716361666667
East Zone 1,ORR East 2,,construction,120.0
West Zone 1,Non-corridor,,vehicle_breakdown,120.0
West Zone 1,Magadi Road,,procession,120.45697526666666
West Zone 1,Non-corridor,,vehicle_breakdown,120.0
North Zone 1,Bellary Road 1,,vehicle_breakdown,120.0
Unknown,Bellary Road 2,,vehicle_breakdown,87.68711406666667
Unknown,Non-corridor,,vehicle_breakdown,120.0
West Zone 1,Non-corridor,,others,1440.0
West Zone 2,Bellary Road 1,,vehicle_breakdown,120.0
West Zone 2,Bellary Road 1,,vehicle_breakdown,1440.0
North Zone 2,Non-corridor,,accident,120.0
Unknown,Mysore Road,,accident,120.0
Unknown,Non-corridor,,pot_holes,120.0
North Zone 2,Non-corridor,,accident,120.0
North Zone 2,Bellary Road 1,,vehicle_breakdown,120.0
Central Zone 2,Bellary Road 1,,vehicle_breakdown,120.0
North Zone 2,Non-corridor,,accident,120.0
Unknown,Non-corridor,,vehicle_breakdown,120.0
North Zone 2,Bellary Road 1,,vehicle_breakdown,120.0
Unknown,Tumkur Road,,vehicle_breakdown,32.2092193
North Zone 2,ORR North 2,,vehicle_breakdown,120.0
North Zone 2,ORR North 2,,vehicle_breakdown,120.0
Unknown,Non-corridor,,water_logging,120.0
East Zone 2,Non-corridor,,construction,10.0
East Zone 2,Non-corridor,,construction,329.12024915
Unknown,Non-corridor,,vehicle_breakdown,120.0
North Zone 1,Bellary Road 1,,vehicle_breakdown,120.0
West Zone 2,Bellary Road 1,,others,1440.0
East Zone 2,Non-corridor,,vehicle_breakdown,63.62485048333333
Unknown,Non-corridor,,accident,120.0
West Zone 1,Non-corridor,,road_conditions,1440.0
South Zone 2,Hosur Road,,vehicle_breakdown,120.0
East Zone 2,ORR East 2,,vehicle_breakdown,120.0
East Zone 2,Non-corridor,,water_logging,120.0
West Zone 1,Non-corridor,,vehicle_breakdown,120.0
Unknown,Non-corridor,,vehicle_breakdown,120.0
North Zone 2,ORR North 2,,others,15.641905283333333
Central Zone 2,Bellary Road 1,,vehicle_breakdown,120.0
West Zone 1,Non-corridor,,vehicle_breakdown,31.049118983333337
East Zone 2,Non-corridor,,pot_holes,120.0
Central Zone 1,Non-corridor,,road_conditions,120.0
North Zone 1,Hennur Main Road,,vehicle_breakdown,50.382559799999996
North Zone 1,Bellary Road 2,,vehicle_breakdown,44.61752728333333
West Zone 2,Bellary Road 1,,vehicle_breakdown,120.0
East Zone 1,Non-corridor,,vehicle_breakdown,41.34313795
North Zone 2,ORR North 2,,others,74.58705141666665
East Zone 1,Varthur Road,,vehicle_breakdown,54.53153316666667
North Zone 2,Bellary Road 1,,vehicle_breakdown,96.51823415
West Zone 1,Non-corridor,,vehicle_breakdown,120.0
East Zone 1,ORR East 2,,construction,120.0
East Zone 1,Non-corridor,,vehicle_breakdown,15.559016000000002
Central Zone 2,Bellary Road 1,,vehicle_breakdown,120.0
North Zone 1,Non-corridor,,vehicle_breakdown,10.0
West Zone 2,Bellary Road 1,,vehicle_breakdown,120.0
South Zone 2,Non-corridor,,vehicle_breakdown,120.0
East Zone 1,ORR East 1,,vehicle_breakdown,120.0
East Zone 2,Non-corridor,,others,79.93364358333334
East Zone 2,Non-corridor,,construction,120.0
North Zone 1,ORR North 1,,vehicle_breakdown,36.747132416666666
West Zone 1,Non-corridor,,others,1440.0
West Zone 1,Non-corridor,,vehicle_breakdown,10.0
Central Zone 2,Non-corridor,,vehicle_breakdown,68.46058618333333
East Zone 1,Non-corridor,,others,1440.0
Unknown,Bellary Road 2,,vehicle_breakdown,120.0
West Zone 2,Magadi Road,,vehicle_breakdown,120.0
West Zone 1,Non-corridor,,vehicle_breakdown,120.0
North Zone 2,Bellary Road 2,,vehicle_breakdown,120.0
Unknown,ORR North 2,,construction,120.0
West Zone 2,Bellary Road 1,,vehicle_breakdown,120.0
Unknown,Bannerghata Road,,accident,120.0
Unknown,Magadi Road,,pot_holes,1358.3815949666666
Unknown,Non-corridor,,others,1440.0
North Zone 2,Bellary Road 2,,vehicle_breakdown,120.0
Unknown,Non-corridor,,water_logging,1440.0
Central Zone 2,Non-corridor,,pot_holes,10.0
West Zone 2,Bellary Road 1,,vehicle_breakdown,120.0
West Zone 1,Non-corridor,,vehicle_breakdown,18.1232739
West Zone 2,Bellary Road 1,,vehicle_breakdown,10.0
North Zone 2,Non-corridor,,vehicle_breakdown,120.0
North Zone 2,ORR North 2,,vehicle_breakdown,120.0
North Zone 2,Bellary Road 2,,vehicle_breakdown,120.0
North Zone 2,Bellary Road 2,,vehicle_breakdown,120.0
North Zone 1,Bellary Road 2,,vehicle_breakdown,120.0
Unknown,Non-corridor,,water_logging,1440.0
North Zone 2,ORR North 2,,vehicle_breakdown,120.0
Unknown,Non-corridor,,public_event,120.0
Unknown,Non-corridor,,public_event,120.0
East Zone 1,ORR East 2,,construction,120.0
Unknown,Non-corridor,,public_event,120.0
North Zone 2,Bellary Road 2,,vehicle_breakdown,120.0
West Zone 1,West of Chord Road,,vehicle_breakdown,38.17363073333333
North Zone 2,ORR North 2,,vehicle_breakdown,120.0
West Zone 1,Magadi Road,,vehicle_breakdown,10.0
Unknown,Non-corridor,,vehicle_breakdown,120.0
North Zone 1,ORR North 2,,construction,120.0
East Zone 2,Non-corridor,,vehicle_breakdown,120.0
West Zone 1,Non-corridor,,vehicle_breakdown,115.30609676666667
Unknown,Bellary Road 1,,water_logging,1440.0
Central Zone 2,Bellary Road 1,,vehicle_breakdown,120.0
West Zone 2,Bellary Road 1,,vehicle_breakdown,120.0
West Zone 1,Non-corridor,,road_conditions,18.664876366666665
West Zone 2,Bellary Road 1,,vehicle_breakdown,10.0
North Zone 2,Non-corridor,,procession,120.0
North Zone 2,Non-corridor,,procession,166.81366601666664
Unknown,ORR East 2,,construction,120.0
Unknown,Non-corridor,,vehicle_breakdown,120.0
Unknown,Non-corridor,,others,120.0
East Zone 1,Non-corridor,,public_event,120.0
North Zone 2,Bellary Road 1,,vehicle_breakdown,120.0
East Zone 2,Non-corridor,,vehicle_breakdown,120.0
East Zone 1,Non-corridor,,congestion,120.0
Central Zone 1,Non-corridor,,construction,120.0
South Zone 2,Non-corridor,,vehicle_breakdown,105.27233006666667
Unknown,Magadi Road,,others,48.009267783333335
North Zone 2,Bellary Road 1,,construction,10.0
West Zone 2,Mysore Road,,vehicle_breakdown,34.983110116666666
Central Zone 2,Bellary Road 1,,vehicle_breakdown,110.57912203333333
North Zone 2,Non-corridor,,vehicle_breakdown,29.094076266666665
South Zone 2,Hosur Road,,vehicle_breakdown,120.0
Central Zone 1,Non-corridor,,construction,120.0
West Zone 1,Tumkur Road,,vehicle_breakdown,19.710776516666666
Unknown,Bellary Road 1,,water_logging,120.0
Unknown,Bellary Road 1,,construction,120.0
South Zone 2,Non-corridor,,vehicle_breakdown,120.0
West Zone 1,Magadi Road,,tree_fall,91.44109088333333
Unknown,Bellary Road 1,,others,1440.0
East Zone 1,ORR East 2,,construction,120.0
Unknown,Bellary Road 1,,water_logging,120.0
Unknown,Non-corridor,,vehicle_breakdown,24.450349916666667
North Zone 2,Bellary Road 1,,road_conditions,1440.0
East Zone 1,Varthur Road,,vehicle_breakdown,139.90008856666665
North Zone 1,Bellary Road 1,,vehicle_breakdown,120.0
Unknown,Non-corridor,,tree_fall,120.0
East Zone 2,Old Airport Road,,vehicle_breakdown,120.0
Unknown,Non-corridor,,vehicle_breakdown,120.0
Unknown,Non-corridor,,vehicle_breakdown,120.0
North Zone 2,Bellary Road 1,,vehicle_breakdown,120.0
Unknown,Non-corridor,,vehicle_breakdown,120.0
Unknown,Non-corridor,,pot_holes,120.0
Unknown,Non-corridor,,pot_holes,120.0
Unknown,Non-corridor,,construction,120.0
Unknown,Non-corridor,,pot_holes,120.0
Unknown,Non-corridor,,vehicle_breakdown,120.0
North Zone 1,Non-corridor,,construction,120.0
West Zone 1,Magadi Road,,vehicle_breakdown,120.0
Unknown,Non-corridor,,vehicle_breakdown,120.0
Unknown,Tumkur Road,,vehicle_breakdown,120.0
Unknown,Non-corridor,,vehicle_breakdown,120.0
East Zone 2,Airport New South Road,,construction,120.0
Unknown,Bellary Road 1,,vehicle_breakdown,120.0
Unknown,Non-corridor,,vehicle_breakdown,90.77372385
North Zone 1,Non-corridor,,vehicle_breakdown,120.0
North Zone 2,Bellary Road 2,,vehicle_breakdown,120.0
Unknown,ORR East 1,,vehicle_breakdown,120.0
South Zone 2,ORR East 1,,vehicle_breakdown,120.0
Unknown,Non-corridor,,vehicle_breakdown,46.3259174
East Zone 2,Non-corridor,,vehicle_breakdown,120.0
East Zone 1,ORR East 2,,construction,120.0
East Zone 2,ORR North 1,,vehicle_breakdown,120.0
West Zone 1,Non-corridor,,vehicle_breakdown,120.0
East Zone 1,ORR East 1,,water_logging,1440.0
Unknown,ORR North 2,,water_logging,1440.0
Unknown,Magadi Road,,congestion,120.0
Unknown,Non-corridor,,road_conditions,120.0
West Zone 1,Non-corridor,,vehicle_breakdown,120.0
Unknown,Bellary Road 1,,vehicle_breakdown,39.85933068333333
North Zone 1,Bellary Road 1,HebbalFlyoverJunc,vehicle_breakdown,120.0
Central Zone 2,Bellary Road 1,,vehicle_breakdown,120.0
Unknown,Non-corridor,,pot_holes,1440.0
Unknown,Non-corridor,,construction,274.00397273333334
North Zone 2,Non-corridor,,vehicle_breakdown,120.0
Unknown,Non-corridor,,vehicle_breakdown,25.791576833333334
South Zone 1,Non-corridor,,vehicle_breakdown,120.0
North Zone 2,Bellary Road 1,,vehicle_breakdown,120.0
East Zone 2,Non-corridor,,vehicle_breakdown,120.0
South Zone 2,Non-corridor,,vehicle_breakdown,120.0
South Zone 2,Hosur Road,,vehicle_breakdown,120.0
East Zone 2,Non-corridor,,vehicle_breakdown,120.0
Unknown,ORR North 2,,congestion,120.0
Unknown,Non-corridor,,vehicle_breakdown,120.0
Unknown,Magadi Road,,congestion,120.0
North Zone 1,Non-corridor,,congestion,120.0
East Zone 1,ORR East 1,,vehicle_breakdown,120.0
Unknown,Non-corridor,,accident,120.0
Unknown,Non-corridor,,vehicle_breakdown,41.31266376666667
East Zone 1,Varthur Road,,vehicle_breakdown,120.0
North Zone 1,Non-corridor,,construction,120.0
Unknown,ORR North 1,,water_logging,1440.0
Unknown,Non-corridor,,vehicle_breakdown,62.41803623333333
Unknown,Non-corridor,,vehicle_breakdown,120.0
Unknown,Non-corridor,,water_logging,1440.0
Unknown,Non-corridor,,vehicle_breakdown,120.0
Unknown,Non-corridor,,vehicle_breakdown,51.74567765
Unknown,Non-corridor,,accident,120.0
Unknown,Bellary Road 1,,vehicle_breakdown,120.0
North Zone 2,ORR North 2,,vehicle_breakdown,10.0
Unknown,Non-corridor,,vehicle_breakdown,120.0
Central Zone 1,Non-corridor,,construction,120.0
Unknown,Non-corridor,,accident,120.0
West Zone 2,Bellary Road 1,,pot_holes,1440.0
West Zone 1,Non-corridor,,vehicle_breakdown,48.370828966666664
West Zone 1,Non-corridor,,vehicle_breakdown,32.68535996666667
East Zone 2,Non-corridor,,construction,1440.0
West Zone 1,Non-corridor,,vehicle_breakdown,120.0
South Zone 1,Bannerghata Road,,road_conditions,120.0
South Zone 2,Non-corridor,,construction,120.0
Central Zone 1,ORR East 1,,vehicle_breakdown,120.0
Unknown,Non-corridor,,water_logging,120.0
Unknown,Bellary Road 1,,vehicle_breakdown,20.757847583333334
Unknown,Non-corridor,,vehicle_breakdown,126.5230286
Unknown,Bellary Road 1,,water_logging,120.0
Unknown,Non-corridor,,water_logging,1440.0
Unknown,Non-corridor,,tree_fall,634.9466416166667
East Zone 1,Varthur Road,,road_conditions,1440.0
Unknown,Non-corridor,,water_logging,1440.0
Unknown,Non-corridor,,vehicle_breakdown,120.0
East Zone 2,Non-corridor,,vehicle_breakdown,120.0
Unknown,Varthur Road,,vehicle_breakdown,120.0
Unknown,Bellary Road 2,,accident,120.0
North Zone 2,Bellary Road 2,,vehicle_breakdown,133.28790756666666
Unknown,Non-corridor,,vehicle_breakdown,29.97115595
North Zone 1,ORR North 1,,vehicle_breakdown,120.0
East Zone 2,Non-corridor,,construction,1440.0
Unknown,Hosur Road,,vehicle_breakdown,120.0
North Zone 2,Bellary Road 2,,vehicle_breakdown,120.0
North Zone 2,ORR North 2,,vehicle_breakdown,13.06309525
East Zone 2,ORR North 1,,vehicle_breakdown,120.0
Unknown,Non-corridor,,vehicle_breakdown,120.0
Unknown,Bellary Road 2,,vehicle_breakdown,46.695242549999996
North Zone 1,ORR North 1,,vehicle_breakdown,120.0
Unknown,Bellary Road 1,,vehicle_breakdown,19.9379241
East Zone 1,ORR East 2,,construction,120.0
East Zone 1,Varthur Road,,vehicle_breakdown,120.0
Unknown,Bellary Road 2,,others,1440.0
East Zone 2,ORR North 1,,vehicle_breakdown,120.0
East Zone 2,Non-corridor,,vehicle_breakdown,120.0
West Zone 1,Tumkur Road,,vehicle_breakdown,51.0690825
North Zone 2,Bellary Road 1,,vehicle_breakdown,120.0
East Zone 1,Non-corridor,,others,56.020648449999996
Unknown,Non-corridor,,others,120.0
Unknown,Non-corridor,,accident,120.0
North Zone 1,Airport New South Road,,others,120.0
Unknown,Non-corridor,,accident,120.0
Unknown,Non-corridor,,others,120.0
West Zone 2,Bellary Road 1,,vehicle_breakdown,91.85315681666665
North Zone 1,ORR North 1,,vehicle_breakdown,17.6375147
East Zone 1,ORR East 2,,vehicle_breakdown,49.72056991666667
East Zone 1,ORR East 2,,construction,120.0
Unknown,ORR North 2,,construction,120.0
North Zone 1,Non-corridor,,vehicle_breakdown,25.304260933333335
North Zone 2,Bellary Road 1,,vehicle_breakdown,120.0
North Zone 2,Bellary Road 1,,vehicle_breakdown,120.0
South Zone 1,Non-corridor,,pot_holes,120.0
Unknown,Bellary Road 1,,vehicle_breakdown,120.0
South Zone 1,Bannerghata Road,,pot_holes,120.0
East Zone 2,ORR East 2,,road_conditions,25.643229650000002
South Zone 1,Non-corridor,,pot_holes,1440.0
South Zone 1,Non-corridor,,pot_holes,1440.0
South Zone 1,Non-corridor,,pot_holes,1440.0
South Zone 1,Non-corridor,,pot_holes,1440.0
South Zone 1,Non-corridor,,pot_holes,1440.0
West Zone 1,Non-corridor,,vehicle_breakdown,80.12362475
Unknown,Non-corridor,,vehicle_breakdown,120.0
West Zone 1,Non-corridor,,test_demo,10.0
South Zone 2,Non-corridor,,pot_holes,120.0
South Zone 1,Non-corridor,,pot_holes,120.0
South Zone 1,Non-corridor,,pot_holes,120.0
South Zone 1,Bannerghata Road,,vehicle_breakdown,120.0
South Zone 1,Non-corridor,,pot_holes,120.0
Unknown,Non-corridor,,others,120.0
South Zone 1,Non-corridor,,pot_holes,120.0
West Zone 2,Bellary Road 1,,vehicle_breakdown,120.0
West Zone 2,Bellary Road 1,,vehicle_breakdown,120.0
South Zone 1,Non-corridor,,pot_holes,120.0
South Zone 1,Non-corridor,,pot_holes,120.0
Unknown,Non-corridor,,vehicle_breakdown,120.0
South Zone 1,Non-corridor,,pot_holes,120.0
Unknown,Non-corridor,,vehicle_breakdown,120.0
Unknown,Non-corridor,,pot_holes,120.0
South Zone 2,Non-corridor,,pot_holes,120.0
East Zone 2,Non-corridor,,road_conditions,1440.0
South Zone 2,Non-corridor,,pot_holes,120.0
East Zone 1,Non-corridor,,vehicle_breakdown,120.0
East Zone 2,Non-corridor,,road_conditions,1440.0
East Zone 2,ORR North 1,,vehicle_breakdown,120.0
Unknown,Non-corridor,,vehicle_breakdown,120.0
North Zone 2,Non-corridor,,vehicle_breakdown,120.0
North Zone 1,Airport New South Road,,construction,120.0
Unknown,Non-corridor,,accident,53.34333818333334
Unknown,ORR West 1,,vehicle_breakdown,120.0
West Zone 1,Mysore Road,,others,1440.0
West Zone 2,Bellary Road 1,,accident,22.104458983333334
East Zone 2,Non-corridor,,construction,120.0
East Zone 1,Non-corridor,,congestion,120.0
West Zone 2,Bellary Road 1,,vehicle_breakdown,120.0
Unknown,Non-corridor,,construction,120.0
North Zone 1,Non-corridor,,vehicle_breakdown,120.0
Central Zone 2,Bellary Road 1,,vehicle_breakdown,120.0
Central Zone 2,Bellary Road 1,,vehicle_breakdown,120.0
North Zone 1,Non-corridor,,public_event,120.0
North Zone 1,Non-corridor,,public_event,120.0
West Zone 1,Non-corridor,,vehicle_breakdown,70.50113398333333
North Zone 1,Non-corridor,,vehicle_breakdown,10.0
East Zone 1,Non-corridor,,vehicle_breakdown,120.0
Unknown,Non-corridor,,vehicle_breakdown,49.09052761666667
Unknown,Non-corridor,,vehicle_breakdown,25.623109600000003
East Zone 2,ORR East 2,,vehicle_breakdown,31.903825633333334
West Zone 2,Magadi Road,,vehicle_breakdown,16.718276533333334
West Zone 2,Non-corridor,,others,1440.0
East Zone 1,Non-corridor,,vehicle_breakdown,39.002808116666664
East Zone 2,Non-corridor,,vehicle_breakdown,120.0
West Zone 2,Bellary Road 1,,vehicle_breakdown,120.0
East Zone 2,Non-corridor,,construction,120.0
North Zone 2,Non-corridor,,vehicle_breakdown,120.0
Unknown,Non-corridor,,vehicle_breakdown,120.0
West Zone 1,Non-corridor,,accident,20.5029632
East Zone 1,ORR East 2,,construction,120.0
Unknown,Non-corridor,,vehicle_breakdown,120.0
West Zone 2,Magadi Road,,vehicle_breakdown,120.0
Central Zone 2,Bellary Road 1,,vehicle_breakdown,120.0
East Zone 2,Non-corridor,,vehicle_breakdown,120.0
North Zone 1,Hennur Main Road,,vehicle_breakdown,120.0
South Zone 1,Non-corridor,,pot_holes,120.0
Central Zone 1,ORR East 1,,vehicle_breakdown,120.0
Unknown,Non-corridor,,vehicle_breakdown,120.0
West Zone 1,Tumkur Road,,vehicle_breakdown,69.02691816666668
North Zone 2,Non-corridor,,construction,120.0
Unknown,Non-corridor,,vehicle_breakdown,120.0
North Zone 1,Non-corridor,,procession,58.20283951666667
East Zone 2,Non-corridor,,vehicle_breakdown,120.0
East Zone 2,Non-corridor,,vehicle_breakdown,120.0
South Zone 1,Non-corridor,,vehicle_breakdown,120.0
Unknown,Non-corridor,,vehicle_breakdown,120.0
Central Zone 2,Bellary Road 1,,vehicle_breakdown,120.0
West Zone 1,Magadi Road,,vehicle_breakdown,46.903321283333334
East Zone 1,ORR East 2,,construction,120.0
Unknown,Non-corridor,,vehicle_breakdown,21.676458
Unknown,Non-corridor,,public_event,120.0
Unknown,Non-corridor,,pot_holes,1440.0
East Zone 1,ORR East 2,,vehicle_breakdown,120.0
North Zone 2,Bellary Road 2,,vehicle_breakdown,19.907681733333334
Unknown,ORR North 2,,others,1440.0
East Zone 1,Non-corridor,BigBazaar(Whitefield)Junc,vehicle_breakdown,120.0
Unknown,Mysore Road,,others,1440.0
Unknown,Bannerghata Road,,vehicle_breakdown,23.094614033333336
Unknown,Non-corridor,KR Road-14thCross Junc,vehicle_breakdown,123.51028495
Unknown,Bellary Road 1,,vehicle_breakdown,120.0
Unknown,Bellary Road 1,,vehicle_breakdown,120.0
Unknown,Non-corridor,,vehicle_breakdown,120.0
Unknown,ORR North 1,,vehicle_breakdown,120.0
Unknown,Non-corridor,,vehicle_breakdown,120.0
Unknown,ORR North 1,,vehicle_breakdown,120.0
Unknown,Non-corridor,,pot_holes,120.0
Unknown,Non-corridor,,vehicle_breakdown,120.0
Unknown,Non-corridor,,congestion,120.0
Central Zone 2,Non-corridor,PurnimaTheaterJunc,vehicle_breakdown,120.0
East Zone 1,ORR East 1,,vehicle_breakdown,43.20982215
Unknown,ORR North 1,,vehicle_breakdown,120.0
South Zone 2,Hosur Road,,vehicle_breakdown,120.0
North Zone 2,Bellary Road 2,,vehicle_breakdown,120.0
Unknown,Non-corridor,,accident,120.0
Central Zone 2,CBD 2,IndianExpressJunction,vehicle_breakdown,120.0
Unknown,Non-corridor,,others,28.82723145
Unknown,Bellary Road 2,,vehicle_breakdown,142.36468729999999
Unknown,Non-corridor,,accident,120.0
North Zone 1,Airport New South Road,,construction,120.0
Unknown,Non-corridor,,vehicle_breakdown,120.0
Unknown,ORR East 1,,vehicle_breakdown,120.0
West Zone 1,Non-corridor,,public_event,120.0
Unknown,ORR North 1,HennurRoad-ORR Junc,vehicle_breakdown,120.0
Unknown,Non-corridor,,water_logging,1440.0
Unknown,Magadi Road,LeprosyhospitalJunc,vehicle_breakdown,120.0
Unknown,Hosur Road,AyyappaTempleJunc,vehicle_breakdown,63.03992563333334
Unknown,Tumkur Road,YeshwanthpuraCircle,vehicle_breakdown,22.331262849999998
Unknown,Non-corridor,KhodaysCircle(DV UrsCircle),vehicle_breakdown,36.19868998333333
Unknown,Non-corridor,,pot_holes,120.0
Unknown,Non-corridor,,pot_holes,120.0
Unknown,Non-corridor,,pot_holes,120.0
Unknown,ORR East 1,,others,1440.0
Unknown,ORR West 1,,vehicle_breakdown,10.0
Unknown,ORR East 2,,construction,120.0
Unknown,Non-corridor,,vehicle_breakdown,120.0
South Zone 1,Non-corridor,,vehicle_breakdown,120.0
North Zone 2,Bellary Road 1,,vehicle_breakdown,120.0
Unknown,ORR East 1,,vehicle_breakdown,29.683071050000002
Unknown,Non-corridor,,vehicle_breakdown,11.861054683333332
North Zone 1,Airport New South Road,,construction,120.0
South Zone 1,ORR West 1,,vehicle_breakdown,120.0
North Zone 1,ORR North 1,,vehicle_breakdown,120.0
West Zone 1,Non-corridor,,others,1440.0
North Zone 1,ORR North 1,,construction,51.12241125
West Zone 2,Mysore Road,,vehicle_breakdown,120.0
East Zone 1,Varthur Road,,pot_holes,120.0
East Zone 2,Non-corridor,,vehicle_breakdown,120.0
East Zone 2,Non-corridor,,others,98.94985726666667
North Zone 1,Non-corridor,,pot_holes,1440.0
North Zone 1,Non-corridor,,road_conditions,1440.0
Unknown,Non-corridor,,others,120.0
South Zone 1,Non-corridor,,water_logging,1440.0
North Zone 1,ORR North 1,,vehicle_breakdown,62.70201386666667
North Zone 2,Bellary Road 1,,vehicle_breakdown,82.52175041666666
North Zone 1,Hennur Main Road,,vehicle_breakdown,120.0
North Zone 2,ORR North 2,,vehicle_breakdown,10.677372616666666
East Zone 2,Non-corridor,,vehicle_breakdown,159.28904783333334
North Zone 2,Bellary Road 1,,vehicle_breakdown,120.0
West Zone 1,Non-corridor,,vehicle_breakdown,17.285524333333335
East Zone 1,ORR East 2,,construction,120.0
East Zone 1,ORR East 1,,vehicle_breakdown,40.835751566666666
North Zone 2,Bellary Road 1,,vehicle_breakdown,120.0
West Zone 1,Magadi Road,,others,1440.0
South Zone 1,Non-corridor,,vehicle_breakdown,120.0
West Zone 1,Non-corridor,,vehicle_breakdown,67.34591795
East Zone 2,Non-corridor,,others,531.4297273999999
North Zone 2,ORR North 2,,vehicle_breakdown,120.0
Central Zone 1,Old Airport Road,,congestion,10.0
North Zone 2,Bellary Road 1,,vehicle_breakdown,14.133789316666668
East Zone 1,ORR East 1,,vehicle_breakdown,120.0
North Zone 1,ORR North 2,,construction,120.0
North Zone 2,ORR North 2,,vehicle_breakdown,120.0
West Zone 1,Non-corridor,,others,1440.0
East Zone 1,ORR East 1,,others,1440.0
North Zone 2,Bellary Road 1,,vehicle_breakdown,120.0
North Zone 2,Bellary Road 1,,vehicle_breakdown,36.82487128333333
Central Zone 1,Old Airport Road,,vehicle_breakdown,63.47326641666667
East Zone 1,ORR East 2,,construction,120.0
Central Zone 2,Bellary Road 1,,pot_holes,120.0
West Zone 1,Non-corridor,,vehicle_breakdown,120.0
West Zone 1,Non-corridor,,others,1143.35217835
North Zone 2,Non-corridor,,vehicle_breakdown,126.8133991
East Zone 1,Non-corridor,,congestion,120.0
East Zone 1,Varthur Road,,vehicle_breakdown,120.0
Unknown,Non-corridor,,others,120.0
West Zone 2,Bellary Road 1,,vehicle_breakdown,16.259062183333334
Central Zone 1,Non-corridor,,vehicle_breakdown,87.88003225000001
East Zone 1,ORR East 2,,construction,120.0
West Zone 2,Bellary Road 1,,others,1355.9523948333333
East Zone 2,ORR East 2,,others,695.0349998500001
West Zone 1,Magadi Road,,vehicle_breakdown,10.0
North Zone 2,Bellary Road 1,,vehicle_breakdown,42.97605128333333
West Zone 2,West of Chord Road,,vehicle_breakdown,120.0
East Zone 1,ORR East 1,,construction,120.0
North Zone 1,Non-corridor,,vehicle_breakdown,29.942643966666665
North Zone 2,Bellary Road 1,,vehicle_breakdown,23.71280468333333
North Zone 1,Bellary Road 1,,vehicle_breakdown,120.0
North Zone 2,ORR North 2,,vehicle_breakdown,120.0
East Zone 1,Non-corridor,,construction,1440.0
East Zone 1,Non-corridor,,water_logging,120.0
West Zone 1,Magadi Road,,vehicle_breakdown,120.0
South Zone 1,Non-corridor,,vehicle_breakdown,80.19145851666667
South Zone 1,Non-corridor,,procession,120.0
South Zone 2,Non-corridor,,vehicle_breakdown,120.0
West Zone 1,Magadi Road,,vehicle_breakdown,120.0
North Zone 2,Bellary Road 1,,accident,120.0
Unknown,Non-corridor,,others,120.0
North Zone 2,Non-corridor,,others,120.0
East Zone 2,Non-corridor,,construction,1440.0
East Zone 1,ORR East 2,,construction,120.0
East Zone 1,Non-corridor,,vehicle_breakdown,23.25843605
East Zone 1,Non-corridor,,vehicle_breakdown,120.0
East Zone 1,ORR East 2,,construction,120.0
West Zone 1,Magadi Road,,others,77.66299434999999
North Zone 1,ORR North 1,,vehicle_breakdown,120.0
North Zone 2,Bellary Road 2,,vehicle_breakdown,120.0
East Zone 2,Non-corridor,,construction,1440.0
East Zone 2,Non-corridor,,construction,120.0
West Zone 1,Non-corridor,,others,120.0
West Zone 1,Non-corridor,,others,15.692345233333333
East Zone 2,Non-corridor,,construction,414.5363759
East Zone 2,ORR North 1,,others,120.0
North Zone 2,Bellary Road 2,,vehicle_breakdown,120.0
Unknown,Non-corridor,,vehicle_breakdown,120.0
South Zone 1,Non-corridor,,vehicle_breakdown,69.24498263333334
Central Zone 2,Non-corridor,,procession,120.0
South Zone 2,Hosur Road,,vehicle_breakdown,120.0
West Zone 2,Magadi Road,,public_event,120.0
West Zone 1,Mysore Road,,others,99.86904421666667
East Zone 2,Non-corridor,,pot_holes,120.0
West Zone 2,Bellary Road 1,,road_conditions,1440.0
West Zone 1,Mysore Road,,vehicle_breakdown,24.543379599999998
East Zone 2,Non-corridor,,vehicle_breakdown,120.0
East Zone 1,Non-corridor,,road_conditions,120.0
Central Zone 2,Bellary Road 1,,vehicle_breakdown,52.19419608333333
North Zone 2,Non-corridor,,construction,1440.0
East Zone 2,Non-corridor,,vehicle_breakdown,120.0
North Zone 1,Non-corridor,,construction,120.0
East Zone 2,Non-corridor,,vehicle_breakdown,120.0
East Zone 1,Varthur Road,,vehicle_breakdown,10.0
North Zone 1,Airport New South Road,,others,1440.0
West Zone 1,Magadi Road,,vehicle_breakdown,120.0
North Zone 1,Airport New South Road,,construction,1440.0
North Zone 1,Non-corridor,,vehicle_breakdown,45.659029499999995
Central Zone 2,Old Madras Road,,water_logging,120.0
South Zone 2,Non-corridor,,public_event,120.0
South Zone 2,Non-corridor,,vip_movement,120.0
Central Zone 1,ORR North 1,,vehicle_breakdown,144.15670458333335
East Zone 2,Non-corridor,,vehicle_breakdown,64.77909031666667
North Zone 2,Non-corridor,,pot_holes,1440.0
North Zone 2,Bellary Road 1,,vehicle_breakdown,120.0
East Zone 2,ORR East 2,,vehicle_breakdown,61.383499750000006
North Zone 2,ORR North 2,,vehicle_breakdown,56.45296956666667
South Zone 1,Bannerghata Road,,pot_holes,120.0
South Zone 1,Bannerghata Road,,pot_holes,120.0
South Zone 1,Bannerghata Road,,pot_holes,120.0
South Zone 1,Bannerghata Road,,pot_holes,120.0
South Zone 1,Bannerghata Road,,pot_holes,120.0
South Zone 1,Bannerghata Road,,pot_holes,120.0
South Zone 1,Bannerghata Road,,pot_holes,120.0
South Zone 1,Bannerghata Road,,pot_holes,120.0
South Zone 1,Bannerghata Road,,pot_holes,120.0
South Zone 1,Bannerghata Road,,pot_holes,120.0
South Zone 1,Bannerghata Road,,pot_holes,120.0
South Zone 1,Bannerghata Road,,pot_holes,120.0
South Zone 1,Bannerghata Road,,pot_holes,120.0
South Zone 1,Bannerghata Road,,pot_holes,120.0
South Zone 1,Bannerghata Road,,pot_holes,120.0
South Zone 1,Bannerghata Road,,pot_holes,120.0
South Zone 1,Bannerghata Road,,pot_holes,120.0
South Zone 1,Bannerghata Road,,pot_holes,120.0
West Zone 1,Non-corridor,MahalaxmiLayoutEntranceJunc,road_conditions,120.0
South Zone 1,Bannerghata Road,JayadevaHospitalJunc,vehicle_breakdown,120.0
South Zone 1,Bannerghata Road,,pot_holes,120.0
South Zone 1,Bannerghata Road,,pot_holes,120.0
South Zone 1,Bannerghata Road,,pot_holes,120.0
South Zone 1,Bannerghata Road,,pot_holes,120.0
East Zone 1,Non-corridor,,water_logging,120.0
South Zone 1,Non-corridor,,pot_holes,120.0
South Zone 1,Non-corridor,,pot_holes,120.0
South Zone 1,Non-corridor,,pot_holes,120.0
West Zone 1,Tumkur Road,GokuldasImagesJunc,vehicle_breakdown,19.686655499999997
Central Zone 1,Non-corridor,BigBazaarJunction(OldMadrasRd),tree_fall,120.0
South Zone 2,Non-corridor,,pot_holes,120.0
South Zone 2,Non-corridor,,pot_holes,120.0
South Zone 2,Non-corridor,,pot_holes,120.0
South Zone 2,Non-corridor,,pot_holes,120.0
South Zone 2,Non-corridor,,pot_holes,120.0
South Zone 2,Non-corridor,,pot_holes,120.0
South Zone 2,Non-corridor,,pot_holes,120.0
South Zone 2,Non-corridor,,pot_holes,120.0
South Zone 2,Non-corridor,,pot_holes,120.0
South Zone 2,Non-corridor,,pot_holes,120.0
South Zone 1,ORR West 1,,vehicle_breakdown,75.37487433333334
South Zone 1,Non-corridor,,pot_holes,120.0
West Zone 2,West of Chord Road,,water_logging,1440.0
South Zone 2,Hosur Road,,accident,20.58339885
East Zone 1,ORR East 1,,construction,120.0
East Zone 2,Non-corridor,,others,31.693810616666667
West Zone 1,Non-corridor,,vehicle_breakdown,44.57036183333333
North Zone 2,Bellary Road 2,,vehicle_breakdown,120.0
West Zone 1,Non-corridor,,accident,15.379208666666667
East Zone 1,Non-corridor,,vehicle_breakdown,14.3899262
Central Zone 2,Mysore Road,,vehicle_breakdown,30.176836466666668
East Zone 1,Non-corridor,,congestion,120.0
East Zone 2,Non-corridor,,vehicle_breakdown,120.0
North Zone 2,Non-corridor,,vehicle_breakdown,120.0
North Zone 1,Non-corridor,,procession,120.0
North Zone 1,Non-corridor,,procession,120.0
Central Zone 1,Non-corridor,,accident,120.0
Central Zone 2,Bellary Road 1,,vehicle_breakdown,17.879924716666668
South Zone 2,Non-corridor,,pot_holes,120.0
South Zone 2,Non-corridor,,pot_holes,120.0
South Zone 2,Non-corridor,,pot_holes,120.0
South Zone 2,Non-corridor,,pot_holes,120.0
North Zone 2,Bellary Road 1,,vehicle_breakdown,120.0
South Zone 2,Non-corridor,,pot_holes,120.0
North Zone 2,Bellary Road 1,,vehicle_breakdown,120.0
South Zone 2,Non-corridor,,pot_holes,120.0
South Zone 2,Non-corridor,,pot_holes,120.0
South Zone 1,Non-corridor,,pot_holes,120.0
South Zone 1,Non-corridor,,pot_holes,120.0
South Zone 1,Non-corridor,,pot_holes,120.0
South Zone 2,Non-corridor,,pot_holes,120.0
South Zone 2,Non-corridor,,pot_holes,120.0
South Zone 2,Non-corridor,,pot_holes,120.0
Central Zone 2,CBD 2,IndianExpressJunction,vehicle_breakdown,120.0
East Zone 2,ORR North 1,KalyanNagar-ORR Junc,vehicle_breakdown,120.0
Central Zone 2,Magadi Road,LeprosyhospitalJunc,others,120.0
Central Zone 1,Non-corridor,,vehicle_breakdown,120.0
North Zone 2,Bellary Road 2,,vehicle_breakdown,120.0
North Zone 2,Bellary Road 2,,others,1440.0
West Zone 2,Tumkur Road,YeshwanthpuraCircle,vehicle_breakdown,25.483353933333333
South Zone 2,Hosur Road,,accident,33.47683516666667
South Zone 2,Non-corridor,,construction,1440.0
North Zone 1,Non-corridor,,vehicle_breakdown,10.0
East Zone 2,Non-corridor,,vehicle_breakdown,81.4365754
East Zone 2,Non-corridor,,accident,120.0
North Zone 2,Bellary Road 2,,others,1440.0
West Zone 1,Non-corridor,,vehicle_breakdown,120.0
West Zone 1,Non-corridor,,vehicle_breakdown,120.0
West Zone 1,Non-corridor,,vehicle_breakdown,120.0
West Zone 1,Non-corridor,,vehicle_breakdown,120.0
Central Zone 1,Non-corridor,,construction,120.0
West Zone 1,Magadi Road,,vehicle_breakdown,120.0
East Zone 1,ORR East 1,,vehicle_breakdown,120.0
South Zone 2,Hosur Road,,accident,120.0
North Zone 2,Bellary Road 1,,accident,120.0
East Zone 1,ORR East 2,,construction,120.0
Central Zone 1,IRR(Thanisandra road),,pot_holes,120.0
North Zone 2,Bellary Road 2,,vehicle_breakdown,10.0
North Zone 1,ORR North 1,,vehicle_breakdown,120.0
West Zone 1,Non-corridor,,vehicle_breakdown,120.0
North Zone 1,Non-corridor,,others,1440.0
West Zone 1,Tumkur Road,,vehicle_breakdown,120.0
South Zone 2,Non-corridor,,accident,120.0
East Zone 1,Non-corridor,,accident,216.12666711666668
Central Zone 1,Non-corridor,,construction,120.0
North Zone 1,Non-corridor,SindhiColonyJunction,pot_holes,1440.0
Central Zone 1,Non-corridor,,construction,120.0
West Zone 1,Non-corridor,,accident,120.0
West Zone 1,Magadi Road,,vehicle_breakdown,120.0
North Zone 2,ORR North 2,,others,10.0
North Zone 2,Bellary Road 2,,accident,39.634294700000005
Central Zone 2,Non-corridor,Minerva Circle,vehicle_breakdown,120.0
North Zone 1,Non-corridor,,accident,120.0
East Zone 1,ORR East 2,,construction,120.0
Central Zone 1,Non-corridor,,others,120.0
South Zone 1,Non-corridor,,vehicle_breakdown,120.0
Central Zone 1,ORR East 1,,vehicle_breakdown,81.19912645
South Zone 1,Non-corridor,,vehicle_breakdown,58.679805316666666
South Zone 1,Non-corridor,,vehicle_breakdown,48.05517008333334
North Zone 1,Hennur Main Road,,vehicle_breakdown,120.0
North Zone 1,Non-corridor,,vehicle_breakdown,120.0
West Zone 2,Mysore Road,,others,63.2420943
South Zone 1,Non-corridor,,vehicle_breakdown,22.931035716666667
South Zone 1,Non-corridor,,vehicle_breakdown,63.71386355
Central Zone 1,ORR North 1,,vehicle_breakdown,120.0
North Zone 2,Hennur Main Road,,tree_fall,120.0
North Zone 2,Hennur Main Road,,tree_fall,120.0
East Zone 1,Non-corridor,,others,99.64480833333333
North Zone 1,ORR North 2,,vehicle_breakdown,120.0
North Zone 2,Bellary Road 1,,vehicle_breakdown,19.75909175
East Zone 2,ORR East 2,,vehicle_breakdown,92.9163563
North Zone 2,Bellary Road 1,,vehicle_breakdown,147.61173708333334
North Zone 1,Non-corridor,,others,120.0
West Zone 1,Magadi Road,,construction,1440.0
East Zone 2,ORR East 2,,vehicle_breakdown,31.1868471
East Zone 2,Non-corridor,,others,112.65264815
North Zone 2,Non-corridor,,road_conditions,1440.0
East Zone 1,ORR East 2,,construction,120.0
South Zone 2,Hosur Road,,vehicle_breakdown,120.0
South Zone 2,Hosur Road,,vehicle_breakdown,120.0
Central Zone 2,Bellary Road 1,,vehicle_breakdown,120.0
Central Zone 2,Bellary Road 1,,vehicle_breakdown,120.0
Central Zone 2,Bellary Road 1,,vehicle_breakdown,120.0
Central Zone 1,Non-corridor,,construction,120.0
Central Zone 1,Non-corridor,,vehicle_breakdown,120.0
North Zone 1,Bellary Road 1,,others,1440.0
North Zone 2,ORR North 2,,vehicle_breakdown,11.028707233333334
Central Zone 1,Non-corridor,,construction,120.0
North Zone 2,Bellary Road 2,,water_logging,402.88345245
East Zone 1,ORR East 1,,vehicle_breakdown,120.0
West Zone 1,West of Chord Road,ModiHospital,others,81.24858818333334
West Zone 1,Non-corridor,,vehicle_breakdown,120.0
West Zone 1,Non-corridor,,vehicle_breakdown,50.876807183333334
West Zone 1,Magadi Road,,vehicle_breakdown,120.0
West Zone 1,Non-corridor,,pot_holes,120.0
East Zone 2,Airport New South Road,,construction,1440.0
Central Zone 2,Bellary Road 1,,vehicle_breakdown,120.0
North Zone 1,ORR North 1,,vehicle_breakdown,25.888201816666665
East Zone 1,ORR East 2,,construction,120.0
West Zone 1,Non-corridor,,vehicle_breakdown,120.0
Central Zone 1,Non-corridor,,construction,120.0
North Zone 2,Non-corridor,,water_logging,197.33674348333335
North Zone 2,Non-corridor,,vehicle_breakdown,120.0
South Zone 1,Non-corridor,,vehicle_breakdown,120.0
North Zone 1,Bellary Road 1,,others,28.6036425
North Zone 1,Airport New South Road,,construction,10.0
Central Zone 1,ORR North 1,,accident,50.145977466666665
South Zone 2,Non-corridor,,vehicle_breakdown,120.0
West Zone 1,Non-corridor,,vehicle_breakdown,56.5959926
North Zone 2,Bellary Road 1,,vehicle_breakdown,120.0
North Zone 1,Airport New South Road,,construction,120.0
North Zone 1,Airport New South Road,,construction,120.0
West Zone 1,Mysore Road,,vehicle_breakdown,120.0
Central Zone 1,Non-corridor,,construction,120.0
South Zone 1,Bannerghata Road,,public_event,120.0
North Zone 2,Non-corridor,,vehicle_breakdown,120.0
Central Zone 1,Non-corridor,,vehicle_breakdown,120.0
West Zone 1,Mysore Road,,vehicle_breakdown,120.0
North Zone 2,Non-corridor,,vehicle_breakdown,120.0
North Zone 2,Bellary Road 2,,vehicle_breakdown,120.0
North Zone 1,ORR North 1,,vehicle_breakdown,120.0
South Zone 1,Non-corridor,,road_conditions,1440.0
North Zone 2,Bellary Road 1,,vehicle_breakdown,120.0
North Zone 2,Bellary Road 1,,vehicle_breakdown,13.938969850000001
East Zone 2,Non-corridor,,accident,61.85042823333333
North Zone 2,Bellary Road 2,,vehicle_breakdown,120.0
North Zone 2,Bellary Road 1,,vehicle_breakdown,120.0
North Zone 2,Bellary Road 1,,vehicle_breakdown,120.0
Central Zone 2,Bellary Road 1,,vehicle_breakdown,46.93523065
East Zone 1,Non-corridor,,vehicle_breakdown,120.0
West Zone 1,Non-corridor,,vehicle_breakdown,120.0
Unknown,Non-corridor,,vehicle_breakdown,120.0
West Zone 1,Magadi Road,,others,84.37444583333333
North Zone 1,ORR North 1,,vehicle_breakdown,120.0
East Zone 2,Non-corridor,,congestion,120.0
South Zone 1,ORR West 1,,vehicle_breakdown,120.0
South Zone 1,Non-corridor,,vehicle_breakdown,69.26106918333333
North Zone 1,Airport New South Road,,construction,1440.0
West Zone 1,Non-corridor,,vehicle_breakdown,120.0
North Zone 2,Non-corridor,,construction,28.28856955
North Zone 2,Bellary Road 1,,construction,1440.0
North Zone 1,Bellary Road 2,,vehicle_breakdown,120.0
West Zone 1,Non-corridor,,vehicle_breakdown,120.0
North Zone 2,Non-corridor,,vehicle_breakdown,75.54407861666667
North Zone 2,Bellary Road 1,,vehicle_breakdown,120.0
East Zone 1,Varthur Road,,vehicle_breakdown,120.0
East Zone 1,Non-corridor,,vehicle_breakdown,10.0
East Zone 1,Varthur Road,,vehicle_breakdown,120.0
East Zone 2,Non-corridor,,vehicle_breakdown,120.0
North Zone 2,ORR North 2,,vehicle_breakdown,120.0
North Zone 2,ORR North 2,,vehicle_breakdown,13.388208883333334
West Zone 1,Non-corridor,,pot_holes,120.0
East Zone 2,ORR East 2,,vehicle_breakdown,120.0
West Zone 1,Non-corridor,,vehicle_breakdown,112.37712826666666
Central Zone 1,Non-corridor,,vehicle_breakdown,120.0
West Zone 1,Tumkur Road,,vehicle_breakdown,40.023663983333336
North Zone 2,Hennur Main Road,,vehicle_breakdown,120.0
South Zone 2,Hosur Road,,pot_holes,120.0
East Zone 2,Non-corridor,,vehicle_breakdown,10.0
Unknown,Non-corridor,,vehicle_breakdown,120.0
West Zone 1,Non-corridor,,vehicle_breakdown,120.0
North Zone 2,Bellary Road 1,,vehicle_breakdown,120.0
North Zone 2,Bellary Road 1,,vehicle_breakdown,120.0
East Zone 2,Non-corridor,,vehicle_breakdown,109.74121628333334
West Zone 2,Bellary Road 1,,vehicle_breakdown,120.0
North Zone 2,Non-corridor,,vehicle_breakdown,120.0
North Zone 2,Bellary Road 1,,others,120.0
North Zone 1,Bellary Road 2,,vehicle_breakdown,120.0
North Zone 1,Airport New South Road,,construction,120.0
North Zone 1,ORR North 1,,vehicle_breakdown,120.0
North Zone 1,ORR North 1,,vehicle_breakdown,120.0
East Zone 2,Non-corridor,,vehicle_breakdown,120.0
West Zone 1,Non-corridor,,others,1440.0
East Zone 1,ORR East 2,,construction,120.0
North Zone 1,Bellary Road 1,,water_logging,120.0
Central Zone 1,Non-corridor,,others,1440.0
North Zone 1,Bellary Road 2,,vehicle_breakdown,120.0
North Zone 2,Bellary Road 2,,water_logging,1440.0
North Zone 1,Non-corridor,,construction,120.0
North Zone 2,ORR North 2,,others,83.9909704
West Zone 2,Bellary Road 1,,vehicle_breakdown,82.32451263333334
West Zone 2,Bellary Road 1,,vehicle_breakdown,82.27843179999999
North Zone 2,Bellary Road 1,,others,120.0
West Zone 1,Mysore Road,,vehicle_breakdown,120.0
East Zone 2,ORR North 1,,construction,120.0
East Zone 2,ORR North 1,,construction,120.0
North Zone 2,ORR North 2,,vehicle_breakdown,120.0
East Zone 1,Non-corridor,,vehicle_breakdown,120.0
West Zone 2,West of Chord Road,,others,120.0
East Zone 2,Non-corridor,,vehicle_breakdown,120.0
North Zone 1,Airport New South Road,,construction,120.0
East Zone 2,Non-corridor,,vehicle_breakdown,120.0
North Zone 2,Non-corridor,,others,120.0
East Zone 2,Non-corridor,,vehicle_breakdown,34.47710638333333
Central Zone 2,Non-corridor,,pot_holes,120.0
North Zone 2,Non-corridor,,vehicle_breakdown,120.0
West Zone 1,Mysore Road,,others,1440.0
North Zone 1,Non-corridor,,vehicle_breakdown,78.09253493333334
Central Zone 2,Non-corridor,,construction,120.0
East Zone 1,Non-corridor,,vehicle_breakdown,10.0
Central Zone 2,Bellary Road 1,,vehicle_breakdown,120.0
North Zone 2,ORR North 2,,vehicle_breakdown,62.10023035
South Zone 2,Hosur Road,,accident,116.71515604999999
South Zone 2,Hosur Road,,accident,115.25701389999999
South Zone 2,Hosur Road,,accident,114.69720166666666
South Zone 2,Hosur Road,,accident,109.13002826666667
North Zone 1,Airport New South Road,,construction,120.0
West Zone 1,Non-corridor,,vehicle_breakdown,134.75408208333334
North Zone 2,Non-corridor,,construction,120.0
East Zone 1,ORR East 2,,construction,120.0
North Zone 2,Bellary Road 2,,vehicle_breakdown,120.0
East Zone 1,Non-corridor,,vehicle_breakdown,20.2316355
West Zone 1,Tumkur Road,,vehicle_breakdown,120.0
West Zone 2,Bellary Road 1,,vehicle_breakdown,24.70797813333333
North Zone 2,ORR North 2,,vehicle_breakdown,120.0
East Zone 1,Non-corridor,,vehicle_breakdown,34.95256223333333
North Zone 1,Hennur Main Road,,vehicle_breakdown,56.3099261
South Zone 2,Hosur Road,,vehicle_breakdown,33.11645485
South Zone 1,Non-corridor,,construction,120.0
East Zone 1,Non-corridor,,congestion,120.0
North Zone 2,Bellary Road 1,,vehicle_breakdown,120.0
North Zone 2,Bellary Road 1,,vehicle_breakdown,120.0
West Zone 2,Bellary Road 1,,vehicle_breakdown,27.943233333333335
South Zone 2,Hosur Road,,vehicle_breakdown,120.0
East Zone 1,Non-corridor,,vehicle_breakdown,120.0
East Zone 2,ORR North 1,,vehicle_breakdown,28.236750733333334
West Zone 2,Non-corridor,,Debris,1440.0
West Zone 1,Mysore Road,,vehicle_breakdown,120.0
North Zone 1,Airport New South Road,,construction,120.0
East Zone 1,Varthur Road,,vehicle_breakdown,120.0
East Zone 1,ORR East 2,,construction,120.0
West Zone 1,Non-corridor,,vehicle_breakdown,120.0
Central Zone 1,Non-corridor,,construction,120.0
North Zone 1,Airport New South Road,,vehicle_breakdown,22.40985058333333
West Zone 1,Non-corridor,,water_logging,1440.0
East Zone 1,Non-corridor,,construction,1440.0
East Zone 1,Varthur Road,,pot_holes,120.0
West Zone 1,ORR North 2,,vehicle_breakdown,50.827219183333334
West Zone 1,Magadi Road,,vehicle_breakdown,121.27505245
East Zone 1,ORR East 2,,vehicle_breakdown,92.36745463333334
North Zone 2,Bellary Road 2,,vehicle_breakdown,120.0
West Zone 1,Non-corridor,,water_logging,1440.0
West Zone 1,Non-corridor,,vehicle_breakdown,120.0
South Zone 1,ORR West 1,,vehicle_breakdown,120.0
North Zone 2,Bellary Road 1,,vehicle_breakdown,120.0
South Zone 1,Non-corridor,,construction,120.0
South Zone 1,Non-corridor,,road_conditions,1440.0
West Zone 2,Bellary Road 1,,vehicle_breakdown,120.0
North Zone 2,Bellary Road 1,,vehicle_breakdown,120.0
North Zone 1,Airport New South Road,,construction,120.0
North Zone 1,Bellary Road 2,,vehicle_breakdown,15.887661683333333
West Zone 1,Non-corridor,,vehicle_breakdown,126.80761521666666
Central Zone 1,Non-corridor,,construction,120.0
West Zone 1,Tumkur Road,,vehicle_breakdown,58.02695011666666
Central Zone 1,Non-corridor,,pot_holes,120.0
North Zone 2,Bellary Road 2,,others,1440.0
North Zone 2,Bellary Road 1,,construction,120.0
West Zone 2,Bellary Road 1,,vehicle_breakdown,28.033226533333334
East Zone 1,Non-corridor,,accident,120.0
East Zone 2,Non-corridor,,accident,120.0
North Zone 1,Airport New South Road,,vehicle_breakdown,120.0
Unknown,Non-corridor,,others,120.0
East Zone 2,Non-corridor,,others,139.68356741666668
East Zone 1,Non-corridor,,congestion,120.0
West Zone 1,Non-corridor,,vehicle_breakdown,76.08330763333333
North Zone 1,Bellary Road 1,,accident,120.0
West Zone 2,Bellary Road 1,,vehicle_breakdown,120.0
East Zone 1,ORR East 2,,construction,120.0
South Zone 1,Non-corridor,,others,120.0
South Zone 2,Non-corridor,,vehicle_breakdown,120.0
West Zone 2,Non-corridor,,others,1440.0
East Zone 1,Non-corridor,,water_logging,120.0
South Zone 1,ORR West 1,,Debris,120.0
North Zone 2,Bellary Road 2,,others,1323.29262625
Central Zone 2,Bellary Road 1,,vehicle_breakdown,27.20697725
West Zone 1,Mysore Road,,public_event,120.0
South Zone 1,Non-corridor,,accident,22.614246416666667
South Zone 1,ORR West 1,,Debris,120.0
East Zone 1,ORR East 2,,construction,120.0
East Zone 1,Non-corridor,,vehicle_breakdown,44.093461483333336
South Zone 2,Hosur Road,,vehicle_breakdown,120.0
South Zone 2,Hosur Road,,vehicle_breakdown,120.0
West Zone 1,Mysore Road,,vehicle_breakdown,120.0
East Zone 2,Non-corridor,,vehicle_breakdown,26.185454216666667
South Zone 2,Hosur Road,,accident,120.0
Central Zone 1,ORR North 1,,vehicle_breakdown,120.0
West Zone 1,Non-corridor,,vehicle_breakdown,54.602729133333334
East Zone 1,ORR East 2,,construction,120.0
East Zone 1,ORR East 1,,vehicle_breakdown,120.0
West Zone 1,Magadi Road,,vehicle_breakdown,31.42447145
East Zone 2,ORR East 2,,vehicle_breakdown,30.941467199999998
North Zone 2,ORR North 2,,vehicle_breakdown,120.0
East Zone 1,Non-corridor,,vehicle_breakdown,120.0
East Zone 2,Non-corridor,,construction,120.0
North Zone 2,Bellary Road 2,,vehicle_breakdown,120.0
South Zone 1,ORR West 1,,Debris,120.0
Central Zone 2,Bellary Road 1,,vehicle_breakdown,120.0
North Zone 1,Airport New South Road,,construction,120.0
Central Zone 2,Bellary Road 1,,vehicle_breakdown,120.0
West Zone 1,Non-corridor,,others,1440.0
North Zone 1,Hennur Main Road,,procession,104.52003925000001
North Zone 2,Non-corridor,,others,614.3931757833333
West Zone 1,Non-corridor,,vehicle_breakdown,120.0
North Zone 1,Hennur Main Road,,accident,120.0
Central Zone 1,Non-corridor,,vehicle_breakdown,120.0
Unknown,Non-corridor,,vehicle_breakdown,120.0
East Zone 1,Non-corridor,,accident,120.0
East Zone 1,ORR East 1,,vehicle_breakdown,83.40713503333333
North Zone 2,Bellary Road 2,,vehicle_breakdown,120.0
West Zone 1,Non-corridor,,vehicle_breakdown,57.44499458333333
West Zone 1,Magadi Road,,vehicle_breakdown,70.84300005
East Zone 1,Non-corridor,,accident,120.0
West Zone 1,Non-corridor,,vehicle_breakdown,120.0
East Zone 2,ORR North 1,,construction,120.0
East Zone 1,Non-corridor,,others,120.0
East Zone 1,Non-corridor,,road_conditions,1440.0
North Zone 1,Bellary Road 2,Batrayanapura(Amrutahalli)Junction,vehicle_breakdown,120.0
South Zone 1,Non-corridor,,pot_holes,120.0
North Zone 2,Non-corridor,,vehicle_breakdown,120.0
South Zone 1,Non-corridor,,accident,120.0
South Zone 1,Non-corridor,,accident,120.0
South Zone 1,Non-corridor,,accident,120.0
South Zone 1,Non-corridor,,accident,120.0
South Zone 1,Non-corridor,,accident,120.0
South Zone 1,Non-corridor,,accident,120.0
South Zone 1,Non-corridor,,accident,120.0
South Zone 1,Non-corridor,,accident,120.0
South Zone 1,Non-corridor,,accident,120.0
South Zone 1,Non-corridor,,accident,120.0
South Zone 1,Non-corridor,,accident,120.0
South Zone 1,Non-corridor,,accident,120.0
South Zone 1,Non-corridor,,accident,120.0
South Zone 1,Non-corridor,,accident,120.0
South Zone 1,Non-corridor,,accident,120.0
South Zone 1,Non-corridor,,accident,120.0
South Zone 1,Non-corridor,,accident,120.0
South Zone 1,Non-corridor,,accident,120.0
South Zone 1,Non-corridor,,accident,120.0
South Zone 1,Non-corridor,,accident,120.0
South Zone 1,Non-corridor,,accident,120.0
South Zone 1,Non-corridor,,accident,120.0
South Zone 1,Non-corridor,,accident,120.0
South Zone 1,Non-corridor,,accident,120.0
South Zone 1,Non-corridor,,accident,120.0
South Zone 1,Non-corridor,,accident,120.0
South Zone 1,Non-corridor,,accident,120.0
East Zone 1,ORR East 2,,vehicle_breakdown,120.0
South Zone 1,Non-corridor,,accident,120.0
South Zone 1,Non-corridor,,accident,120.0
South Zone 1,Non-corridor,,accident,120.0
South Zone 1,Non-corridor,,accident,120.0
North Zone 1,ORR North 1,,vehicle_breakdown,120.0
South Zone 1,Non-corridor,,accident,120.0
South Zone 1,Non-corridor,,accident,120.0
South Zone 1,Non-corridor,,accident,120.0
South Zone 1,Non-corridor,,accident,120.0
South Zone 1,Non-corridor,,accident,120.0
South Zone 1,Non-corridor,,accident,120.0
South Zone 1,Non-corridor,,accident,120.0
South Zone 1,Non-corridor,,accident,120.0
South Zone 1,Non-corridor,,accident,120.0
South Zone 1,Non-corridor,,accident,120.0
South Zone 1,Non-corridor,,accident,120.0
South Zone 1,Non-corridor,,accident,120.0
South Zone 1,Non-corridor,,accident,120.0
South Zone 1,Non-corridor,,accident,120.0
South Zone 1,Non-corridor,,accident,120.0
South Zone 1,Non-corridor,,accident,120.0
South Zone 1,Non-corridor,,accident,120.0
South Zone 1,Non-corridor,,accident,120.0
South Zone 1,Non-corridor,,accident,120.0
South Zone 1,Non-corridor,,accident,120.0
Unknown,Non-corridor,,accident,120.0
Unknown,Non-corridor,,construction,120.0
North Zone 2,ORR North 2,,vehicle_breakdown,25.452439733333332
North Zone 2,Non-corridor,,construction,120.0
North Zone 2,ORR North 2,,vehicle_breakdown,78.82542815000001
East Zone 1,Non-corridor,,others,120.0
East Zone 2,Non-corridor,,construction,295.5893642333333
East Zone 2,ORR East 2,,vehicle_breakdown,94.23299795
Unknown,Non-corridor,,vehicle_breakdown,120.0
Unknown,Hennur Main Road,,vehicle_breakdown,120.0
East Zone 1,ORR East 2,,construction,120.0
North Zone 1,ORR North 1,,vehicle_breakdown,120.0
West Zone 1,Mysore Road,,vehicle_breakdown,90.34264485
West Zone 1,Non-corridor,Dr RajkumarRd-10thCrossRdJunc,vehicle_breakdown,120.0
South Zone 1,Non-corridor,,pot_holes,1440.0
North Zone 2,Non-corridor,,construction,120.0
North Zone 2,Bellary Road 1,,vehicle_breakdown,12.675188133333334
North Zone 1,Non-corridor,,vehicle_breakdown,120.0
East Zone 1,Non-corridor,,construction,120.0
East Zone 1,Non-corridor,,construction,120.0
West Zone 2,Bellary Road 1,,vehicle_breakdown,120.0
East Zone 1,Non-corridor,,vehicle_breakdown,10.0
East Zone 1,ORR East 2,,construction,120.0
Central Zone 2,Bellary Road 1,,public_event,120.0
South Zone 2,Non-corridor,,vehicle_breakdown,120.0
East Zone 1,Non-corridor,,vehicle_breakdown,120.0
East Zone 1,Non-corridor,,vehicle_breakdown,120.0
West Zone 1,Non-corridor,MysoreRd-RingRdJunc(Nayandanahallii),vehicle_breakdown,120.0
South Zone 2,Hosur Road,SilkBoardJunc,pot_holes,120.0
Central Zone 1,Non-corridor,D'SouzaCircle,others,203.8280376
Central Zone 2,Non-corridor,BloodBankCircle,vehicle_breakdown,120.0
Central Zone 2,CBD 2,PoliceTimmaiahCircle(GPO),accident,120.0
South Zone 2,IRR(Thanisandra road),KoramangalaWaterTankJunc,pot_holes,120.0
West Zone 2,Tumkur Road,TataInstituteCircle,others,120.0
Central Zone 2,Mysore Road,TownhallJunction,others,1440.0
Central Zone 2,Non-corridor,BMTCJunction-K H Road,vehicle_breakdown,120.0
Central Zone 2,Non-corridor,Shivashankara circle,vehicle_breakdown,97.63435158333333
West Zone 1,ORR West 1,PES-DevegowdaCircle,vehicle_breakdown,120.0
North Zone 2,Tumkur Road,HesaraghattaJunction,vehicle_breakdown,120.0
Central Zone 2,Mysore Road,toll gate mysore road,vehicle_breakdown,29.369336083333334
Central Zone 1,Old Airport Road,ISRO Junction-Airport rd,others,1440.0
West Zone 2,Tumkur Road,TataInstituteCircle,others,1440.0
West Zone 2,Tumkur Road,TataInstituteCircle,others,1440.0
Central Zone 2,Non-corridor,WilsonGarden12thCrossJunc,vehicle_breakdown,120.0
West Zone 2,Mysore Road,SatteliteBusStandJunc,vehicle_breakdown,59.16374196666666
West Zone 2,Mysore Road,SatteliteBusStandJunc,vehicle_breakdown,120.0
Central Zone 2,Non-corridor,K R Circle,accident,120.0
West Zone 1,Tumkur Road,PeenyaPoliceStation,vehicle_breakdown,18.19665601666667
West Zone 1,Tumkur Road,Chokasandra (Tumkur road),vehicle_breakdown,52.713643133333335
North Zone 1,Bellary Road 2,Batrayanapura(Amrutahalli)Junction,accident,120.0
South Zone 1,Non-corridor,27th Cross Jayanagar(Ganapathi Temple),vehicle_breakdown,119.25386498333334
Central Zone 2,Non-corridor,UrvashiJunction,Debris,1440.0
West Zone 2,Non-corridor,Malleswaram18thCrossRd-SampigeRdJunc,vehicle_breakdown,120.0
West Zone 2,Non-corridor,Malleswaram18thCrossRd-SampigeRdJunc,vehicle_breakdown,120.0
West Zone 1,Tumkur Road,GokuldasImagesJunc,vehicle_breakdown,120.0
Unknown,Non-corridor,VeerasandraGateJunction,vehicle_breakdown,22.123204533333332
South Zone 1,Non-corridor,Arbindo Circle,others,1440.0
South Zone 2,Hosur Road,NaganathapuraJunction,vehicle_breakdown,88.40484938333334
Central Zone 1,Non-corridor,CommandoHospitalJunc,vehicle_breakdown,120.0
Central Zone 1,Non-corridor,CommandoHospitalJunc,vehicle_breakdown,120.0
Central Zone 2,Mysore Road,PoliceCornerJunc,vehicle_breakdown,35.16567031666667
West Zone 1,Non-corridor,FTI Junction(KanteeravaStudio),pot_holes,1440.0
Central Zone 1,Old Madras Road,WebbsCircle,vehicle_breakdown,120.0
North Zone 1,ORR North 1,"VeerannapalyaJunction(BEL,HO)",pot_holes,120.0
South Zone 2,Bannerghata Road,BilekahalliJunc,pot_holes,1440.0
South Zone 2,IRR(Thanisandra road),KoramangalaWaterTankJunc,pot_holes,120.0
South Zone 2,IRR(Thanisandra road),KoramangalaWaterTankJunc,pot_holes,120.0
South Zone 2,IRR(Thanisandra road),KoramangalaWaterTankJunc,pot_holes,120.0
South Zone 2,IRR(Thanisandra road),KoramangalaWaterTankJunc,pot_holes,120.0
South Zone 2,Hosur Road,Bommanahalli,vehicle_breakdown,120.0
Central Zone 1,Mysore Road,Ashoknagar Junction(ShoolayCircle),vehicle_breakdown,120.0
South Zone 2,IRR(Thanisandra road),KoramangalaWaterTankJunc,road_conditions,120.0
South Zone 2,Bannerghata Road,BilekahalliJunc,vehicle_breakdown,120.0
West Zone 1,Magadi Road,Srigandakaval,water_logging,120.0
South Zone 1,Non-corridor,BanashankariBusStandJunc,public_event,120.0
South Zone 1,Non-corridor,BanashankariBusStandJunc,public_event,120.0
West Zone 2,Non-corridor,MargosaRd-18thCrossJunc,vehicle_breakdown,71.16974789999999
Central Zone 2,Mysore Road,UlsoorGateJunc,accident,120.0
Central Zone 2,Mysore Road,TownhallJunction,vehicle_breakdown,43.43354016666667
West Zone 1,Tumkur Road,SRS Peenya Junc,vehicle_breakdown,120.0
Unknown,Non-corridor,BHEL Gate,others,31.145576100000003
North Zone 1,ORR North 1,Kammanahalli-RingRoadJunction,vehicle_breakdown,91.35186411666668
Central Zone 2,Non-corridor,StateBankofMysoreJunc,vehicle_breakdown,50.2345196
West Zone 2,Tumkur Road,YeshwanthpuraCircle,vehicle_breakdown,30.345930816666666
South Zone 2,Bannerghata Road,MeenakshiMallJunc,vehicle_breakdown,120.0
Central Zone 1,Old Madras Road,BigBazaarJunction(OldMadrasRd),vehicle_breakdown,120.0
Central Zone 1,Old Madras Road,BigBazaarJunction(OldMadrasRd),vehicle_breakdown,120.0
South Zone 1,ORR West 1,KanakapuraRd-RingRdJunction,vehicle_breakdown,120.0
North Zone 2,Bellary Road 2,SantheCircle,vehicle_breakdown,120.0
North Zone 1,Bellary Road 2,JakkurCrossJunction,vehicle_breakdown,120.0
Central Zone 2,Non-corridor,K R Circle,vehicle_breakdown,120.0
Central Zone 2,Non-corridor,K R Circle,vehicle_breakdown,120.0
Central Zone 2,Mysore Road,TownhallJunction,vehicle_breakdown,99.41600825
South Zone 2,IRR(Thanisandra road),KoramangalaWaterTankJunc,pot_holes,120.0
Unknown,Non-corridor,NandiCross(RaniCross),vehicle_breakdown,107.3207998
North Zone 1,Bellary Road 2,JakkurCrossJunction,vehicle_breakdown,120.0
Central Zone 2,Non-corridor,PlatformRdJunction,vehicle_breakdown,44.53869965
Central Zone 2,Mysore Road,toll gate mysore road,vehicle_breakdown,120.0
Central Zone 2,Non-corridor,MICO Bande,vehicle_breakdown,120.0
Central Zone 2,Non-corridor,MICO Bande,vehicle_breakdown,120.0
West Zone 2,Bellary Road 1,MekhriCircle,vehicle_breakdown,114.13534746666666
South Zone 2,Non-corridor,Marigowda-TavarkereRdJunc,vehicle_breakdown,120.0
Central Zone 2,Non-corridor,PlatformRdJunction,construction,120.0
Central Zone 1,Non-corridor,CommandoHospitalJunc,vehicle_breakdown,120.0
East Zone 2,Non-corridor,Devasandra(k r puram),vehicle_breakdown,120.0
North Zone 1,ORR North 1,"VeerannapalyaJunction(BEL,HO)",construction,120.0
North Zone 1,ORR North 1,"VeerannapalyaJunction(BEL,HO)",construction,120.0
North Zone 2,Bellary Road 2,BagalurCrossJunc,vehicle_breakdown,20.413769233333333
Central Zone 2,Non-corridor,StateBankofMysoreJunc,vehicle_breakdown,52.04973218333334
Central Zone 1,Old Madras Road,OldMadrasRd-SuddaguntepalyaRdJunc,accident,120.0
Central Zone 1,Hosur Road,CMP GateJunc,vehicle_breakdown,120.0
Central Zone 2,Non-corridor,ShantalaJunction,vehicle_breakdown,71.04905861666666
Central Zone 1,Old Madras Road,OldMadrasRd-SuddaguntepalyaRdJunc,vehicle_breakdown,120.0
North Zone 2,Bellary Road 2,SantheCircle,others,141.81894821666668
West Zone 2,Tumkur Road,YeshwanthpuraCircle,vehicle_breakdown,120.0
West Zone 2,Mysore Road,SatteliteBusStandJunc,vehicle_breakdown,120.0
Central Zone 1,Old Madras Road,OldMadrasRd-NGEF Junc,vehicle_breakdown,120.0
East Zone 1,ORR East 1,Deverabeesanahalli-ORR Junc,vehicle_breakdown,120.0
South Zone 2,ORR East 1,SilkBoardJunc,construction,120.0
Central Zone 1,Hosur Road,CMP GateJunc,pot_holes,120.0
West Zone 1,Tumkur Road,GokuldasImagesJunc,vehicle_breakdown,120.0
North Zone 2,Bellary Road 2,BagalurCrossJunc,others,1440.0
North Zone 2,Tumkur Road,JalahalliCross(SM Circle),vehicle_breakdown,120.0
North Zone 2,Tumkur Road,JalahalliCross(SM Circle),vehicle_breakdown,120.0
Central Zone 2,Non-corridor,SagarTheatreJunc,vehicle_breakdown,64.19872528333333
Unknown,Bellary Road 2,HunsemarammanahalliJunction,accident,16.327909866666666
Unknown,Bellary Road 2,HunsemarammanahalliJunction,accident,14.426824566666665
East Zone 1,Varthur Road,KundanahalliGateJunc,pot_holes,120.0
West Zone 2,West of Chord Road,ModiBridgeJunction,pot_holes,120.0
Central Zone 2,Non-corridor,UrvashiJunction,vehicle_breakdown,44.04752773333333
North Zone 2,Tumkur Road,HesaraghattaJunction,vehicle_breakdown,120.0
Central Zone 2,Mysore Road,SiddalingaiahCircle,vehicle_breakdown,23.041984366666668
South Zone 2,Bannerghata Road,BilekahalliJunc,vehicle_breakdown,120.0
East Zone 1,Non-corridor,HopefarmJunction,vehicle_breakdown,120.0
East Zone 1,Non-corridor,HopefarmJunction,vehicle_breakdown,32.76764323333334
West Zone 2,ORR West 1,KatriguppeJunction,vehicle_breakdown,120.0
Central Zone 2,CBD 2,IndianExpressJunction,road_conditions,1440.0
Central Zone 2,Non-corridor,RRR(Okalipuram)Junction,others,49.172535466666666
West Zone 1,West of Chord Road,MahalaxmiLayoutEntranceJunc,road_conditions,120.0
North Zone 1,ORR North 1,"VeerannapalyaJunction(BEL,HO)",construction,1440.0
West Zone 1,Tumkur Road,GokuldasImagesJunc,vehicle_breakdown,120.0
Unknown,Non-corridor,ElectronicCityGate-2Junc,vehicle_breakdown,60.23542993333333
South Zone 1,Non-corridor,Arbindo Circle,congestion,42.636129950000004
Central Zone 2,CBD 1,Shivajinagar(BRV)Junction,pot_holes,1440.0
North Zone 1,ORR North 1,"VeerannapalyaJunction(BEL,HO)",construction,120.0
South Zone 2,ORR East 1,5thMainHSR,others,1440.0
Central Zone 2,Non-corridor,K H Road-SiddaiahRdJunc(BMTC-BigBazaar),construction,120.0
East Zone 1,Old Airport Road,MaratahalliBridgeJunc,accident,120.0
Central Zone 2,Mysore Road,toll gate mysore road,vehicle_breakdown,120.0
South Zone 1,Non-corridor,GowdanapalyaJunction,vehicle_breakdown,19.04382405
West Zone 2,Mysore Road,SatteliteBusStandJunc,vehicle_breakdown,24.4252093
Central Zone 2,CBD 1,TyagiHengalvarayaJunc(DickensonRd),vehicle_breakdown,120.0
Central Zone 2,Mysore Road,toll gate mysore road,vehicle_breakdown,90.33891258333333
West Zone 1,ORR West 1,PES-DevegowdaCircle,vehicle_breakdown,51.137137599999996
Central Zone 2,Mysore Road,PoliceCornerJunc,vehicle_breakdown,120.0
Central Zone 2,Non-corridor,EliteJunc,vehicle_breakdown,10.2221026
South Zone 2,IRR(Thanisandra road),Jaipuria-Adugodi,vehicle_breakdown,21.25293735
Central Zone 1,Mysore Road,OldPoliceStation-Ashoknagar,accident,75.20685893333332
Central Zone 1,Old Airport Road,ISRO Junction-Airport rd,vehicle_breakdown,120.0
North Zone 1,Hennur Main Road,Nagavara-ORR Junction,vehicle_breakdown,120.0
South Zone 2,Bannerghata Road,BilekahalliJunc,vehicle_breakdown,120.0
East Zone 1,Varthur Road,MaratahalliBridgeJunc,vehicle_breakdown,53.12340725
West Zone 1,Non-corridor,FTI Junction(KanteeravaStudio),vehicle_breakdown,13.687693916666666
North Zone 1,Airport New South Road,HennurRoad-ORR Junc,vehicle_breakdown,51.91812203333333
West Zone 2,Tumkur Road,MS RamaiahJunc(TollGate),vehicle_breakdown,63.94471371666667
Central Zone 2,Non-corridor,LalbaghMainGateJunc,vehicle_breakdown,120.0
North Zone 1,Bellary Road 2,JakkurCrossJunction,vehicle_breakdown,120.0
North Zone 1,Bellary Road 2,JakkurCrossJunction,vehicle_breakdown,120.0
Central Zone 2,Non-corridor,LinkRoadMalleswaramJunc,vehicle_breakdown,53.43984021666667
West Zone 2,Mysore Road,SatteliteBusStandJunc,others,1440.0
North Zone 1,Bellary Road 2,YelhankaBypass,vehicle_breakdown,120.0
Central Zone 2,Mysore Road,PoliceCornerJunc,vehicle_breakdown,42.883703016666665
Central Zone 1,Old Madras Road,TamarikannanJunc,vehicle_breakdown,120.0
West Zone 1,Tumkur Road,GokuldasImagesJunc,vehicle_breakdown,40.50562813333333
East Zone 1,Varthur Road,MaratahalliBridgeJunc,construction,1440.0
West Zone 1,Non-corridor,FTI Junction(KanteeravaStudio),pot_holes,120.0
Central Zone 2,Non-corridor,StateBankofMysoreJunc,vehicle_breakdown,120.0
North Zone 1,ORR North 1,"VeerannapalyaJunction(BEL,HO)",construction,120.0
West Zone 1,Magadi Road,Sumanhalli,vehicle_breakdown,120.0
Central Zone 2,Non-corridor,"PriyadarshiniHotel,Jayamahal,RT Nagar",vehicle_breakdown,120.0
West Zone 1,Non-corridor,Basveshwarnagar 8th main Junction,accident,120.0
South Zone 2,Hosur Road,GarebhavipalyaJunc,vehicle_breakdown,120.0
Central Zone 2,Mysore Road,A S CharStreet-MysoreRdJunc,others,1440.0
North Zone 1,Bellary Road 1,HebbalFlyoverJunc,vehicle_breakdown,120.0
South Zone 1,Non-corridor,Arbindo Circle,vehicle_breakdown,62.597001066666664
East Zone 1,ORR East 1,IbblurJunction',vehicle_breakdown,114.98783913333334
Central Zone 2,Mysore Road,PoliceCornerJunc,vehicle_breakdown,120.0
Central Zone 2,Non-corridor,Dr TCM RoyanRd near AmbedkarStatue,congestion,55.54801945
West Zone 2,West of Chord Road,MC Circle,vehicle_breakdown,120.0
West Zone 2,West of Chord Road,MC Circle,vehicle_breakdown,120.0
Central Zone 2,Non-corridor,South end circle,vehicle_breakdown,120.0
Central Zone 2,Non-corridor,South end circle,vehicle_breakdown,120.0
Central Zone 2,Non-corridor,HalliThindi,vehicle_breakdown,120.0
South Zone 2,IRR(Thanisandra road),KoramangalaWaterTankJunc,vehicle_breakdown,47.083670383333335
Central Zone 2,Non-corridor,BinnyMillJunction,pot_holes,1440.0
South Zone 2,IRR(Thanisandra road),KoramangalaWaterTankJunc,vehicle_breakdown,120.0
North Zone 2,Tumkur Road,Chokasandra (Tumkur road),vehicle_breakdown,120.0
North Zone 2,Non-corridor,SandeepUnnikrishnan-Yelhanka,accident,85.21886508333334
West Zone 2,Mysore Road,SatteliteBusStandJunc,vehicle_breakdown,10.0
South Zone 2,Hosur Road,Bommanahalli,accident,120.0
North Zone 2,Bellary Road 2,YelhankaCircle,vehicle_breakdown,10.0
West Zone 1,Tumkur Road,GokuldasImagesJunc,vehicle_breakdown,120.0
South Zone 2,Non-corridor,29thMainRdBTM LayoutJunc,vehicle_breakdown,120.0
North Zone 2,Bellary Road 2,KogilluCrossJunc,vehicle_breakdown,120.0
East Zone 1,ORR East 1,Deverabeesanahalli-ORR Junc,vehicle_breakdown,120.0
East Zone 1,ORR East 1,Deverabeesanahalli-ORR Junc,vehicle_breakdown,120.0
East Zone 1,ORR East 1,Deverabeesanahalli-ORR Junc,vehicle_breakdown,120.0
East Zone 1,ORR East 1,Deverabeesanahalli-ORR Junc,vehicle_breakdown,120.0
East Zone 1,Varthur Road,MaratahalliBridgeJunc,vehicle_breakdown,78.65082263333333
Central Zone 2,Mysore Road,TownhallJunction,vehicle_breakdown,120.0
Central Zone 2,Non-corridor,ShantalaJunction,vehicle_breakdown,120.0
East Zone 1,ORR East 1,MaratahalliBridgeJunc,pot_holes,1417.0408469
Central Zone 1,Old Airport Road,DomlurWaterTank,vehicle_breakdown,10.0
South Zone 1,Non-corridor,Arbindo Circle,congestion,120.0
Central Zone 2,Non-corridor,ShivandaCircle,vehicle_breakdown,120.0
Unknown,Non-corridor,DoddaballapuraCrossJunc,others,41.368442566666666
North Zone 1,ORR North 2,KuvempuCircle,others,1440.0
North Zone 1,ORR North 1,"VeerannapalyaJunction(BEL,HO)",construction,120.0
North Zone 2,Bellary Road 2,BagalurCrossJunc,vehicle_breakdown,120.0
Central Zone 2,CBD 2,CoffeeBoardJunc,vehicle_breakdown,90.37927065000001
North Zone 2,Tumkur Road,JalahalliCross(SM Circle),vehicle_breakdown,120.0
North Zone 2,Tumkur Road,JalahalliCross(SM Circle),vehicle_breakdown,120.0
North Zone 2,Bellary Road 2,BagalurCrossJunc,others,250.19651421666669
West Zone 1,Magadi Road,Sumanhalli,vehicle_breakdown,120.0
Central Zone 2,Magadi Road,LeprosyhospitalJunc,vehicle_breakdown,120.0
South Zone 2,Non-corridor,Marigowda-TavarkereRdJunc,procession,120.0
Central Zone 1,Non-corridor,SindhiColonyJunction,vehicle_breakdown,120.0
Central Zone 1,Mysore Road,Ashoknagar Junction(ShoolayCircle),vehicle_breakdown,120.0
Central Zone 1,Old Madras Road,KamrajRdJunction,vehicle_breakdown,120.0
Central Zone 1,Old Madras Road,MayohallJunction,vehicle_breakdown,120.0
Central Zone 2,Non-corridor,WilsonGarden12thCrossJunc,vehicle_breakdown,40.86747448333333
West Zone 2,Tumkur Road,YeshwanthpuraCircle,vehicle_breakdown,120.0
North Zone 1,Hennur Main Road,Nagavara-ORR Junction,others,1440.0
West Zone 1,Non-corridor,FTI Junction(KanteeravaStudio),vehicle_breakdown,50.3255556
North Zone 2,Bellary Road 2,BagalurCrossJunc,vehicle_breakdown,68.16662336666667
Central Zone 1,Non-corridor,BloodBankCircle,road_conditions,120.0
Central Zone 2,Non-corridor,BloodBankCircle,road_conditions,1440.0
Central Zone 2,Non-corridor,BloodBankCircle,road_conditions,1440.0
Central Zone 2,Non-corridor,BloodBankCircle,road_conditions,1440.0
North Zone 2,Bellary Road 2,YelhankaCircle,vehicle_breakdown,103.64486746666667
West Zone 1,Tumkur Road,JalahalliCross(SM Circle),vehicle_breakdown,120.0
North Zone 1,ORR North 1,KalyanNagar-ORR Junc,congestion,120.0
North Zone 1,Bellary Road 2,JakkurCrossJunction,vehicle_breakdown,120.0
West Zone 1,Tumkur Road,GokuldasImagesJunc,vehicle_breakdown,120.0
West Zone 1,Non-corridor,ShankarMuttCircle,others,27.78847215
Central Zone 2,Non-corridor,KhodaysCircle(DV UrsCircle),others,120.0
West Zone 1,Tumkur Road,JalahalliCross(SM Circle),accident,36.67476746666667
Central Zone 1,Old Airport Road,ISRO Junction-Airport rd,vehicle_breakdown,120.0
East Zone 2,Old Airport Road,"KuvempuCircleJunc,HAL MainGate",vehicle_breakdown,120.0
South Zone 2,Non-corridor,WilsonGarden12thCrossJunc,vehicle_breakdown,120.0
East Zone 1,Varthur Road,MaratahalliBridgeJunc,pot_holes,1440.0
South Zone 2,Hosur Road,Bommanahalli,water_logging,120.0
South Zone 2,ORR East 1,SilkBoardJunc,vehicle_breakdown,120.0
South Zone 2,ORR East 1,SilkBoardJunc,vehicle_breakdown,120.0
North Zone 1,Hennur Main Road,Nagavara-ORR Junction,vehicle_breakdown,120.0
West Zone 1,Mysore Road,RajeshwariJunc,vehicle_breakdown,38.7856253
Central Zone 1,Old Madras Road,OldMadrasRd-Indranagar100ftRdJunc,vehicle_breakdown,43.62368715
South Zone 2,IRR(Thanisandra road),KoramangalaWaterTankJunc,vehicle_breakdown,120.0
Central Zone 1,Non-corridor,BMTCJunction-K H Road,vehicle_breakdown,120.0
Central Zone 1,Non-corridor,BMTCJunction-K H Road,vehicle_breakdown,120.0
West Zone 2,Tumkur Road,TataInstituteCircle,vehicle_breakdown,15.29187335
Unknown,Non-corridor,DevanahalliCrossJunc,vehicle_breakdown,120.0
Central Zone 2,Non-corridor,Minerva Circle,vehicle_breakdown,10.0
Central Zone 1,Mysore Road,Richmond circle jn,vehicle_breakdown,40.43931741666667
North Zone 1,Hennur Main Road,Nagavara-ORR Junction,road_conditions,33.66901506666667
South Zone 2,Non-corridor,BTM16thMain-ORR Junc,tree_fall,1440.0
East Zone 1,ORR East 1,Deverabeesanahalli-ORR Junc,tree_fall,77.93821268333333
North Zone 1,Bellary Road 2,JakkurCrossJunction,accident,15.615314166666668
West Zone 2,Non-corridor,RajajinagarEntranceJunction,others,120.0
West Zone 2,Non-corridor,RajajinagarEntranceJunction,vehicle_breakdown,120.0
Central Zone 2,Non-corridor,MillCornerRd-SampigeRdJunc,vehicle_breakdown,84.26732303333333
Central Zone 2,Non-corridor,K R Circle,vehicle_breakdown,10.0
East Zone 2,Non-corridor,Devasandra(k r puram),vehicle_breakdown,84.81419685
East Zone 1,Varthur Road,KundanahalliGateJunc,vehicle_breakdown,120.0
South Zone 2,Bannerghata Road,HulimaveRd-BanneraghattaRdJunc,water_logging,120.0
South Zone 2,Hosur Road,SarjapurRd-St JohnsRdJunc,vehicle_breakdown,120.0
North Zone 2,Bellary Road 2,YelhankaCircle,accident,59.43833245
Central Zone 2,Non-corridor,WilsonGarden12thCrossJunc,vehicle_breakdown,120.0
Central Zone 2,Mysore Road,TownhallJunction,vehicle_breakdown,120.0
West Zone 2,Non-corridor,Malleswaram18thCrossRd-SampigeRdJunc,accident,77.63881098333333
West Zone 2,ORR West 1,MysoreRd-RingRdJunc(Nayandanahallii),vehicle_breakdown,72.52724768333333
West Zone 2,Magadi Road,YeshwanthpuraCircle,vehicle_breakdown,120.0
Central Zone 2,Mysore Road,HudsonCircle,accident,120.0
Central Zone 2,Mysore Road,TownhallJunction,vehicle_breakdown,120.0
Central Zone 2,Non-corridor,ChaudrayaCircle/UdayaTVCircle(CantonmentJunc),pot_holes,1440.0
East Zone 1,Old Airport Road,Yemalur cross junc,pot_holes,84.90187545
Central Zone 2,CBD 2,MinskSquare(CTO Junction),road_conditions,120.0
Unknown,Non-corridor,ElectronicCityGate-2Junc,vehicle_breakdown,120.0
East Zone 1,ORR East 1,Kadubeesanahalli-ORR Junc,vehicle_breakdown,120.0
North Zone 2,Non-corridor,HesaraghattaJunction,others,120.0
Central Zone 2,Non-corridor,KarnatakaBhavanJunction,vehicle_breakdown,120.0
Central Zone 2,Non-corridor,KarnatakaBhavanJunction,vehicle_breakdown,120.0
East Zone 1,ORR East 1,Kadubeesanahalli-ORR Junc,vehicle_breakdown,78.27243788333334
West Zone 2,Mysore Road,SatteliteBusStandJunc,vehicle_breakdown,14.931522066666668
Central Zone 2,Non-corridor,KarnatakaBhavanJunction,vehicle_breakdown,120.0
West Zone 2,Non-corridor,SadashivnagarJunc,vehicle_breakdown,37.40827121666667
West Zone 2,Bellary Road 1,MekhriCircle,vehicle_breakdown,120.0
North Zone 2,Bellary Road 1,YelhankaCircle,vehicle_breakdown,120.0
East Zone 2,ORR North 1,HoramavuJunction,vehicle_breakdown,120.0
Central Zone 2,Non-corridor,SubbannaJunction,construction,120.0
East Zone 1,ORR East 1,"Bellandur Junction, Outer ring road",vehicle_breakdown,23.4285513
Central Zone 1,Non-corridor,KensingtonOvalJunc,vehicle_breakdown,120.0
West Zone 2,Tumkur Road,YeshwanthpuraCircle,vehicle_breakdown,120.0
West Zone 2,Bellary Road 1,MekhriCircle,vehicle_breakdown,136.78986316666666
Central Zone 1,Non-corridor,LowerAgaram(IndiaGarage)Junc,accident,120.0
West Zone 2,Non-corridor,SadashivnagarJunc,vehicle_breakdown,13.487757566666666
Central Zone 2,Mysore Road,ShivajiTalkiesJunc,construction,120.0
Central Zone 2,Bellary Road 1,LRDE Junction,others,28.944295833333335
North Zone 2,Bellary Road 2,SantheCircle,vehicle_breakdown,120.0
Central Zone 2,CBD 2,IndianExpressJunction,pot_holes,1440.0
North Zone 2,Bellary Road 1,MekhriCircle,vehicle_breakdown,120.0
North Zone 1,Hennur Main Road,Nagavara-ORR Junction,others,120.0
West Zone 1,Tumkur Road,GokuldasImagesJunc,vehicle_breakdown,120.0
West Zone 1,Tumkur Road,GokuldasImagesJunc,vehicle_breakdown,120.0
West Zone 1,Tumkur Road,SRS Peenya Junc,accident,120.0
North Zone 2,ORR North 2,BEL Circle,others,10.306896266666666
North Zone 2,Non-corridor,SandeepUnnikrishnan-Yelhanka,vehicle_breakdown,36.74988463333333
North Zone 1,Hennur Main Road,Nagavara-ORR Junction,others,1440.0
Central Zone 1,Old Madras Road,OldMadrasRd-DoubleRdJunc,vehicle_breakdown,10.0
West Zone 2,Non-corridor,SadashivnagarJunc,vehicle_breakdown,12.550240633333335
North Zone 2,Non-corridor,SandeepUnnikrishnan-Yelhanka,vehicle_breakdown,10.0
North Zone 1,Bellary Road 2,Batrayanapura(Amrutahalli)Junction,vehicle_breakdown,120.0
North Zone 1,ORR North 2,BEL Circle,congestion,120.0
Central Zone 2,Mysore Road,BangaloreBodyBuildersJunc,vehicle_breakdown,74.20677181666666
South Zone 2,ORR East 1,SilkBoardJunc,vehicle_breakdown,120.0
West Zone 2,Bellary Road 1,MekhriCircle,vehicle_breakdown,120.0
Central Zone 2,Non-corridor,K R Circle,water_logging,120.0
North Zone 1,ORR North 2,BEL Circle,vehicle_breakdown,10.0
Central Zone 1,Old Madras Road,TrinityCircle,vehicle_breakdown,120.0
East Zone 1,Varthur Road,KundanahalliGateJunc,vehicle_breakdown,162.0267134
South Zone 2,Hosur Road,Bommanahalli,vehicle_breakdown,15.520445366666667
Central Zone 2,Mysore Road,ShivajiTalkiesJunc,vehicle_breakdown,81.50184441666667
South Zone 1,Non-corridor,Arbindo Circle,vehicle_breakdown,120.0
West Zone 2,Bellary Road 1,ChandraLayoutJunc-nearWaterTank,vehicle_breakdown,120.0
South Zone 2,ORR East 1,SilkBoardJunc,construction,120.0
South Zone 2,ORR East 1,SilkBoardJunc,construction,120.0
East Zone 1,Non-corridor,BigBazaar(Whitefield)Junc,vehicle_breakdown,26.36466031666667
West Zone 2,Tumkur Road,MS RamaiahJunc(TollGate),vehicle_breakdown,50.51885516666667
Central Zone 2,Non-corridor,UrvashiJunction,vehicle_breakdown,51.39911233333333
West Zone 1,Non-corridor,Nagarbhavi,vehicle_breakdown,120.0
North Zone 1,ORR North 2,KuvempuCircle,vehicle_breakdown,120.0
North Zone 1,Bellary Road 2,YelhankaBypass,vehicle_breakdown,74.97160621666667
North Zone 1,Bellary Road 2,Batrayanapura(Amrutahalli)Junction,vehicle_breakdown,116.95864045
South Zone 2,Non-corridor,BTM16thMain-ORR Junc,construction,120.0
Central Zone 1,IRR(Thanisandra road),Indiranasgar13thMainJunc,construction,120.0
West Zone 2,Mysore Road,SatteliteBusStandJunc,vehicle_breakdown,11.41171555
Central Zone 2,Non-corridor,HalliThindi,vehicle_breakdown,98.24602408333334
West Zone 2,Bellary Road 1,MekhriCircle,vehicle_breakdown,67.97322405
West Zone 1,Tumkur Road,GokuldasImagesJunc,vehicle_breakdown,120.0
Central Zone 2,Non-corridor,LalbaghMainGateJunc,others,110.96327143333333
Central Zone 1,Mysore Road,AshirwadamCircle,vehicle_breakdown,120.0
East Zone 2,Non-corridor,Devasandra(k r puram),vehicle_breakdown,120.0
Central Zone 2,Non-corridor,UrvashiJunction,vehicle_breakdown,16.688940616666667
North Zone 2,Bellary Road 2,SantheCircle,vehicle_breakdown,120.0
South Zone 2,Hosur Road,SilkBoardJunc,others,286.8181712166667
East Zone 2,Non-corridor,Devasandra(k r puram),vehicle_breakdown,120.0
East Zone 2,Non-corridor,Devasandra(k r puram),vehicle_breakdown,127.14900161666667
Central Zone 1,Old Madras Road,OldMadrasRd-NGEF Junc,vehicle_breakdown,120.0
South Zone 2,ORR East 1,SilkBoardJunc,road_conditions,120.0
South Zone 2,Hosur Road,Kudlu Gate Junc,others,120.0
North Zone 1,Hennur Main Road,Nagavara-ORR Junction,construction,120.0
North Zone 1,ORR North 1,Nagavara-ORR Junction,others,120.0
West Zone 2,West of Chord Road,KIMCO Junction,vehicle_breakdown,120.0
West Zone 1,Mysore Road,RajeshwariJunc,vehicle_breakdown,120.0
South Zone 2,Bannerghata Road,BilekahalliJunc,road_conditions,1440.0
West Zone 1,Tumkur Road,GokuldasImagesJunc,vehicle_breakdown,120.0
South Zone 1,ORR West 1,JP Nagar 15th cross junction,vehicle_breakdown,20.7539686
South Zone 2,Bannerghata Road,HulimaveRd-BanneraghattaRdJunc,pot_holes,120.0
South Zone 2,Bannerghata Road,HulimaveRd-BanneraghattaRdJunc,pot_holes,120.0
North Zone 1,Hennur Main Road,Nagavara-ORR Junction,vehicle_breakdown,120.0
North Zone 2,Bellary Road 2,KogilluCrossJunc,vehicle_breakdown,120.0
Central Zone 1,Old Airport Road,DomlurWaterTank,vehicle_breakdown,69.78363693333334
West Zone 2,Tumkur Road,YeshwanthpuraCircle,vehicle_breakdown,10.0
Central Zone 2,Mysore Road,N R SquareJunc,vehicle_breakdown,159.76517208333334
West Zone 1,Non-corridor,FTI Junction(KanteeravaStudio),public_event,120.0
Central Zone 1,Old Madras Road,OldMadrasRd-NGEF Junc,vehicle_breakdown,120.0
West Zone 1,Tumkur Road,GoruguntepalyaJunc,vehicle_breakdown,75.34786806666666
South Zone 2,Hosur Road,UCO Bank(Forum),vehicle_breakdown,120.0
Central Zone 1,Mysore Road,JohnsonMarket,vehicle_breakdown,70.3720422
Central Zone 2,Non-corridor,KhodaysCircle(DV UrsCircle),vehicle_breakdown,105.80286051666667
North Zone 2,Bellary Road 2,KogilluCrossJunc,vehicle_breakdown,37.210154933333335
Central Zone 2,Mysore Road,UlsoorGateJunc,vehicle_breakdown,120.0
West Zone 2,West of Chord Road,DhobiGhatJunc,vehicle_breakdown,61.66422065
West Zone 1,Mysore Road,RajeshwariJunc,vehicle_breakdown,65.48658305
Central Zone 1,Old Madras Road,AnilKumbleCircle,vehicle_breakdown,74.64067675
Central Zone 2,Non-corridor,KhodaysCircle(DV UrsCircle),vehicle_breakdown,59.080220149999995
North Zone 1,ORR North 1,Nagavara-ORR Junction,others,1440.0
South Zone 2,ORR East 1,SilkBoardJunc,construction,120.0
East Zone 2,Non-corridor,Devasandra(k r puram),others,1440.0
West Zone 2,Mysore Road,SatteliteBusStandJunc,vehicle_breakdown,120.0
South Zone 2,Hosur Road,AyyappaTempleJunc,vehicle_breakdown,120.0
East Zone 2,ORR North 1,Kammanahalli-RingRoadJunction,others,120.0
North Zone 2,Bellary Road 1,MekhriCircle,vehicle_breakdown,120.0
North Zone 1,ORR North 1,RamamurthyNagarJunction,accident,21.757424
North Zone 2,Bellary Road 1,MekhriCircle,vehicle_breakdown,120.0
Central Zone 2,Mysore Road,SiddalingaiahCircle,vehicle_breakdown,34.755479933333326
West Zone 2,West of Chord Road,AttiguppeCircleJunction,vehicle_breakdown,13.018610533333334
North Zone 1,ORR North 1,"VeerannapalyaJunction(BEL,HO)",others,1440.0
North Zone 1,Hennur Main Road,Nagavara-ORR Junction,construction,124.48846268333334
North Zone 1,Hennur Main Road,Nagavara-ORR Junction,congestion,97.18107958333333
Central Zone 1,Old Madras Road,Shivajinagar(BRV)Junction,vehicle_breakdown,120.0
West Zone 2,Non-corridor,BanashankariBusStandJunc,vehicle_breakdown,120.0
East Zone 1,ORR East 1,Kadubeesanahalli-ORR Junc,water_logging,1440.0
Central Zone 1,Old Airport Road,DomlurWaterTank,others,59.494905499999994
Central Zone 2,Non-corridor,StateBankofMysoreJunc,pot_holes,97.88214631666666
North Zone 2,Bellary Road 2,KogilluCrossJunc,vehicle_breakdown,111.66404631666666
South Zone 2,Non-corridor,NIMHANS Junction,vehicle_breakdown,120.0
Central Zone 2,Non-corridor,VetenaryHospitalJunc-Shivajinagar,vehicle_breakdown,120.0
North Zone 1,Non-corridor,HainsJunc,vehicle_breakdown,120.0
West Zone 1,Non-corridor,RingRoad-UllalJunction,vehicle_breakdown,75.91999933333334
Central Zone 1,Mysore Road,MotherTeressaCircle,vehicle_breakdown,23.28740005
Central Zone 2,Mysore Road,A S CharStreet-MysoreRdJunc,vehicle_breakdown,34.048471166666666
West Zone 1,Tumkur Road,HesaraghattaJunction,vehicle_breakdown,10.0
West Zone 1,Tumkur Road,TumkurRdMarappanapalyaJunc,vehicle_breakdown,120.0
North Zone 2,Bellary Road 2,BagalurCrossJunc,vehicle_breakdown,120.0
Central Zone 1,Old Airport Road,DomlurWaterTank,vehicle_breakdown,144.85944098333331
Central Zone 1,Old Madras Road,OldMadrasRd-DoubleRdJunc,vehicle_breakdown,10.712838766666666
South Zone 2,Bannerghata Road,ArakereGateJunc,vehicle_breakdown,120.0
Central Zone 2,Mysore Road,Dr TCM RoyanRd near AmbedkarStatue,vehicle_breakdown,53.03763343333333
Central Zone 2,Magadi Road,LeprosyhospitalJunc,vehicle_breakdown,69.13833371666666
West Zone 1,Non-corridor,Ring road-Near Kengunte Junction,vehicle_breakdown,146.44818733333335
Central Zone 2,Non-corridor,StateBankofMysoreJunc,vehicle_breakdown,120.0
Central Zone 1,Non-corridor,LowerAgaram(IndiaGarage)Junc,vehicle_breakdown,22.930431433333336
North Zone 1,Non-corridor,Bamboobazar(Shivajinagar),water_logging,120.0
South Zone 2,Hosur Road,GarebhavipalyaJunc,accident,120.0
South Zone 2,Hosur Road,GarebhavipalyaJunc,accident,120.0
South Zone 2,Hosur Road,AyyappaTempleJunc,vehicle_breakdown,120.0
West Zone 2,Bellary Road 1,MekhriCircle,vehicle_breakdown,120.0
Central Zone 1,ORR East 1,AgaraJunction,others,120.0
South Zone 2,ORR East 1,AgaraJunction,others,606.2956126833334
West Zone 1,Tumkur Road,GoruguntepalyaJunc,vehicle_breakdown,29.652116483333334
Central Zone 1,Old Madras Road,BigBazaarJunction(OldMadrasRd),vehicle_breakdown,120.0
South Zone 2,ORR East 1,AgaraJunction,vehicle_breakdown,120.0
Central Zone 1,Old Madras Road,OldMadrasRd-80FeetRdJunc,vehicle_breakdown,120.0
Central Zone 1,IRR(Thanisandra road),Srinivagilu(Ejipura)Junc,water_logging,120.0
Central Zone 2,Non-corridor,ShantalaJunction,others,1440.0
East Zone 1,Old Airport Road,Yemalur cross junc,others,218.97665736666667
East Zone 1,Varthur Road,MaratahalliBridgeJunc,vehicle_breakdown,120.0
East Zone 1,Varthur Road,MaratahalliBridgeJunc,vehicle_breakdown,38.99701985
North Zone 2,Non-corridor,MekhriCircle,vehicle_breakdown,120.0
Central Zone 1,Old Madras Road,BigBazaarJunction(OldMadrasRd),pot_holes,120.0
Central Zone 2,Mysore Road,TownhallJunction,vehicle_breakdown,120.0
North Zone 2,Bellary Road 2,SantheCircle,vehicle_breakdown,120.0
South Zone 2,Hosur Road,AdugodiJunc,road_conditions,31.40482066666667
East Zone 1,ORR East 2,MaratahalliBridgeJunc,vehicle_breakdown,120.0
Central Zone 2,CBD 2,PoliceTimmaiahCircle(GPO),others,32.9574732
North Zone 1,Bellary Road 2,YelhankaBypass,vehicle_breakdown,120.0
West Zone 2,Bellary Road 2,YeshwanthpuraCircle,vehicle_breakdown,120.0
Central Zone 2,Non-corridor,PurnimaTheaterJunc,vehicle_breakdown,120.0
North Zone 2,Bellary Road 1,MekhriCircle,vehicle_breakdown,10.0
South Zone 1,Hosur Road,NaganathapuraJunction,vehicle_breakdown,10.0
West Zone 2,Mysore Road,KIMCO Junction,others,152.36606333333333
Central Zone 2,Non-corridor,ShivandaCircle,vehicle_breakdown,120.0
West Zone 1,Tumkur Road,Chokasandra (Tumkur road),vehicle_breakdown,120.0
West Zone 2,Bellary Road 1,MekhriCircle,vehicle_breakdown,10.0
North Zone 2,ORR North 2,BEL Circle,others,1440.0
West Zone 1,Tumkur Road,JalahalliCross(SM Circle),vehicle_breakdown,120.0
West Zone 2,West of Chord Road,ChandraLayoutJunc-nearWaterTank,vehicle_breakdown,120.0
West Zone 2,Mysore Road,SatteliteBusStandJunc,vehicle_breakdown,120.0
Central Zone 2,CBD 2,PoliceTimmaiahCircle(GPO),vehicle_breakdown,97.3695523
Central Zone 2,Bellary Road 1,LRDE Junction,vehicle_breakdown,48.415913599999996
North Zone 1,Bellary Road 1,HebbalFlyoverJunc,vehicle_breakdown,120.0
South Zone 2,Hosur Road,NaganathapuraJunction,others,865.5403809
Central Zone 2,Mysore Road,PoliceCornerJunc,construction,120.0
Central Zone 1,Non-corridor,BEML GateJunc(SuranjandasRd),vehicle_breakdown,10.0
Unknown,Bellary Road 2,HunsemarammanahalliJunction,vehicle_breakdown,120.0
South Zone 1,Bannerghata Road,GorappanapalyaJunction,construction,11.78033255
West Zone 2,Tumkur Road,YeshwanthpuraCircle,vehicle_breakdown,115.87354140000001
West Zone 2,West of Chord Road,KIMCO Junction,vehicle_breakdown,14.455940533333335
Central Zone 2,Non-corridor,K R Circle,vehicle_breakdown,120.0
Central Zone 1,Mysore Road,SiddalingaiahCircle,vehicle_breakdown,38.123049349999995
West Zone 2,West of Chord Road,MC Circle,vehicle_breakdown,120.0
East Zone 1,ORR East 1,IbblurJunction',vehicle_breakdown,120.0
North Zone 2,Bellary Road 1,MekhriCircle,vehicle_breakdown,120.0
North Zone 2,Bellary Road 1,MekhriCircle,vehicle_breakdown,10.0
Central Zone 2,Mysore Road,SirsiCircle,vehicle_breakdown,37.45476503333334
West Zone 1,West of Chord Road,NavarangTheatreJunction,construction,120.0
West Zone 2,Mysore Road,SatteliteBusStandJunc,vehicle_breakdown,44.45212466666667
South Zone 2,Non-corridor,Marigowda-TavarkereRdJunc,vehicle_breakdown,120.0
South Zone 1,Non-corridor,UttarahalliJunction,construction,120.0
South Zone 2,Non-corridor,Marigowda-TavarkereRdJunc,vehicle_breakdown,120.0
North Zone 2,Bellary Road 2,SantheCircle,vehicle_breakdown,53.110473666666664
North Zone 2,Bellary Road 1,MekhriCircle,others,120.0
West Zone 1,Tumkur Road,TumkurRdMarappanapalyaJunc,vehicle_breakdown,31.9243745
Unknown,Bellary Road 2,SadahalliGateJunc(AirportRd),vehicle_breakdown,98.95300796666668
Central Zone 1,Old Madras Road,OldMadrasRd-Indranagar100ftRdJunc,vehicle_breakdown,120.0
West Zone 2,Tumkur Road,YeshwanthpuraCircle,vehicle_breakdown,26.654573000000003
Central Zone 2,Non-corridor,"PriyadarshiniHotel,Jayamahal,RT Nagar",vehicle_breakdown,120.0
Central Zone 2,Mysore Road,TownhallJunction,vehicle_breakdown,120.0
South Zone 1,Non-corridor,BanashankariBusStandJunc,vehicle_breakdown,120.0
Central Zone 2,Non-corridor,MintoJunction,vehicle_breakdown,120.0
South Zone 2,ORR East 1,IbblurJunction',accident,120.0
Central Zone 2,Mysore Road,toll gate mysore road,vehicle_breakdown,120.0
North Zone 2,ORR North 2,BEL Circle,vehicle_breakdown,36.75914435
Central Zone 2,Mysore Road,toll gate mysore road,vehicle_breakdown,150.89506383333335
West Zone 1,Tumkur Road,HesaraghattaJunction,vehicle_breakdown,50.57958421666667
Central Zone 2,CBD 1,TyagiHengalvarayaJunc(DickensonRd),others,120.0
Central Zone 2,CBD 1,TyagiHengalvarayaJunc(DickensonRd),pot_holes,120.0
South Zone 1,Non-corridor,UttarahalliJunction,vehicle_breakdown,16.589146799999998
Central Zone 1,Old Madras Road,BigBazaarJunction(OldMadrasRd),vehicle_breakdown,120.0
North Zone 2,Non-corridor,YelhankaCircle,vehicle_breakdown,120.0
West Zone 2,West of Chord Road,KIMCO Junction,vehicle_breakdown,120.0
North Zone 2,Bellary Road 1,MekhriCircle,road_conditions,288.8241364
Central Zone 2,Mysore Road,BangaloreBodyBuildersJunc,vehicle_breakdown,120.0
Central Zone 2,Mysore Road,toll gate mysore road,vehicle_breakdown,120.0
Central Zone 2,Mysore Road,toll gate mysore road,vehicle_breakdown,120.0
Central Zone 2,Mysore Road,toll gate mysore road,vehicle_breakdown,137.25990439999998
Central Zone 2,Non-corridor,Dr TCM RoyanRd near AmbedkarStatue,vehicle_breakdown,124.67001535
West Zone 2,Non-corridor,RajajinagarEntranceJunction,water_logging,120.0
South Zone 2,ORR East 1,HSR14thMainJunc,vehicle_breakdown,39.28464615
West Zone 2,Mysore Road,SatteliteBusStandJunc,vehicle_breakdown,120.0
West Zone 2,West of Chord Road,Fire Force Junction,vehicle_breakdown,10.0
Central Zone 2,Mysore Road,PoliceCornerJunc,vehicle_breakdown,10.0
East Zone 2,Non-corridor,Devasandra(k r puram),vehicle_breakdown,42.98520965
West Zone 1,Magadi Road,Sumanhalli,vehicle_breakdown,30.007936166666664
West Zone 1,Mysore Road,RajeshwariJunc,others,1440.0
North Zone 1,Bellary Road 1,KodigehalliCross,vehicle_breakdown,120.0
Unknown,Bellary Road 2,HunsemarammanahalliJunction,public_event,120.0
Central Zone 2,Mysore Road,UlsoorGateJunc,vehicle_breakdown,120.0
Central Zone 2,Magadi Road,LeprosyhospitalJunc,vehicle_breakdown,120.0
Central Zone 2,Magadi Road,LeprosyhospitalJunc,vehicle_breakdown,140.95731608333332
West Zone 1,Magadi Road,Sumanhalli,vehicle_breakdown,63.96499075
West Zone 1,Mysore Road,RajeshwariJunc,vehicle_breakdown,120.0
Unknown,Non-corridor,DoddaballapuraCrossJunc,vehicle_breakdown,120.0
East Zone 1,ORR East 1,MaratahalliBridgeJunc,others,99.96852326666666
South Zone 2,Hosur Road,SilkBoardJunc,vehicle_breakdown,120.0
West Zone 1,Mysore Road,MysoreRd-RingRdJunc(Nayandanahallii),vehicle_breakdown,36.38478976666667
Central Zone 2,Mysore Road,toll gate mysore road,others,120.0
Central Zone 2,Mysore Road,toll gate mysore road,others,120.0
Central Zone 2,Non-corridor,KhodaysCircle(DV UrsCircle),vehicle_breakdown,120.0
South Zone 2,Hosur Road,Kudlu Gate Junc,vehicle_breakdown,120.0
Central Zone 2,Non-corridor,KhodaysCircle(DV UrsCircle),vehicle_breakdown,120.0
West Zone 2,ORR West 1,ItmaduJunction,vehicle_breakdown,116.45913183333333
North Zone 1,Bellary Road 1,HebbalFlyoverJunc,vehicle_breakdown,32.58043245
Central Zone 2,Old Madras Road,BegumMahalJunc,vehicle_breakdown,120.0
South Zone 1,Non-corridor,UttarahalliJunction,vehicle_breakdown,120.0
West Zone 2,West of Chord Road,DhobiGhatJunc,vehicle_breakdown,120.0
East Zone 1,Varthur Road,KundanahalliGateJunc,vehicle_breakdown,120.0
West Zone 1,Tumkur Road,JalahalliCross(SM Circle),vehicle_breakdown,17.136627316666665
North Zone 1,Bellary Road 1,KodigehalliCross,construction,120.0
South Zone 2,ORR East 1,AgaraJunction,others,24.443889966666667
North Zone 1,ORR North 1,"VeerannapalyaJunction(BEL,HO)",vehicle_breakdown,120.0
Central Zone 2,CBD 2,MinskSquare(CTO Junction),road_conditions,245.91660705
North Zone 2,Bellary Road 1,MekhriCircle,road_conditions,61.000142933333336
Central Zone 2,Non-corridor,K R Circle,others,75.05420305
Central Zone 1,Old Madras Road,QueensStatueCircle,accident,120.0
East Zone 1,Non-corridor,HoodiJunction,vehicle_breakdown,120.0
West Zone 1,Non-corridor,HesaraghattaJunction,vehicle_breakdown,63.04091908333333
West Zone 1,Tumkur Road,GokuldasImagesJunc,vehicle_breakdown,120.0
North Zone 1,ORR North 1,Nagavara-ORR Junction,vehicle_breakdown,120.0
East Zone 1,ORR East 1,Kadubeesanahalli-ORR Junc,vehicle_breakdown,66.10421948333334
North Zone 1,ORR North 1,Nagavara-ORR Junction,vehicle_breakdown,120.0
Central Zone 1,Hosur Road,AnepalyaJunc,public_event,120.0
Central Zone 2,Mysore Road,BangaloreBodyBuildersJunc,pot_holes,1440.0
Central Zone 2,Mysore Road,PoliceCornerJunc,vehicle_breakdown,10.0
South Zone 2,Hosur Road,Bommanahalli,vehicle_breakdown,120.0
West Zone 1,Non-corridor,FTI Junction(KanteeravaStudio),vehicle_breakdown,120.0
West Zone 2,Mysore Road,SatteliteBusStandJunc,vehicle_breakdown,101.3939446
Central Zone 1,Old Madras Road,OldMadrasRd-80FeetRdJunc,vehicle_breakdown,120.0
West Zone 1,Mysore Road,MysoreRd-RingRdJunc(Nayandanahallii),vehicle_breakdown,120.0
West Zone 1,Tumkur Road,HesaraghattaJunction,vehicle_breakdown,120.0
West Zone 2,Bellary Road 1,MekhriCircle,vehicle_breakdown,71.66695605
Central Zone 1,Old Madras Road,KamrajRdJunction,vehicle_breakdown,120.0
West Zone 1,Tumkur Road,HesaraghattaJunction,vehicle_breakdown,15.909199300000001
West Zone 2,Bellary Road 1,MekhriCircle,vehicle_breakdown,120.0
West Zone 2,Bellary Road 1,MekhriCircle,vehicle_breakdown,26.8771284
East Zone 2,Non-corridor,Devasandra(k r puram),vehicle_breakdown,22.19168823333333
West Zone 1,Tumkur Road,GokuldasImagesJunc,vehicle_breakdown,52.31364178333333
Central Zone 2,Non-corridor,BMTCJunction-K H Road,vehicle_breakdown,10.0
Central Zone 1,Non-corridor,BMTCJunction-K H Road,vehicle_breakdown,10.0
Central Zone 2,Non-corridor,ShantalaJunction,pot_holes,1440.0
North Zone 1,Airport New South Road,HennurRoad-ORR Junc,vehicle_breakdown,120.0
Central Zone 2,Non-corridor,RRR(Okalipuram)Junction,vehicle_breakdown,120.0
South Zone 2,ORR East 1,SilkBoardJunc,vehicle_breakdown,37.48756958333333
West Zone 2,Tumkur Road,YeshwanthpuraCircle,water_logging,120.0
Central Zone 2,Non-corridor,PlatformRdJunction,vehicle_breakdown,120.0
West Zone 2,West of Chord Road,ShivanahalliJunctionWOC,vehicle_breakdown,120.0
Central Zone 2,Mysore Road,SirsiCircle,vehicle_breakdown,10.0
Central Zone 2,Mysore Road,N R SquareJunc,vehicle_breakdown,18.3150515
West Zone 2,Non-corridor,Malleswaram18thCrossRd-SampigeRdJunc,vehicle_breakdown,25.91794045
North Zone 1,ORR North 1,"VeerannapalyaJunction(BEL,HO)",accident,120.0
West Zone 2,ORR West 1,KatriguppeJunction,vehicle_breakdown,57.282264366666666
West Zone 2,ORR West 1,NCERT Junction,vehicle_breakdown,146.17011165
Central Zone 2,Mysore Road,HudsonCircle,procession,120.0
Central Zone 2,Non-corridor,K R Circle,procession,120.0
West Zone 2,ORR West 1,ItmaduJunction,vehicle_breakdown,56.04167118333333
South Zone 2,Hosur Road,NaganathapuraJunction,vehicle_breakdown,36.529660166666666
West Zone 2,Non-corridor,BanashankariBusStandJunc,vehicle_breakdown,120.0
East Zone 2,Non-corridor,Devasandra(k r puram),vehicle_breakdown,120.0
East Zone 1,Non-corridor,HopefarmJunction,vehicle_breakdown,120.0
South Zone 2,ORR East 1,SilkBoardJunc,vehicle_breakdown,120.0
West Zone 2,Bellary Road 1,MekhriCircle,vehicle_breakdown,120.0
South Zone 2,ORR East 1,SilkBoardJunc,vehicle_breakdown,120.0
West Zone 2,ORR West 1,KadirenahalliJunction,vehicle_breakdown,120.0
Central Zone 2,Non-corridor,KhodaysCircle(DV UrsCircle),vehicle_breakdown,88.99168374999999
West Zone 1,Tumkur Road,SRS Peenya Junc,others,120.0
East Zone 1,Non-corridor,HopefarmJunction,road_conditions,1346.5596524833334
West Zone 2,Tumkur Road,TataInstituteCircle,vehicle_breakdown,120.0
West Zone 2,Non-corridor,TataInstituteCircle,vehicle_breakdown,32.26246835
East Zone 1,Non-corridor,HopefarmJunction,others,1343.1174781
West Zone 2,Bellary Road 1,MekhriCircle,road_conditions,31.613101583333332
Central Zone 2,Mysore Road,BangaloreBodyBuildersJunc,vehicle_breakdown,20.894928466666666
West Zone 1,Non-corridor,Nagarbhavi,vehicle_breakdown,75.49992103333334
Central Zone 2,CBD 2,PoliceTimmaiahCircle(GPO),vehicle_breakdown,120.0
Central Zone 2,Mysore Road,toll gate mysore road,vehicle_breakdown,120.0
West Zone 1,Non-corridor,Nagarbhavi,vehicle_breakdown,120.0
South Zone 1,ORR West 1,KanakapuraRd-RingRdJunction,vehicle_breakdown,120.0
South Zone 2,Non-corridor,Krupanidhi College,vehicle_breakdown,120.0
East Zone 2,ORR North 1,RamamurthyNagarJunction,vehicle_breakdown,10.0
West Zone 1,Non-corridor,Nagarbhavi,others,1440.0
West Zone 1,Tumkur Road,PeenyaPoliceStation,vehicle_breakdown,120.0
Central Zone 1,Old Madras Road,OldMadrasRd-80FeetRdJunc,vehicle_breakdown,120.0
Central Zone 2,Mysore Road,TownhallJunction,vehicle_breakdown,120.0
East Zone 2,Non-corridor,Devasandra(k r puram),water_logging,1440.0
Central Zone 2,Non-corridor,BloodBankCircle,vehicle_breakdown,120.0
Central Zone 1,Old Madras Road,MayohallJunction,others,49.59777256666666
Central Zone 2,Mysore Road,PoliceCornerJunc,vehicle_breakdown,120.0
West Zone 2,Magadi Road,PrasannaJunction,vehicle_breakdown,72.36508631666668
Central Zone 1,Old Airport Road,ISRO Junction-Airport rd,vehicle_breakdown,120.0
Unknown,Bellary Road 2,SadahalliGateJunc(AirportRd),vehicle_breakdown,120.0
North Zone 2,ORR North 2,BEL Circle,vehicle_breakdown,120.0
Central Zone 2,Non-corridor,KrishnaFlourMill,vehicle_breakdown,120.0
North Zone 2,Tumkur Road,Chokasandra (Tumkur road),vehicle_breakdown,120.0
South Zone 2,IRR(Thanisandra road),KoramangalaWaterTankJunc,vehicle_breakdown,120.0
North Zone 2,Bellary Road 2,SantheCircle,vehicle_breakdown,120.0
Central Zone 2,Non-corridor,LalbaghMainGateJunc,vehicle_breakdown,120.0
South Zone 2,Non-corridor,Krupanidhi College,pot_holes,120.0
Central Zone 2,Non-corridor,LalbaghMainGateJunc,vehicle_breakdown,120.0
South Zone 2,IRR(Thanisandra road),KoramangalaWaterTankJunc,vehicle_breakdown,120.0
West Zone 2,Mysore Road,SatteliteBusStandJunc,vehicle_breakdown,120.0
East Zone 2,Non-corridor,TC Palya-OM RoadJunc,others,1440.0
East Zone 2,Non-corridor,Devasandra(k r puram),vehicle_breakdown,10.0
East Zone 2,Non-corridor,Devasandra(k r puram),vehicle_breakdown,120.0
North Zone 2,ORR North 2,BEL Circle,vehicle_breakdown,120.0
North Zone 1,Bellary Road 2,Batrayanapura(Amrutahalli)Junction,accident,61.2137216
West Zone 2,Bellary Road 1,MekhriCircle,vehicle_breakdown,120.0
Central Zone 2,Mysore Road,toll gate mysore road,vehicle_breakdown,120.0
North Zone 2,ORR North 2,BEL Circle,vehicle_breakdown,33.22631478333333
North Zone 2,Bellary Road 2,SantheCircle,vehicle_breakdown,120.0
Central Zone 2,Non-corridor,PurnimaTheaterJunc,vehicle_breakdown,120.0
Central Zone 2,CBD 2,PoliceTimmaiahCircle(GPO),others,135.58937761666667
West Zone 1,Non-corridor,TVS CrossJunction,vehicle_breakdown,74.80607221666668
North Zone 2,Bellary Road 2,SantheCircle,vehicle_breakdown,120.0
East Zone 1,Non-corridor,BigBazaar(Whitefield)Junc,others,1440.0
Central Zone 2,Magadi Road,LeprosyhospitalJunc,vehicle_breakdown,66.17483445
North Zone 1,Bellary Road 1,HebbalFlyoverJunc,construction,120.0
Central Zone 2,Mysore Road,SiddalingaiahCircle,vehicle_breakdown,120.0
South Zone 2,Hosur Road,Bommanahalli,others,120.0
Central Zone 2,Non-corridor,K R Circle,vehicle_breakdown,39.06277933333333
West Zone 1,Tumkur Road,PeenyaPoliceStation,vehicle_breakdown,10.0
Central Zone 2,Non-corridor,ShivandaCircle,vehicle_breakdown,69.60687666666666
North Zone 1,Hennur Main Road,Nagavara-ORR Junction,others,120.0
Central Zone 2,Non-corridor,ShivandaCircle,vehicle_breakdown,120.0
Central Zone 2,Mysore Road,TownhallJunction,vehicle_breakdown,120.0
Unknown,Non-corridor,VeerasandraGateJunction,vehicle_breakdown,120.0
South Zone 1,Non-corridor,UttarahalliJunction,vehicle_breakdown,131.71085216666668
South Zone 2,Hosur Road,NaganathapuraJunction,vehicle_breakdown,24.13871885
Central Zone 2,Mysore Road,PoliceCornerJunc,vehicle_breakdown,54.60528863333333
South Zone 1,Non-corridor,28thMainJayanagarJunc,pot_holes,120.0
South Zone 1,Bannerghata Road,28thMainJayanagarJunc,pot_holes,120.0
North Zone 2,Bellary Road 2,BagalurCrossJunc,vehicle_breakdown,12.500674383333335
Central Zone 2,Mysore Road,N R SquareJunc,vehicle_breakdown,120.0
Central Zone 2,Mysore Road,SirsiCircle,vehicle_breakdown,10.356196149999999
North Zone 2,Bellary Road 2,YelhankaCircle,vehicle_breakdown,120.0
Central Zone 2,Mysore Road,PoliceCornerJunc,vehicle_breakdown,120.0
Central Zone 2,Non-corridor,BinnyMillJunction,vehicle_breakdown,120.0
North Zone 2,Bellary Road 2,BagalurCrossJunc,vehicle_breakdown,120.0
East Zone 1,ORR East 2,MaratahalliBridgeJunc,vehicle_breakdown,120.0
Central Zone 1,Old Madras Road,OldMadrasRd-Indranagar100ftRdJunc,vehicle_breakdown,120.0
South Zone 2,Hosur Road,NaganathapuraJunction,vehicle_breakdown,162.5665779
Central Zone 1,Old Airport Road,DomlurWaterTank,public_event,120.0
Central Zone 2,Old Madras Road,WebbsCircle,vehicle_breakdown,120.0
East Zone 1,ORR East 1,Kadubeesanahalli-ORR Junc,vehicle_breakdown,39.86270186666666
Central Zone 2,Non-corridor,KarnatakaBhavanJunction,vehicle_breakdown,120.0
North Zone 1,Airport New South Road,HennurRoad-ORR Junc,vehicle_breakdown,19.595001083333333
Central Zone 2,Non-corridor,SagarTheatreJunc,others,18.232261750000003
West Zone 1,Non-corridor,NTTF JunctionPeenya,vehicle_breakdown,120.0
South Zone 2,Hosur Road,Bommanahalli,vehicle_breakdown,120.0
West Zone 1,West of Chord Road,MahalaxmiLayoutEntranceJunc,vehicle_breakdown,120.0
West Zone 2,Tumkur Road,TataInstituteCircle,vehicle_breakdown,120.0
West Zone 2,Tumkur Road,TataInstituteCircle,vehicle_breakdown,120.0
North Zone 2,Bellary Road 2,YelhankaCircle,vehicle_breakdown,10.0
Central Zone 2,Non-corridor,NIMHANS Junction,vehicle_breakdown,120.0
Central Zone 2,Non-corridor,BMTCJunction-K H Road,vehicle_breakdown,87.37563088333333
South Zone 2,ORR East 1,HSR14thMainJunc,vehicle_breakdown,81.59911578333335
North Zone 2,Bellary Road 1,HebbalFlyoverJunc,vehicle_breakdown,10.0
Central Zone 1,Non-corridor,BucheryJunction,congestion,120.0
West Zone 1,Tumkur Road,SRS Peenya Junc,vehicle_breakdown,15.30609795
North Zone 2,ORR North 2,BEL Circle,others,425.97661755
East Zone 2,ORR North 1,HoramavuJunction,construction,84.54522296666667
West Zone 2,Mysore Road,SatteliteBusStandJunc,vehicle_breakdown,10.0
West Zone 1,Tumkur Road,PeenyaPoliceStation,vehicle_breakdown,30.706076783333334
West Zone 1,Tumkur Road,GokuldasImagesJunc,vehicle_breakdown,66.04253946666667
Central Zone 2,Mysore Road,A S CharStreet-MysoreRdJunc,vehicle_breakdown,120.0
Central Zone 1,Old Madras Road,TrinityCircle,vehicle_breakdown,120.0
North Zone 2,Bellary Road 1,HebbalFlyoverJunc,road_conditions,282.6844774666667
Central Zone 2,Mysore Road,N R SquareJunc,vehicle_breakdown,13.244365666666665
North Zone 1,Bellary Road 2,Batrayanapura(Amrutahalli)Junction,vehicle_breakdown,120.0
North Zone 1,Airport New South Road,HennurRoad-ORR Junc,vehicle_breakdown,120.0
West Zone 1,West of Chord Road,ModiBridgeJunction,water_logging,120.0
North Zone 1,ORR North 1,Nagavara-ORR Junction,vehicle_breakdown,120.0
North Zone 1,ORR North 1,Nagavara-ORR Junction,vehicle_breakdown,120.0
Central Zone 1,Old Madras Road,AnilKumbleCircle,vehicle_breakdown,78.62757426666667
Central Zone 1,Old Madras Road,WebbsCircle,construction,149.8709145
North Zone 1,Non-corridor,HainsJunc,vehicle_breakdown,50.02411501666666
West Zone 2,Mysore Road,SatteliteBusStandJunc,vehicle_breakdown,120.0
South Zone 2,Non-corridor,Krupanidhi College,vehicle_breakdown,120.0
West Zone 2,Mysore Road,KIMCO Junction,vehicle_breakdown,120.0
Central Zone 2,CBD 2,CoffeeBoardJunc,others,187.27650548333335
West Zone 1,Non-corridor,Peenya2ndStageBusStand,construction,120.0
West Zone 1,Tumkur Road,SRS Peenya Junc,vehicle_breakdown,120.0
West Zone 2,Mysore Road,SatteliteBusStandJunc,vehicle_breakdown,19.0847936
Central Zone 2,Non-corridor,SubbannaJunction,vehicle_breakdown,120.0
North Zone 2,Tumkur Road,HesaraghattaJunction,vehicle_breakdown,120.0
Central Zone 2,Mysore Road,HudsonCircle,vehicle_breakdown,120.0
West Zone 1,Tumkur Road,GoruguntepalyaJunc,vehicle_breakdown,120.0
North Zone 1,Hennur Main Road,"Narayanapura cross, Hegde nagar",vehicle_breakdown,120.0
Central Zone 2,Non-corridor,ChaudrayaCircle/UdayaTVCircle(CantonmentJunc),others,1440.0
North Zone 2,Bellary Road 2,BagalurCrossJunc,vehicle_breakdown,120.0
West Zone 2,Tumkur Road,MS RamaiahJunc(TollGate),vehicle_breakdown,17.231514116666666
North Zone 2,Tumkur Road,JalahalliCross(SM Circle),vehicle_breakdown,120.0
South Zone 2,Hosur Road,Bommanahalli,vehicle_breakdown,10.0
South Zone 2,Hosur Road,Bommanahalli,vehicle_breakdown,120.0
West Zone 1,Mysore Road,MysoreRd-RingRdJunc(Nayandanahallii),vehicle_breakdown,89.9522413
South Zone 1,Hosur Road,NaganathapuraJunction,vehicle_breakdown,59.550443333333334
West Zone 1,ORR North 2,GoruguntepalyaJunc,vehicle_breakdown,89.7169197
South Zone 2,ORR East 1,SilkBoardJunc,vehicle_breakdown,120.0
North Zone 2,Bellary Road 1,HebbalFlyoverJunc,pot_holes,285.07037575
East Zone 2,ORR North 1,HoramavuJunction,construction,120.0
West Zone 2,Tumkur Road,MS RamaiahJunc(TollGate),vehicle_breakdown,120.0
West Zone 1,Mysore Road,RajeshwariJunc,vehicle_breakdown,120.0
West Zone 1,ORR West 1,MysoreRd-RingRdJunc(Nayandanahallii),road_conditions,1440.0
Central Zone 2,Magadi Road,LeprosyhospitalJunc,vehicle_breakdown,31.16099865
South Zone 1,Non-corridor,"Jayanagar 4th main,36th cross",vehicle_breakdown,56.05031413333334
South Zone 2,Hosur Road,AyyappaTempleJunc,vehicle_breakdown,114.57613495000001
Central Zone 2,Mysore Road,N R SquareJunc,vehicle_breakdown,120.0
East Zone 1,Varthur Road,KundanahalliGateJunc,vehicle_breakdown,120.0
Central Zone 1,Old Madras Road,OperaHouseJunc,vehicle_breakdown,120.0
Central Zone 1,Old Madras Road,TrinityCircle,vehicle_breakdown,35.652395733333336
West Zone 2,Mysore Road,KIMCO Junction,vehicle_breakdown,32.90016421666667
West Zone 2,Mysore Road,SatteliteBusStandJunc,vehicle_breakdown,120.0
West Zone 1,Magadi Road,Srigandakaval,vehicle_breakdown,81.95171803333332
North Zone 1,Bellary Road 2,Batrayanapura(Amrutahalli)Junction,procession,120.0
West Zone 2,West of Chord Road,KIMCO Junction,vehicle_breakdown,120.0
Central Zone 2,Non-corridor,WilsonGarden10thCrossJunc,vehicle_breakdown,91.13215373333334
West Zone 1,ORR West 1,MysoreRd-RingRdJunc(Nayandanahallii),vehicle_breakdown,120.0
North Zone 1,ORR North 1,KalyanNagar-ORR Junc,vehicle_breakdown,120.0
West Zone 2,Tumkur Road,TumkurRdMarappanapalyaJunc,vehicle_breakdown,120.0
North Zone 1,Bellary Road 2,JakkurCrossJunction,vehicle_breakdown,33.596919400000004
West Zone 2,Mysore Road,SatteliteBusStandJunc,vehicle_breakdown,120.0
Central Zone 2,Mysore Road,SiddalingaiahCircle,vehicle_breakdown,120.0
South Zone 1,ORR West 1,Delmia-Jayanagar,vehicle_breakdown,120.0
Central Zone 2,Non-corridor,ShivandaCircle,vehicle_breakdown,120.0
Central Zone 2,Non-corridor,ShivandaCircle,vehicle_breakdown,120.0
Central Zone 2,Non-corridor,ShivandaCircle,vehicle_breakdown,120.0
Central Zone 1,IRR(Thanisandra road),Srinivagilu(Ejipura)Junc,construction,120.0
West Zone 1,Mysore Road,UniversityJunc(Janabharti),vehicle_breakdown,120.0
Central Zone 2,Magadi Road,LeprosyhospitalJunc,vehicle_breakdown,10.0
West Zone 1,Tumkur Road,HesaraghattaJunction,vehicle_breakdown,33.985266100000004
West Zone 1,Tumkur Road,PeenyaPoliceStation,vehicle_breakdown,120.0
West Zone 2,Magadi Road,JaiMuniRaoCircle,construction,120.0
Central Zone 1,Old Madras Road,RamaiahCircle-UlsoorPoliceStation,vehicle_breakdown,46.4795299
Central Zone 2,Non-corridor,ChaudrayaCircle/UdayaTVCircle(CantonmentJunc),vehicle_breakdown,140.87877841666665
Central Zone 2,Non-corridor,K R Circle,accident,30.651319966666666
West Zone 1,ORR West 1,MysoreRd-RingRdJunc(Nayandanahallii),road_conditions,1440.0
South Zone 2,IRR(Thanisandra road),SonyworldJunction,vehicle_breakdown,41.87327523333333
North Zone 1,Bellary Road 1,HebbalFlyoverJunc,road_conditions,120.0
Central Zone 2,Non-corridor,CID-CarltonHouseJunc,vehicle_breakdown,120.0
Central Zone 2,Non-corridor,K R Circle,vehicle_breakdown,18.1132444
North Zone 2,Tumkur Road,JalahalliCross(SM Circle),vehicle_breakdown,120.0
Central Zone 2,Bellary Road 1,LRDE Junction,vehicle_breakdown,120.0
Central Zone 2,Non-corridor,RRR(Okalipuram)Junction,accident,120.0
South Zone 2,Hosur Road,SilkBoardJunc,vehicle_breakdown,22.29174835
West Zone 2,Magadi Road,PrasannaJunction,vehicle_breakdown,35.64787915
East Zone 2,Non-corridor,Devasandra(k r puram),vehicle_breakdown,61.508581766666666
North Zone 2,Bellary Road 1,HebbalFlyoverJunc,road_conditions,120.0
North Zone 2,Bellary Road 1,HebbalFlyoverJunc,road_conditions,120.0
West Zone 2,Mysore Road,SatteliteBusStandJunc,vehicle_breakdown,120.0
Central Zone 2,Mysore Road,toll gate mysore road,others,120.0
Central Zone 1,Old Airport Road,ISRO Junction-Airport rd,vehicle_breakdown,21.842817266666668
Central Zone 2,Mysore Road,toll gate mysore road,others,120.0
South Zone 1,Bannerghata Road,JayadevaHospitalJunc,vehicle_breakdown,120.0
Central Zone 1,Non-corridor,BucheryJunction,vehicle_breakdown,120.0
South Zone 1,Non-corridor,SwagathMainRd-EastEndRdJunc,tree_fall,1440.0
West Zone 1,Tumkur Road,JalahalliCross(SM Circle),vehicle_breakdown,10.0
West Zone 2,West of Chord Road,DhobiGhatJunc,vehicle_breakdown,120.0
Central Zone 2,Mysore Road,toll gate mysore road,others,120.0
Central Zone 2,Non-corridor,KhodaysCircle(DV UrsCircle),vehicle_breakdown,120.0
Central Zone 2,Non-corridor,KhodaysCircle(DV UrsCircle),vehicle_breakdown,120.0
Central Zone 2,Non-corridor,KhodaysCircle(DV UrsCircle),vehicle_breakdown,120.0
South Zone 2,Bannerghata Road,MeenakshiMallJunc,vehicle_breakdown,120.0
North Zone 2,Bellary Road 2,KogilluCrossJunc,accident,38.393301550000004
West Zone 2,West of Chord Road,MC Circle,vehicle_breakdown,120.0
West Zone 2,Non-corridor,BhashyamCircle-SadashivNagar,vehicle_breakdown,14.366989850000001
North Zone 2,Bellary Road 1,MekhriCircle,vehicle_breakdown,115.13290099999999
Central Zone 2,Non-corridor,K R Circle,vehicle_breakdown,109.37136253333333
West Zone 2,Magadi Road,PrasannaJunction,others,10.0
West Zone 2,Magadi Road,PrasannaJunction,others,85.97490423333333
West Zone 1,Tumkur Road,JalahalliCross(SM Circle),vehicle_breakdown,43.36787996666667
Central Zone 1,Mysore Road,CashPharmacyJunction,vehicle_breakdown,120.0
Central Zone 2,Non-corridor,HalliThindi,vehicle_breakdown,120.0
North Zone 2,ORR North 2,BEL Circle,road_conditions,1440.0
Central Zone 2,Mysore Road,BiryandCircle,vehicle_breakdown,120.0
Central Zone 2,Mysore Road,N R SquareJunc,vehicle_breakdown,54.04092538333334
West Zone 1,Magadi Road,Srigandakaval,vehicle_breakdown,125.2718676
Central Zone 1,Old Madras Road,BigBazaarJunction(OldMadrasRd),vehicle_breakdown,120.0
West Zone 2,Mysore Road,SatteliteBusStandJunc,vehicle_breakdown,120.0
North Zone 2,Bellary Road 2,KogilluCrossJunc,vehicle_breakdown,120.0
Central Zone 2,Non-corridor,K R Circle,vehicle_breakdown,22.256770483333334
North Zone 2,Bellary Road 1,MekhriCircle,vehicle_breakdown,120.0
South Zone 2,Hosur Road,SilkBoardJunc,vehicle_breakdown,48.62803473333334
Central Zone 1,Old Madras Road,BigBazaarJunction(OldMadrasRd),vehicle_breakdown,120.0
Central Zone 2,Mysore Road,SirsiCircle,vehicle_breakdown,63.322104683333336
Unknown,Bellary Road 2,HunsemarammanahalliJunction,vehicle_breakdown,120.0
North Zone 2,Bellary Road 2,YelhankaCircle,accident,30.054063183333334
West Zone 2,ORR West 1,PES-DevegowdaCircle,vehicle_breakdown,120.0
South Zone 2,Non-corridor,Marigowda-TavarkereRdJunc,public_event,120.0
East Zone 2,Non-corridor,Devasandra(k r puram),water_logging,120.0
West Zone 1,West of Chord Road,MahalaxmiLayoutEntranceJunc,vehicle_breakdown,120.0
Central Zone 2,Non-corridor,RRR(Okalipuram)Junction,vehicle_breakdown,120.0
North Zone 2,Bellary Road 2,KogilluCrossJunc,others,1440.0
South Zone 2,Non-corridor,NIMHANS Junction,vehicle_breakdown,120.0
Central Zone 1,Old Madras Road,QueensStatueCircle,pot_holes,1440.0
West Zone 1,West of Chord Road,Rajajinagagr1stBlockJunction,vehicle_breakdown,120.0
West Zone 2,Tumkur Road,YeshwanthpuraCircle,vehicle_breakdown,82.14613223333335
North Zone 1,Airport New South Road,HennurRoad-ORR Junc,vehicle_breakdown,120.0
North Zone 1,Airport New South Road,HennurRoad-ORR Junc,vehicle_breakdown,100.85719166666667
West Zone 1,Tumkur Road,Chokasandra (Tumkur road),vehicle_breakdown,120.0
North Zone 2,Tumkur Road,HesaraghattaJunction,vehicle_breakdown,120.0
North Zone 1,Bellary Road 1,KodigehalliCross,vehicle_breakdown,120.0
North Zone 1,Bellary Road 1,KodigehalliCross,vehicle_breakdown,120.0
South Zone 1,Non-corridor,UttarahalliJunction,vehicle_breakdown,120.0
East Zone 1,ORR East 1,Deverabeesanahalli-ORR Junc,vehicle_breakdown,120.0
North Zone 2,Tumkur Road,HesaraghattaJunction,vehicle_breakdown,120.0
East Zone 1,Varthur Road,MaratahalliBridgeJunc,vehicle_breakdown,11.0878252
East Zone 1,Non-corridor,HoodiJunction,others,39.2511919
Central Zone 1,Non-corridor,ASC Junction,vehicle_breakdown,120.0
South Zone 2,Bannerghata Road,ArakereGateJunc,accident,120.0
West Zone 2,CBD 2,YeshwanthpuraCircle,vehicle_breakdown,120.0
West Zone 2,CBD 2,YeshwanthpuraCircle,vehicle_breakdown,120.0
Central Zone 1,Old Madras Road,AnilKumbleCircle,vehicle_breakdown,120.0
Central Zone 2,Mysore Road,ShivajiTalkiesJunc,vehicle_breakdown,10.0
Central Zone 2,Mysore Road,TownhallJunction,vehicle_breakdown,60.66095205
North Zone 1,Non-corridor,HainsJunc,vehicle_breakdown,120.0
West Zone 2,CBD 2,YeshwanthpuraCircle,vehicle_breakdown,120.0
East Zone 1,Varthur Road,MaratahalliBridgeJunc,vehicle_breakdown,120.0
Central Zone 2,Non-corridor,HainsJunc,vehicle_breakdown,120.0
Central Zone 1,Old Airport Road,DomlurWaterTank,road_conditions,773.9601677166667
North Zone 2,Bellary Road 1,HebbalFlyoverJunc,construction,120.0
West Zone 1,Tumkur Road,GoruguntepalyaJunc,vehicle_breakdown,120.0
South Zone 2,Non-corridor,Marigowda-TavarkereRdJunc,public_event,120.0
South Zone 1,ORR West 1,DevegowdaPetrolBunkJunc,vehicle_breakdown,120.0
Central Zone 2,Non-corridor,GopalGowdaJUnc,vehicle_breakdown,120.0
Central Zone 2,Non-corridor,GopalGowdaJUnc,vehicle_breakdown,120.0
East Zone 1,Non-corridor,BigBazaar(Whitefield)Junc,vehicle_breakdown,120.0
East Zone 2,Non-corridor,Devasandra(k r puram),water_logging,120.0
Central Zone 2,Mysore Road,toll gate mysore road,others,1440.0
West Zone 2,Bellary Road 1,MekhriCircle,vehicle_breakdown,71.08655019999999
Central Zone 2,Non-corridor,KrishnaFlourMill,vehicle_breakdown,120.0
Central Zone 2,CBD 2,PoliceTimmaiahCircle(GPO),vehicle_breakdown,11.7920497
North Zone 1,Non-corridor,GovindapuraCross,vehicle_breakdown,120.0
North Zone 1,ORR North 1,"VeerannapalyaJunction(BEL,HO)",others,120.0
East Zone 1,Varthur Road,KundanahalliGateJunc,construction,120.0
East Zone 1,Varthur Road,KundanahalliGateJunc,construction,120.0
Unknown,Non-corridor,ElectronicCityGate-2Junc,accident,120.0
Central Zone 1,Non-corridor,ASC Junction,vehicle_breakdown,29.7505507
West Zone 1,Mysore Road,MysoreRd--MadhuPetrolBunkJunction,others,30.164484366666667
Central Zone 1,Mysore Road,OperaHouseJunc,vehicle_breakdown,120.0
East Zone 2,Non-corridor,TC Palya-OM RoadJunc,vehicle_breakdown,154.20150111666666
South Zone 2,IRR(Thanisandra road),Jaipuria-Adugodi,others,1440.0
West Zone 1,Magadi Road,Srigandakaval,vehicle_breakdown,120.0
North Zone 1,ORR North 1,"VeerannapalyaJunction(BEL,HO)",road_conditions,1389.0003810666667
East Zone 2,ORR North 1,HoramavuJunction,vehicle_breakdown,120.0
West Zone 2,Bellary Road 1,MekhriCircle,vehicle_breakdown,20.309034999999998
South Zone 1,ORR West 1,KadirenahalliJunction,vehicle_breakdown,106.0838667
Central Zone 2,Mysore Road,TownhallJunction,vehicle_breakdown,120.0
South Zone 1,ORR West 1,KadirenahalliJunction,Debris,120.0
West Zone 1,Tumkur Road,TumkurRdMarappanapalyaJunc,vehicle_breakdown,36.74255311666666
West Zone 1,Tumkur Road,GoruguntepalyaJunc,vehicle_breakdown,43.00267638333333
Central Zone 2,Non-corridor,Shivashankara circle,vehicle_breakdown,120.0
Central Zone 2,Non-corridor,Shivashankara circle,others,85.47325566666667
West Zone 2,West of Chord Road,KIMCO Junction,vehicle_breakdown,120.0
North Zone 1,Non-corridor,SindhiColonyJunction,vehicle_breakdown,67.49291361666667
South Zone 2,Bannerghata Road,DairyCircle,vehicle_breakdown,120.0
West Zone 2,West of Chord Road,Rajajinagar19thMainJunc,vehicle_breakdown,120.0
West Zone 2,Bellary Road 1,MekhriCircle,vehicle_breakdown,120.0
West Zone 2,Bellary Road 1,MekhriCircle,vehicle_breakdown,120.0
West Zone 2,Bellary Road 1,MekhriCircle,vehicle_breakdown,120.0
West Zone 2,Bellary Road 1,MekhriCircle,vehicle_breakdown,120.0
South Zone 2,Bannerghata Road,BilekahalliJunc,construction,426.60936853333334
North Zone 2,ORR North 2,BEL Circle,vehicle_breakdown,120.0
North Zone 2,Bellary Road 2,BagalurCrossJunc,vehicle_breakdown,120.0
North Zone 1,Bellary Road 2,Batrayanapura(Amrutahalli)Junction,others,120.0
Central Zone 2,Bellary Road 1,LRDE Junction,vehicle_breakdown,32.6073129
West Zone 1,Mysore Road,RajeshwariJunc,vehicle_breakdown,34.02031625
West Zone 2,West of Chord Road,KIMCO Junction,congestion,65.45038186666666
West Zone 2,Mysore Road,toll gate mysore road,vehicle_breakdown,58.02250183333333
East Zone 1,Old Airport Road,Yemalur cross junc,others,1440.0
West Zone 2,Magadi Road,JaiMuniRaoCircle,others,120.0
West Zone 2,Magadi Road,JaiMuniRaoCircle,others,120.0
West Zone 1,Non-corridor,Peenya2ndStageBusStand,vehicle_breakdown,120.0
West Zone 1,Non-corridor,Dr RajkumarRd-10thCrossRdJunc,tree_fall,203.1981286666667
Unknown,Bellary Road 2,SadahalliGateJunc(AirportRd),public_event,120.0
North Zone 1,Bellary Road 2,JakkurCrossJunction,accident,120.0
Unknown,Bellary Road 2,SadahalliGateJunc(AirportRd),public_event,120.0
Unknown,Non-corridor,ElectronicCityGate-2Junc,vehicle_breakdown,26.693448083333333
Central Zone 2,Non-corridor,PurnimaTheaterJunc,vehicle_breakdown,120.0
Unknown,Bellary Road 2,SadahalliGateJunc(AirportRd),public_event,120.0
Unknown,Bellary Road 2,SadahalliGateJunc(AirportRd),public_event,120.0
Central Zone 2,Mysore Road,Dr TCM RoyanRd near AmbedkarStatue,vehicle_breakdown,120.0
Central Zone 2,Mysore Road,Dr TCM RoyanRd near AmbedkarStatue,accident,120.0
Central Zone 2,Mysore Road,Dr TCM RoyanRd near AmbedkarStatue,pot_holes,1329.8763023666666
Central Zone 2,Mysore Road,Dr TCM RoyanRd near AmbedkarStatue,construction,1329.4673205166666
Central Zone 2,Mysore Road,PoliceCornerJunc,vehicle_breakdown,120.0
North Zone 1,Airport New South Road,HennurRd-DavisRdJunction,construction,120.0
South Zone 2,Non-corridor,Krupanidhi College,pot_holes,120.0
Central Zone 2,Non-corridor,SubedarChatramRd near SheshadripuramPS,construction,120.0
Central Zone 2,Non-corridor,SubedarChatramRd near SheshadripuramPS,construction,120.0
Central Zone 2,Mysore Road,toll gate mysore road,accident,120.0
West Zone 2,Non-corridor,RajajinagarEntranceJunction,public_event,120.0
Central Zone 2,Non-corridor,SubedarChatramRd near SheshadripuramPS,vehicle_breakdown,12.882103016666667
Central Zone 2,Non-corridor,StateBankofMysoreJunc,vehicle_breakdown,76.01247123333333
South Zone 2,Hosur Road,GarebhavipalyaJunc,vehicle_breakdown,120.0
Central Zone 2,Non-corridor,SiddapuraJunction,vehicle_breakdown,120.0
Central Zone 1,Old Airport Road,ISRO Junction-Airport rd,vehicle_breakdown,120.0
South Zone 2,Hosur Road,AyyappaTempleJunc,vehicle_breakdown,120.0
East Zone 2,ORR North 1,HoramavuJunction,others,120.0
Central Zone 2,Mysore Road,K R MarketJunction,vehicle_breakdown,120.0
Unknown,Bellary Road 2,HunsemarammanahalliJunction,vehicle_breakdown,120.0
South Zone 1,Non-corridor,BanashankariBusStandJunc,vehicle_breakdown,120.0
West Zone 1,ORR West 1,PES-DevegowdaCircle,vehicle_breakdown,120.0
Central Zone 2,Non-corridor,ShantalaJunction,others,1440.0
North Zone 1,ORR North 2,KuvempuCircle,vehicle_breakdown,120.0
Central Zone 1,Mysore Road,OldPoliceStation-Ashoknagar,others,140.10122228333333
North Zone 1,ORR North 2,BEL Circle,vehicle_breakdown,114.38313273333333
Central Zone 1,Mysore Road,OldPoliceStation-Ashoknagar,public_event,120.0
North Zone 2,Bellary Road 1,MekhriCircle,vehicle_breakdown,120.0
West Zone 1,Non-corridor,RingRoad-UllalJunction,others,120.0
Central Zone 2,Mysore Road,HudsonCircle,vehicle_breakdown,120.0
South Zone 2,Hosur Road,Bommanahalli,vehicle_breakdown,120.0
Central Zone 2,Mysore Road,HudsonCircle,vehicle_breakdown,120.0
North Zone 1,ORR North 1,"VeerannapalyaJunction(BEL,HO)",vehicle_breakdown,120.0
South Zone 1,Non-corridor,KonanakunteJunction(KanakapurarRd),vehicle_breakdown,120.0
Central Zone 1,Non-corridor,CommandoHospitalJunc,vehicle_breakdown,29.411997316666668
Central Zone 2,Mysore Road,RoyanCircle-Chamrajpete,vehicle_breakdown,11.68523875
South Zone 2,Bannerghata Road,BilekahalliJunc,vehicle_breakdown,25.582617383333336
Central Zone 2,CBD 1,Shivajinagar(BRV)Junction,vehicle_breakdown,11.132504916666667
North Zone 2,Tumkur Road,HesaraghattaJunction,vehicle_breakdown,120.0
Central Zone 1,Old Madras Road,AnjaneyaTempleJunc,vehicle_breakdown,120.0
West Zone 2,Non-corridor,BasavamantapaJunc-Dr RajkumarRd,vehicle_breakdown,16.8068625
West Zone 2,Mysore Road,SatteliteBusStandJunc,vehicle_breakdown,60.08275768333333
North Zone 1,ORR North 2,BEL Circle,vehicle_breakdown,24.984949416666666
North Zone 2,Bellary Road 2,YelhankaCircle,vehicle_breakdown,120.0
Central Zone 2,Non-corridor,Basappa Circle Junction,vehicle_breakdown,60.6943697
East Zone 1,ORR East 1,Deverabeesanahalli-ORR Junc,construction,1440.0
Central Zone 2,Mysore Road,PoliceCornerJunc,vehicle_breakdown,120.0
Central Zone 2,CBD 2,IndianExpressJunction,vehicle_breakdown,120.0
Central Zone 2,Mysore Road,N R SquareJunc,vehicle_breakdown,120.0
East Zone 1,ORR East 1,Deverabeesanahalli-ORR Junc,vehicle_breakdown,120.0
South Zone 2,Non-corridor,29thMainRdBTM LayoutJunc,vehicle_breakdown,120.0
Central Zone 2,Non-corridor,ChandrikaJunction,vehicle_breakdown,23.29224866666667
North Zone 2,Bellary Road 2,SantheCircle,vehicle_breakdown,120.0
West Zone 1,Tumkur Road,GokuldasImagesJunc,vehicle_breakdown,120.0
North Zone 1,ORR North 1,"VeerannapalyaJunction(BEL,HO)",pot_holes,1440.0
West Zone 2,Bellary Road 1,MekhriCircle,vehicle_breakdown,120.0
North Zone 1,ORR North 1,"VeerannapalyaJunction(BEL,HO)",construction,120.0
West Zone 1,Tumkur Road,GoruguntepalyaJunc,vehicle_breakdown,34.993629850000005
West Zone 2,Mysore Road,KIMCO Junction,vehicle_breakdown,10.0
West Zone 1,Tumkur Road,TumkurRdMarappanapalyaJunc,vehicle_breakdown,21.473084716666666
Central Zone 2,Non-corridor,CID-CarltonHouseJunc,vehicle_breakdown,120.0
Central Zone 2,Non-corridor,CID-CarltonHouseJunc,vehicle_breakdown,120.0
Central Zone 2,Non-corridor,KhodaysCircle(DV UrsCircle),others,10.0
South Zone 2,Hosur Road,Bommanahalli,procession,120.0
Central Zone 2,Non-corridor,KhodaysCircle(DV UrsCircle),others,41.99649041666667
Central Zone 1,Old Madras Road,OldMadrasRd-Indranagar100ftRdJunc,accident,26.898228933333332
Central Zone 1,IRR(Thanisandra road),BM ShriJunc(CMH-100FtRd)Junc,tree_fall,120.0
Central Zone 2,Old Madras Road,ManipalCentreJunc,vehicle_breakdown,120.0
North Zone 2,Non-corridor,SandeepUnnikrishnan-Yelhanka,vehicle_breakdown,120.0
Central Zone 1,Old Madras Road,Arts&CraftsCircle,vehicle_breakdown,120.0
Central Zone 2,Old Madras Road,ManipalCentreJunc,vehicle_breakdown,38.2213697
Unknown,Non-corridor,ElectronicCityGate-2Junc,vehicle_breakdown,69.4879925
North Zone 1,ORR North 1,Nagavara-ORR Junction,vehicle_breakdown,120.0
West Zone 1,Tumkur Road,GoruguntepalyaJunc,vehicle_breakdown,15.214015783333334
Central Zone 2,Non-corridor,Shivashankara circle,vehicle_breakdown,120.0
West Zone 2,Tumkur Road,YeshwanthpuraCircle,vehicle_breakdown,18.1767132
Central Zone 2,Non-corridor,SubbannaJunction,construction,120.0
North Zone 1,ORR North 1,HoramavuJunction,vehicle_breakdown,10.0
West Zone 2,ORR West 1,KatriguppeJunction,vehicle_breakdown,120.0
Central Zone 2,Mysore Road,TownhallJunction,vehicle_breakdown,11.709120233333334
West Zone 2,ORR West 1,ItmaduJunction,vehicle_breakdown,120.0
Central Zone 1,Hosur Road,CMP GateJunc,others,84.10136785
North Zone 1,ORR North 1,"VeerannapalyaJunction(BEL,HO)",vehicle_breakdown,120.0
Central Zone 2,Non-corridor,KhodaysCircle(DV UrsCircle),vehicle_breakdown,120.0
North Zone 1,ORR North 1,"VeerannapalyaJunction(BEL,HO)",vehicle_breakdown,120.0
North Zone 1,Non-corridor,PotteryCircle,vehicle_breakdown,120.0
Central Zone 2,Mysore Road,BangaloreBodyBuildersJunc,vehicle_breakdown,21.95295851666667
North Zone 1,Bellary Road 1,HebbalFlyoverJunc,vehicle_breakdown,120.0
South Zone 2,IRR(Thanisandra road),SonyworldJunction,vehicle_breakdown,120.0
West Zone 1,Non-corridor,NTTF JunctionPeenya,vehicle_breakdown,81.31714885
West Zone 2,Magadi Road,JaiMuniRaoCircle,vehicle_breakdown,100.30911363333333
North Zone 1,Bellary Road 2,YelhankaBypass,accident,61.15111423333334
Central Zone 2,Magadi Road,LeprosyhospitalJunc,vehicle_breakdown,120.0
Central Zone 2,Mysore Road,Dr TCM RoyanRd near AmbedkarStatue,vehicle_breakdown,120.0
Unknown,Non-corridor,VeerasandraGateJunction,vehicle_breakdown,111.66607546666667
Central Zone 2,Non-corridor,KhodaysCircle(DV UrsCircle),vehicle_breakdown,120.0
West Zone 2,West of Chord Road,KIMCO Junction,vehicle_breakdown,120.0
South Zone 2,Hosur Road,SilkBoardJunc,vehicle_breakdown,120.0
Unknown,Non-corridor,DevangaHostelJunction,pot_holes,120.0
Central Zone 2,Mysore Road,TownhallJunction,vehicle_breakdown,14.00731165
Central Zone 2,Non-corridor,SubbannaJunction,pot_holes,120.0
West Zone 1,Tumkur Road,JalahalliCross(SM Circle),vehicle_breakdown,43.5193229
West Zone 2,Magadi Road,Sumanhalli,vehicle_breakdown,21.31967213333333
West Zone 2,Non-corridor,ShankarMuttCircle,vehicle_breakdown,50.19797263333333
Central Zone 1,Mysore Road,MotherTeressaCircle,vehicle_breakdown,64.40976768333333
Central Zone 2,Mysore Road,N R SquareJunc,vehicle_breakdown,10.0
Central Zone 2,Non-corridor,StateBankofMysoreJunc,vehicle_breakdown,35.74058483333333
Central Zone 2,Non-corridor,StateBankofMysoreJunc,others,120.0
South Zone 2,Non-corridor,BTM16thMain-ORR Junc,vehicle_breakdown,14.684621466666666
North Zone 2,Bellary Road 2,SantheCircle,vehicle_breakdown,47.56957551666667
West Zone 1,Magadi Road,Srigandakaval,vehicle_breakdown,71.71492216666667
West Zone 1,Tumkur Road,PeenyaPoliceStation,vehicle_breakdown,120.0
West Zone 1,Tumkur Road,PeenyaPoliceStation,vehicle_breakdown,120.0
Unknown,Non-corridor,VeerasandraGateJunction,vehicle_breakdown,120.0
West Zone 2,Mysore Road,KIMCO Junction,vehicle_breakdown,120.0
West Zone 1,Magadi Road,Srigandakaval,vehicle_breakdown,120.0
Central Zone 2,Non-corridor,KrishnaFlourMill,vehicle_breakdown,120.0
Unknown,Non-corridor,VeerasandraGateJunction,vehicle_breakdown,92.93065159999999
North Zone 2,Tumkur Road,HesaraghattaJunction,vehicle_breakdown,120.0
North Zone 2,Tumkur Road,HesaraghattaJunction,vehicle_breakdown,120.0
South Zone 2,Bannerghata Road,DairyCircle,others,120.0
West Zone 2,Non-corridor,BanashankariBusStandJunc,vehicle_breakdown,120.0
South Zone 2,Non-corridor,17th Mn 1st Crs Aishwarya Stores Jn,vehicle_breakdown,55.782216733333335
North Zone 1,Airport New South Road,HennurRd-DavisRdJunction,construction,120.0
Central Zone 1,Hosur Road,CMP GateJunc,pot_holes,1440.0
West Zone 2,ORR West 1,KatriguppeJunction,vehicle_breakdown,120.0
South Zone 2,IRR(Thanisandra road),BDA Junctio-Koramangala,others,120.0
North Zone 2,Bellary Road 2,YelhankaBypass,vehicle_breakdown,97.11143675
West Zone 2,Non-corridor,SadashivnagarJunc,vehicle_breakdown,17.571417983333333
West Zone 2,Non-corridor,BanashankariBusStandJunc,others,1440.0
West Zone 1,Magadi Road,Sumanhalli,vehicle_breakdown,43.204929783333334
North Zone 2,Bellary Road 1,HebbalFlyoverJunc,vehicle_breakdown,120.0
Central Zone 2,Mysore Road,toll gate mysore road,vehicle_breakdown,120.0
Central Zone 2,Non-corridor,SubbannaJunction,road_conditions,1440.0
Central Zone 2,Mysore Road,K R MarketJunction,vehicle_breakdown,22.565027816666667
South Zone 2,Non-corridor,WiproJunc-Koramangala,tree_fall,215.32322236666667
Central Zone 2,Mysore Road,SirsiCircle,vehicle_breakdown,32.815805516666664
West Zone 2,ORR West 1,MysoreRd-RingRdJunc(Nayandanahallii),vehicle_breakdown,120.0
Central Zone 1,Mysore Road,Ashoknagar Junction(ShoolayCircle),vehicle_breakdown,123.62687971666666
Central Zone 2,Non-corridor,KrishnaFlourMill,vehicle_breakdown,120.0
Central Zone 1,Old Madras Road,BigBazaarJunction(OldMadrasRd),vehicle_breakdown,120.0
Central Zone 1,Old Madras Road,BigBazaarJunction(OldMadrasRd),vehicle_breakdown,120.0
Central Zone 1,Old Madras Road,BigBazaarJunction(OldMadrasRd),vehicle_breakdown,120.0
Central Zone 1,Old Madras Road,BigBazaarJunction(OldMadrasRd),vehicle_breakdown,120.0
Central Zone 2,Mysore Road,UlsoorGateJunc,construction,120.0
Central Zone 2,Non-corridor,BinnyMillJunction,vehicle_breakdown,46.66483641666667
Central Zone 2,Non-corridor,SiddapuraJunction,vehicle_breakdown,120.0
Central Zone 2,Mysore Road,HudsonCircle,vehicle_breakdown,120.0
North Zone 2,Bellary Road 1,HebbalFlyoverJunc,vehicle_breakdown,120.0
West Zone 2,Non-corridor,SadashivnagarJunc,vehicle_breakdown,64.02628708333333
North Zone 1,ORR North 1,HennurRoad-ORR Junc,vehicle_breakdown,120.0
North Zone 2,ORR North 2,BhadrappaLayout,accident,52.345084899999996
Central Zone 1,Non-corridor,D'SouzaCircle,construction,120.0
West Zone 2,Mysore Road,KIMCO Junction,others,210.75325715
West Zone 2,Mysore Road,SatteliteBusStandJunc,vehicle_breakdown,120.0
South Zone 2,ORR East 1,SilkBoardJunc,vehicle_breakdown,120.0
East Zone 1,ORR East 1,"Bellandur Junction, Outer ring road",vehicle_breakdown,120.0
North Zone 1,Bellary Road 2,YelhankaBypass,vehicle_breakdown,120.0
South Zone 2,ORR East 1,SilkBoardJunc,vehicle_breakdown,120.0
Central Zone 1,Hosur Road,CMP GateJunc,vehicle_breakdown,103.09514586666666
West Zone 1,Non-corridor,FTI Junction(KanteeravaStudio),vehicle_breakdown,155.09577226666667
West Zone 1,Tumkur Road,TumkurRdMarappanapalyaJunc,vehicle_breakdown,104.27178085
West Zone 1,Non-corridor,FTI Junction(KanteeravaStudio),vehicle_breakdown,104.50401355000001
West Zone 1,Non-corridor,Nagarbhavi,others,569.8624514500001
South Zone 2,Bannerghata Road,ArakereGateJunc,others,120.0
West Zone 2,Tumkur Road,YeshwanthpuraCircle,vehicle_breakdown,29.06766845
Central Zone 2,Non-corridor,PurnimaTheaterJunc,public_event,120.0
Central Zone 2,Mysore Road,PoliceCornerJunc,protest,120.0
Central Zone 1,Mysore Road,Richmond circle jn,vehicle_breakdown,120.0
Central Zone 1,Old Madras Road,Shivajinagar(BRV)Junction,vehicle_breakdown,120.0
West Zone 1,West of Chord Road,MahalaxmiLayoutEntranceJunc,others,1440.0
Central Zone 1,Non-corridor,BMTCJunction-K H Road,vehicle_breakdown,120.0
Central Zone 2,Non-corridor,SagarTheatreJunc,vehicle_breakdown,120.0
Central Zone 1,Non-corridor,BloodBankCircle,accident,120.0
Central Zone 2,Mysore Road,DevangaHostelJunction,vehicle_breakdown,120.0
East Zone 1,ORR East 1,"Bellandur Junction, Outer ring road",construction,120.0
Central Zone 2,Non-corridor,SubedarChatramRd near SheshadripuramPS,vehicle_breakdown,48.95618971666667
Central Zone 2,Mysore Road,BloodBankCircle,vehicle_breakdown,51.759602683333334
East Zone 1,Non-corridor,HoodiJunction,road_conditions,1440.0
East Zone 1,ORR East 1,Kadubeesanahalli-ORR Junc,vehicle_breakdown,78.02181971666667
Central Zone 1,Old Madras Road,BigBazaarJunction(OldMadrasRd),vehicle_breakdown,120.0
Central Zone 1,Old Madras Road,BigBazaarJunction(OldMadrasRd),vehicle_breakdown,120.0
Central Zone 2,Mysore Road,SirsiCircle,others,59.64277355
East Zone 2,Non-corridor,Devasandra(k r puram),vehicle_breakdown,37.0500163
North Zone 1,Hennur Main Road,"Narayanapura cross, Hegde nagar",vehicle_breakdown,120.0
West Zone 2,Mysore Road,KIMCO Junction,vehicle_breakdown,120.0
North Zone 1,Non-corridor,GangammagudiJunc,vehicle_breakdown,31.144372966666666
South Zone 2,Non-corridor,29thMainRdBTM LayoutJunc,pot_holes,1440.0
North Zone 2,Bellary Road 1,MekhriCircle,others,120.0
Central Zone 2,Bellary Road 1,BasaweshwaraCircle,accident,107.76804146666667
Central Zone 1,Mysore Road,Ashoknagar Junction(ShoolayCircle),vehicle_breakdown,120.0
West Zone 2,ORR West 1,MysoreRd-RingRdJunc(Nayandanahallii),vehicle_breakdown,76.18386368333333
Central Zone 2,Non-corridor,WilsonGarden10thCrossJunc,vehicle_breakdown,12.559661516666667
Central Zone 2,Bellary Road 1,BasaweshwaraCircle,vehicle_breakdown,120.0
North Zone 1,ORR North 1,HebbalFlyoverJunc,construction,88.67244375
West Zone 1,Mysore Road,UniversityJunc(Janabharti),vehicle_breakdown,120.0
Unknown,Non-corridor,DevanahalliCrossJunc,vehicle_breakdown,120.0
South Zone 1,Non-corridor,Arbindo Circle,vehicle_breakdown,120.0
South Zone 1,Non-corridor,MarenahalliRd-18thMainRdJunc,procession,120.0
West Zone 1,Non-corridor,FTI Junction(KanteeravaStudio),vehicle_breakdown,120.0
South Zone 2,Bannerghata Road,ArakereGateJunc,pot_holes,1440.0
South Zone 2,Non-corridor,29thMainRdBTM LayoutJunc,pot_holes,1440.0
South Zone 2,Bannerghata Road,HulimaveRd-BanneraghattaRdJunc,pot_holes,120.0
West Zone 2,West of Chord Road,DhobiGhatJunc,vehicle_breakdown,120.0
South Zone 2,Hosur Road,Bommanahalli,pot_holes,1440.0
South Zone 2,Hosur Road,Bommanahalli,pot_holes,1440.0
South Zone 2,Bannerghata Road,HulimaveRd-BanneraghattaRdJunc,pot_holes,120.0
South Zone 2,Hosur Road,Bommanahalli,pot_holes,120.0
South Zone 2,Hosur Road,Bommanahalli,pot_holes,120.0
South Zone 2,Hosur Road,Bommanahalli,pot_holes,120.0
South Zone 2,Hosur Road,Bommanahalli,pot_holes,120.0
South Zone 1,Non-corridor,UttarahalliJunction,pot_holes,1440.0
South Zone 1,Non-corridor,UttarahalliJunction,pot_holes,1440.0
South Zone 1,Non-corridor,UttarahalliJunction,road_conditions,1440.0
South Zone 1,Non-corridor,UttarahalliJunction,pot_holes,1440.0
South Zone 2,Bannerghata Road,MeenakshiMallJunc,pot_holes,1440.0
South Zone 1,Non-corridor,UttarahalliJunction,pot_holes,1440.0
Central Zone 2,CBD 2,IndianExpressJunction,vehicle_breakdown,76.97170356666668
South Zone 2,IRR(Thanisandra road),KoramangalaWaterTankJunc,pot_holes,120.0
South Zone 2,IRR(Thanisandra road),KoramangalaWaterTankJunc,pot_holes,120.0
South Zone 2,IRR(Thanisandra road),KoramangalaWaterTankJunc,pot_holes,120.0
South Zone 2,IRR(Thanisandra road),KoramangalaWaterTankJunc,pot_holes,120.0
South Zone 2,IRR(Thanisandra road),KoramangalaWaterTankJunc,pot_holes,120.0
South Zone 2,IRR(Thanisandra road),KoramangalaWaterTankJunc,pot_holes,120.0
South Zone 2,IRR(Thanisandra road),KoramangalaWaterTankJunc,pot_holes,120.0
South Zone 2,IRR(Thanisandra road),KoramangalaWaterTankJunc,pot_holes,120.0
North Zone 2,Non-corridor,SandeepUnnikrishnan-Yelhanka,vehicle_breakdown,120.0
North Zone 2,Bellary Road 2,BagalurCrossJunc,construction,1378.1403613
South Zone 2,Hosur Road,AyyappaTempleJunc,pot_holes,1440.0
South Zone 2,Hosur Road,AyyappaTempleJunc,pot_holes,1440.0
South Zone 2,Hosur Road,SarjapurRd-St JohnsRdJunc,pot_holes,1440.0
Central Zone 2,Mysore Road,HudsonCircle,vehicle_breakdown,14.241182866666666
South Zone 2,IRR(Thanisandra road),BDA Junctio-Koramangala,pot_holes,120.0
South Zone 2,IRR(Thanisandra road),BDA Junctio-Koramangala,pot_holes,120.0
South Zone 2,IRR(Thanisandra road),BDA Junctio-Koramangala,pot_holes,120.0
South Zone 2,IRR(Thanisandra road),BDA Junctio-Koramangala,pot_holes,120.0
West Zone 1,Tumkur Road,SRS Peenya Junc,vehicle_breakdown,120.0
South Zone 2,Hosur Road,SarjapurRd-St JohnsRdJunc,pot_holes,120.0
South Zone 2,Hosur Road,SarjapurRd-St JohnsRdJunc,pot_holes,120.0
South Zone 2,Hosur Road,AyyappaTempleJunc,pot_holes,120.0
South Zone 2,Hosur Road,AyyappaTempleJunc,pot_holes,120.0
South Zone 2,Hosur Road,AyyappaTempleJunc,pot_holes,120.0
South Zone 2,Hosur Road,AyyappaTempleJunc,pot_holes,120.0
South Zone 2,Hosur Road,AyyappaTempleJunc,pot_holes,120.0
South Zone 2,Hosur Road,AyyappaTempleJunc,pot_holes,120.0
South Zone 2,ORR East 1,SilkBoardJunc,pot_holes,120.0
South Zone 2,ORR East 1,SilkBoardJunc,pot_holes,120.0
South Zone 2,Hosur Road,SarjapurRd-St JohnsRdJunc,pot_holes,120.0
South Zone 2,Hosur Road,SarjapurRd-St JohnsRdJunc,pot_holes,120.0
Central Zone 2,Non-corridor,PurnimaTheaterJunc,vehicle_breakdown,120.0
South Zone 2,Hosur Road,SarjapurRd-St JohnsRdJunc,pot_holes,120.0
South Zone 2,Hosur Road,SarjapurRd-St JohnsRdJunc,pot_holes,120.0
South Zone 2,ORR East 1,SilkBoardJunc,pot_holes,1440.0
North Zone 2,Bellary Road 2,SantheCircle,construction,1440.0
North Zone 1,Airport New South Road,HennurRd-DavisRdJunction,construction,120.0
North Zone 2,Bellary Road 2,YelhankaCircle,construction,1440.0
Central Zone 2,CBD 2,PoliceTimmaiahCircle(GPO),vehicle_breakdown,169.54879098333333
South Zone 2,Hosur Road,AyyappaTempleJunc,pot_holes,120.0
South Zone 2,Hosur Road,AyyappaTempleJunc,pot_holes,120.0
South Zone 2,Non-corridor,AyyappaTempleJunc,pot_holes,120.0
South Zone 2,Hosur Road,AyyappaTempleJunc,pot_holes,120.0
South Zone 2,Hosur Road,AyyappaTempleJunc,pot_holes,120.0
South Zone 2,Hosur Road,AyyappaTempleJunc,pot_holes,120.0
South Zone 2,Hosur Road,AyyappaTempleJunc,pot_holes,120.0
South Zone 2,Hosur Road,AyyappaTempleJunc,pot_holes,120.0
South Zone 2,Hosur Road,AyyappaTempleJunc,pot_holes,120.0
South Zone 2,Hosur Road,AyyappaTempleJunc,pot_holes,120.0
South Zone 2,Hosur Road,AyyappaTempleJunc,pot_holes,120.0
South Zone 2,Hosur Road,AyyappaTempleJunc,pot_holes,120.0
South Zone 2,Hosur Road,AyyappaTempleJunc,pot_holes,120.0
South Zone 2,Hosur Road,AyyappaTempleJunc,pot_holes,120.0
South Zone 2,Hosur Road,AyyappaTempleJunc,pot_holes,120.0
South Zone 2,Hosur Road,AyyappaTempleJunc,pot_holes,120.0
South Zone 2,Hosur Road,AyyappaTempleJunc,pot_holes,120.0
South Zone 2,Hosur Road,AyyappaTempleJunc,pot_holes,120.0
South Zone 2,Hosur Road,AyyappaTempleJunc,pot_holes,120.0
South Zone 2,Hosur Road,AyyappaTempleJunc,pot_holes,120.0
South Zone 2,Hosur Road,AyyappaTempleJunc,pot_holes,120.0
West Zone 2,West of Chord Road,CholurpalyaJunction(MagadiRd),vehicle_breakdown,11.163700416666668
South Zone 2,IRR(Thanisandra road),AyyappaTempleJunc,pot_holes,120.0
South Zone 2,IRR(Thanisandra road),KoramangalaWaterTankJunc,pot_holes,120.0
South Zone 2,IRR(Thanisandra road),KoramangalaWaterTankJunc,pot_holes,120.0
South Zone 2,Non-corridor,ArakereGateJunc,others,95.37588738333334
South Zone 2,IRR(Thanisandra road),KoramangalaWaterTankJunc,pot_holes,120.0
South Zone 2,IRR(Thanisandra road),AyyappaTempleJunc,pot_holes,120.0
South Zone 2,Hosur Road,AyyappaTempleJunc,pot_holes,120.0
South Zone 2,Hosur Road,AyyappaTempleJunc,pot_holes,120.0
South Zone 2,Hosur Road,AyyappaTempleJunc,pot_holes,120.0
South Zone 2,Hosur Road,AyyappaTempleJunc,pot_holes,120.0
South Zone 2,Hosur Road,AyyappaTempleJunc,vehicle_breakdown,120.0
Central Zone 2,Non-corridor,KrishnaFlourMill,vehicle_breakdown,12.038919366666667
West Zone 1,Mysore Road,RajeshwariJunc,vehicle_breakdown,120.0
South Zone 1,Bannerghata Road,MeenakshiMallJunc,vehicle_breakdown,120.0
East Zone 1,Non-corridor,HopefarmJunction,vehicle_breakdown,120.0
West Zone 2,Bellary Road 1,MekhriCircle,vehicle_breakdown,74.98126361666667
North Zone 1,Bellary Road 1,HebbalFlyoverJunc,construction,1440.0
West Zone 1,Tumkur Road,GoruguntepalyaJunc,accident,40.03595935
Central Zone 2,Non-corridor,SiddapuraJunction,vehicle_breakdown,120.0
Central Zone 2,Non-corridor,EliteJunc,vehicle_breakdown,120.0
West Zone 2,Mysore Road,SatteliteBusStandJunc,vehicle_breakdown,120.0
South Zone 2,Bannerghata Road,ArakereGateJunc,vehicle_breakdown,120.0
Central Zone 1,Old Madras Road,AnilKumbleCircle,vehicle_breakdown,120.0
North Zone 2,Bellary Road 2,BagalurCrossJunc,others,10.0
West Zone 2,West of Chord Road,NavarangTheatreJunction,vehicle_breakdown,120.0
West Zone 1,West of Chord Road,NavarangTheatreJunction,vehicle_breakdown,120.0
West Zone 1,West of Chord Road,NavarangTheatreJunction,vehicle_breakdown,120.0
West Zone 2,Tumkur Road,MS RamaiahJunc(TollGate),pot_holes,1440.0
North Zone 2,Tumkur Road,JalahalliCross(SM Circle),accident,120.0
Central Zone 1,Non-corridor,BucheryJunction,road_conditions,1440.0
Central Zone 2,Non-corridor,KarnatakaBhavanJunction,vehicle_breakdown,10.0
North Zone 2,ORR North 2,BEL Circle,others,1440.0
East Zone 1,Varthur Road,KundanahalliGateJunc,vehicle_breakdown,17.611252466666667
West Zone 1,Tumkur Road,SRS Peenya Junc,vehicle_breakdown,10.0
South Zone 2,ORR East 1,SilkBoardJunc,vehicle_breakdown,120.0
West Zone 1,Non-corridor,RingRoad-UllalJunction,vehicle_breakdown,120.0
West Zone 2,Non-corridor,KCG HospitalJunction,others,1440.0
North Zone 1,Airport New South Road,HennurRoad-ORR Junc,vehicle_breakdown,54.710606883333334
West Zone 1,Tumkur Road,SRS Peenya Junc,vehicle_breakdown,120.0
West Zone 1,Tumkur Road,SRS Peenya Junc,vehicle_breakdown,120.0
North Zone 2,Bellary Road 2,BagalurCrossJunc,vehicle_breakdown,10.504899233333333
North Zone 2,Bellary Road 2,BagalurCrossJunc,others,1440.0
North Zone 1,Bellary Road 2,YelhankaBypass,vehicle_breakdown,33.33801285
West Zone 2,Tumkur Road,MS RamaiahJunc(TollGate),vehicle_breakdown,45.304458950000004
West Zone 2,Mysore Road,SatteliteBusStandJunc,vehicle_breakdown,27.371803333333332
Central Zone 2,Non-corridor,DickensonRd-AdigasJunc,others,120.0
Central Zone 1,Mysore Road,AshirwadamCircle,vehicle_breakdown,120.0
Central Zone 1,Non-corridor,ASC Junction,vehicle_breakdown,126.51745251666667
Central Zone 2,Mysore Road,TownhallJunction,vehicle_breakdown,120.0
North Zone 2,Bellary Road 1,MekhriCircle,vehicle_breakdown,120.0
Central Zone 2,Mysore Road,PoliceCornerJunc,vehicle_breakdown,10.0
North Zone 2,Bellary Road 2,SantheCircle,vehicle_breakdown,10.0
North Zone 2,Bellary Road 2,SantheCircle,vehicle_breakdown,57.20298101666666
Central Zone 2,Magadi Road,LeprosyhospitalJunc,vehicle_breakdown,23.494592333333333
Central Zone 1,Old Madras Road,OldMadrasRd-NGEF Junc,vehicle_breakdown,120.0
Central Zone 2,Non-corridor,K R Circle,vehicle_breakdown,120.0
South Zone 2,Hosur Road,Kudlu Gate Junc,vehicle_breakdown,120.0
West Zone 1,West of Chord Road,Dr RajkumarRd-10thCrossRdJunc,vehicle_breakdown,120.0
Central Zone 2,Mysore Road,UlsoorGateJunc,vehicle_breakdown,120.0
Central Zone 2,CBD 2,PoliceTimmaiahCircle(GPO),vehicle_breakdown,24.567187016666665
Central Zone 2,Non-corridor,SagarTheatreJunc,vehicle_breakdown,27.483989266666665
Central Zone 2,Non-corridor,KrishnaFlourMill,vehicle_breakdown,120.0
West Zone 1,Tumkur Road,PeenyaPoliceStation,vehicle_breakdown,120.0
North Zone 2,Bellary Road 2,YelhankaCircle,vehicle_breakdown,50.716228816666664
South Zone 2,Non-corridor,BucheryJunction,others,120.0
West Zone 1,Magadi Road,Sumanhalli,vehicle_breakdown,120.0
South Zone 2,Hosur Road,Marigowda-TavarkereRdJunc,vehicle_breakdown,64.53818363333333
Central Zone 2,Non-corridor,Shivajinagar(BRV)Junction,vehicle_breakdown,120.0
Central Zone 2,Non-corridor,AnandRaoJunction,vehicle_breakdown,120.0
West Zone 1,Mysore Road,MysoreRd--MadhuPetrolBunkJunction,vehicle_breakdown,120.0
West Zone 1,Tumkur Road,GokuldasImagesJunc,vehicle_breakdown,120.0
West Zone 2,Mysore Road,SatteliteBusStandJunc,vehicle_breakdown,44.14427928333334
Central Zone 2,Non-corridor,CID-CarltonHouseJunc,vehicle_breakdown,120.0
East Zone 1,Non-corridor,Kadubeesanahalli-ORR Junc,vehicle_breakdown,120.0
South Zone 2,Hosur Road,Kudlu Gate Junc,others,120.0
North Zone 2,Bellary Road 2,BagalurCrossJunc,vehicle_breakdown,120.0
North Zone 1,Non-corridor,PotteryCircle,vehicle_breakdown,72.3468573
West Zone 2,Tumkur Road,MS RamaiahJunc(TollGate),construction,120.0
West Zone 2,Mysore Road,KIMCO Junction,vehicle_breakdown,146.97563921666668
Central Zone 1,Old Madras Road,QueensStatueCircle,vehicle_breakdown,120.0
South Zone 1,ORR West 1,JP Nagar 15th cross junction,pot_holes,120.0
North Zone 1,Bellary Road 1,KodigehalliCross,vehicle_breakdown,120.0
South Zone 1,Non-corridor,28thMainJayanagarJunc,pot_holes,120.0
South Zone 2,Hosur Road,Bommanahalli,vehicle_breakdown,120.0
Central Zone 2,Bannerghata Road,SagarHospitalJunc,vehicle_breakdown,120.0
Central Zone 1,Non-corridor,BucheryJunction,pot_holes,120.0
Central Zone 2,Bannerghata Road,SagarHospitalJunc,vehicle_breakdown,120.0
Central Zone 2,Bannerghata Road,SagarHospitalJunc,vehicle_breakdown,120.0
West Zone 1,Tumkur Road,JalahalliCross(SM Circle),vehicle_breakdown,120.0
South Zone 2,Bannerghata Road,ArakereGateJunc,others,120.0
Central Zone 2,Non-corridor,WilsonGarden10thCrossJunc,vehicle_breakdown,120.0
North Zone 2,Tumkur Road,JalahalliCross(SM Circle),vehicle_breakdown,120.0
Central Zone 2,Non-corridor,KrishnaFlourMill,vehicle_breakdown,10.0
West Zone 2,West of Chord Road,VijayanagarBusStandJunction,public_event,120.0
West Zone 2,West of Chord Road,VijayanagarBusStandJunction,public_event,120.0
North Zone 1,Bellary Road 2,YelhankaBypass,accident,120.0
East Zone 2,ORR North 1,RamamurthyNagarJunction,vehicle_breakdown,27.495784800000003
Central Zone 2,Non-corridor,SubbannaJunction,construction,120.0
Central Zone 1,Hosur Road,CMP GateJunc,vehicle_breakdown,120.0
North Zone 1,Bellary Road 2,JakkurCrossJunction,vehicle_breakdown,120.0
North Zone 1,Hennur Main Road,"Narayanapura cross, Hegde nagar",accident,120.0
South Zone 2,Bannerghata Road,JayadevaHospitalJunc,vehicle_breakdown,131.96330435
Central Zone 2,Non-corridor,ChaudrayaCircle/UdayaTVCircle(CantonmentJunc),vehicle_breakdown,37.32267656666667
Central Zone 2,Non-corridor,KrishnaFlourMill,vehicle_breakdown,15.536178283333333
Unknown,Non-corridor,NandiCross(RaniCross),vehicle_breakdown,120.0
West Zone 2,Non-corridor,BhashyamCircle-SadashivNagar,vehicle_breakdown,120.0
Central Zone 1,Hosur Road,AnepalyaJunc,vehicle_breakdown,86.54174110000001
West Zone 2,Non-corridor,BhashyamCircle,vehicle_breakdown,45.578564199999995
South Zone 2,ORR East 1,5thMainHSR,construction,120.0
Central Zone 1,Old Airport Road,DomlurWaterTank,vehicle_breakdown,120.0
West Zone 1,Magadi Road,Srigandakaval,others,1440.0
Central Zone 1,Non-corridor,LowerAgaram(IndiaGarage)Junc,others,20.938994716666667
East Zone 1,Varthur Road,MaratahalliBridgeJunc,vehicle_breakdown,128.22549738333333
South Zone 2,Bannerghata Road,ArakereGateJunc,vehicle_breakdown,120.0
Central Zone 2,Mysore Road,TownhallJunction,vehicle_breakdown,120.0
Central Zone 1,Old Madras Road,OldMadrasRd-80FeetRdJunc,vehicle_breakdown,120.0
East Zone 2,Non-corridor,Devasandra(k r puram),vehicle_breakdown,120.0
West Zone 2,Bellary Road 1,MekhriCircle,vehicle_breakdown,120.0
Central Zone 2,Mysore Road,BangaloreBodyBuildersJunc,vehicle_breakdown,120.0
West Zone 1,Mysore Road,RajeshwariJunc,vehicle_breakdown,120.0
North Zone 2,Bellary Road 2,BagalurCrossJunc,vehicle_breakdown,120.0
South Zone 2,ORR East 1,SilkBoardJunc,vehicle_breakdown,120.0
Central Zone 2,Non-corridor,KhodaysCircle(DV UrsCircle),vehicle_breakdown,120.0
Central Zone 2,Mysore Road,BangaloreBodyBuildersJunc,vehicle_breakdown,120.0
Central Zone 2,Non-corridor,KhodaysCircle(DV UrsCircle),vehicle_breakdown,120.0
Central Zone 1,Old Madras Road,BigBazaarJunction(OldMadrasRd),others,120.0
North Zone 1,ORR North 1,Nagavara-ORR Junction,vehicle_breakdown,120.0
West Zone 1,Tumkur Road,SRS Peenya Junc,vehicle_breakdown,10.0
West Zone 2,West of Chord Road,PuttammaChoultryNagarbhavi,vehicle_breakdown,120.0
West Zone 1,Tumkur Road,PeenyaPoliceStation,vehicle_breakdown,120.0
East Zone 1,ORR East 1,IbblurJunction',accident,120.0
Central Zone 2,CBD 2,PoliceTimmaiahCircle(GPO),others,91.00916453333333
West Zone 1,Mysore Road,RajeshwariJunc,vehicle_breakdown,120.0
Central Zone 2,Non-corridor,BMTCJunction-K H Road,vehicle_breakdown,104.66418203333333
North Zone 2,Non-corridor,YelhankaCircle,vehicle_breakdown,120.0
Central Zone 2,Non-corridor,KhodaysCircle(DV UrsCircle),pot_holes,120.0
Central Zone 2,Old Madras Road,Shivajinagar(BRV)Junction,vehicle_breakdown,120.0
Central Zone 1,Old Madras Road,OldMadrasRd-BMTC DepotJunc,vehicle_breakdown,19.606597833333336
West Zone 2,Non-corridor,SadashivnagarJunc,vehicle_breakdown,120.0
West Zone 2,Non-corridor,SadashivnagarJunc,vehicle_breakdown,120.0
North Zone 1,ORR North 1,Nagavara-ORR Junction,vehicle_breakdown,120.0
North Zone 1,ORR North 1,Nagavara-ORR Junction,vehicle_breakdown,120.0
Central Zone 2,Mysore Road,TownhallJunction,vehicle_breakdown,120.0
Central Zone 1,Hosur Road,CMP GateJunc,vehicle_breakdown,120.0
Central Zone 2,Mysore Road,ShivajiTalkiesJunc,vehicle_breakdown,120.0
North Zone 1,ORR North 2,BEL Circle,vehicle_breakdown,120.0
North Zone 2,Tumkur Road,JalahalliCross(SM Circle),vehicle_breakdown,120.0
South Zone 1,ORR West 1,KanakapuraRd-RingRdJunction,vehicle_breakdown,120.0
North Zone 2,Bellary Road 2,KogilluCrossJunc,accident,120.0
East Zone 1,ORR East 1,Kadubeesanahalli-ORR Junc,water_logging,1440.0
North Zone 1,Non-corridor,ColesParkJunc,others,120.0
Central Zone 2,Non-corridor,ChaudrayaCircle/UdayaTVCircle(CantonmentJunc),vehicle_breakdown,120.0
Central Zone 1,Old Madras Road,AnjaneyaTempleJunc,vehicle_breakdown,120.0
Central Zone 2,Non-corridor,PlatformRdJunction,vehicle_breakdown,120.0
Central Zone 2,Non-corridor,PlatformRdJunction,vehicle_breakdown,120.0
Central Zone 2,Non-corridor,PlatformRdJunction,vehicle_breakdown,120.0
West Zone 1,ORR West 1,MysoreRd-RingRdJunc(Nayandanahallii),others,1440.0
Central Zone 2,Bellary Road 1,BasaweshwaraCircle,vehicle_breakdown,30.959790183333332
East Zone 1,ORR East 1,Deverabeesanahalli-ORR Junc,vehicle_breakdown,14.823477983333333
Central Zone 2,Non-corridor,AnandRaoJunction,vehicle_breakdown,44.150084916666664
Central Zone 2,Non-corridor,PoliceCornerJunc,vehicle_breakdown,27.336794750000003
Central Zone 2,Non-corridor,PurnimaTheaterJunc,vehicle_breakdown,120.0
South Zone 2,ORR East 1,SilkBoardJunc,others,120.0
Central Zone 2,Mysore Road,Richmond circle jn,vehicle_breakdown,120.0
Central Zone 2,Non-corridor,PoliceCornerJunc,vehicle_breakdown,120.0
Central Zone 2,Mysore Road,PoliceCornerJunc,vehicle_breakdown,47.80724921666667
Central Zone 2,Mysore Road,PoliceCornerJunc,vehicle_breakdown,10.0
South Zone 2,IRR(Thanisandra road),SonyworldJunction,vehicle_breakdown,120.0
West Zone 1,Tumkur Road,PeenyaPoliceStation,accident,46.73368636666667
Central Zone 2,Mysore Road,toll gate mysore road,vehicle_breakdown,120.0
Central Zone 2,Mysore Road,toll gate mysore road,vehicle_breakdown,120.0
Central Zone 2,Mysore Road,toll gate mysore road,vehicle_breakdown,120.0
Central Zone 2,Mysore Road,toll gate mysore road,vehicle_breakdown,120.0
Central Zone 1,Non-corridor,DomlurWaterTank,vehicle_breakdown,120.0
Central Zone 2,Non-corridor,LalbaghWestGate,vehicle_breakdown,120.0
Central Zone 2,Mysore Road,K R MarketJunction,vehicle_breakdown,71.89760106666667
Central Zone 1,Mysore Road,AshirwadamCircle,others,1440.0
West Zone 1,Tumkur Road,GoruguntepalyaJunc,vehicle_breakdown,173.42698381666665
East Zone 2,Airport New South Road,HennurRoad-ORR Junc,vehicle_breakdown,120.0
South Zone 2,Non-corridor,HSR14thMainJunc,vehicle_breakdown,120.0
West Zone 2,Tumkur Road,YeshwanthpuraCircle,vehicle_breakdown,38.45392828333333
West Zone 1,Mysore Road,MysoreRd--MadhuPetrolBunkJunction,others,33.48906055
West Zone 2,Mysore Road,SatteliteBusStandJunc,vehicle_breakdown,43.98374376666666
Central Zone 1,Non-corridor,BucheryJunction,vehicle_breakdown,120.0
West Zone 2,ORR West 1,KamakyaJunction,vehicle_breakdown,44.5321139
Central Zone 2,Non-corridor,WilsonGarden10thCrossJunc,vehicle_breakdown,120.0
Central Zone 2,Non-corridor,ShivandaCircle,vehicle_breakdown,16.580316616666668
Central Zone 2,Mysore Road,HudsonCircle,vehicle_breakdown,120.0
North Zone 2,Bellary Road 1,MekhriCircle,vehicle_breakdown,120.0
West Zone 2,Bellary Road 1,MekhriCircle,vehicle_breakdown,12.5869507
East Zone 2,Non-corridor,TC Palya-OM RoadJunc,vehicle_breakdown,120.0
West Zone 2,Tumkur Road,YeshwanthpuraCircle,vehicle_breakdown,20.0987703
Central Zone 2,Non-corridor,ShantalaJunction,vehicle_breakdown,10.0
South Zone 2,Non-corridor,NIMHANS Junction,vehicle_breakdown,74.30124980000001
Central Zone 1,Old Madras Road,Shivajinagar(BRV)Junction,water_logging,120.0
Central Zone 1,Old Madras Road,Shivajinagar(BRV)Junction,water_logging,120.0
West Zone 1,Non-corridor,Nagarbhavi,accident,120.0
Central Zone 2,CBD 2,IndianExpressJunction,vehicle_breakdown,15.845159116666668
North Zone 1,Non-corridor,SindhiColonyJunction,pot_holes,1440.0
North Zone 1,Non-corridor,SindhiColonyJunction,pot_holes,1440.0
West Zone 1,Tumkur Road,GoruguntepalyaJunc,vehicle_breakdown,120.0
North Zone 1,Hennur Main Road,Nagavara-ORR Junction,vehicle_breakdown,120.0
North Zone 1,Hennur Main Road,Nagavara-ORR Junction,vehicle_breakdown,120.0
South Zone 2,Non-corridor,KanakapuraRd-RingRdJunction,vehicle_breakdown,120.0
South Zone 2,Non-corridor,KanakapuraRd-RingRdJunction,vehicle_breakdown,120.0
Central Zone 1,ORR North 1,RamamurthyNagarJunction,vehicle_breakdown,120.0
West Zone 1,Mysore Road,RajeshwariJunc,vehicle_breakdown,120.0
Central Zone 2,Mysore Road,SirsiCircle,vehicle_breakdown,120.0
West Zone 2,West of Chord Road,Dr RajkumarRd-10thCrossRdJunc,vehicle_breakdown,119.55588141666667
Central Zone 2,Non-corridor,LinkRoadMalleswaramJunc,vehicle_breakdown,10.0
Central Zone 2,CBD 2,PoliceTimmaiahCircle(GPO),others,14.216740750000001
Central Zone 2,Mysore Road,UlsoorGateJunc,vehicle_breakdown,120.0
West Zone 2,Non-corridor,BanashankariBusStandJunc,vehicle_breakdown,120.0
Central Zone 1,Hosur Road,AnepalyaJunc,others,120.0
Central Zone 2,Bellary Road 1,LRDE Junction,vehicle_breakdown,143.33777285
South Zone 1,Bannerghata Road,JayadevaHospitalJunc,vehicle_breakdown,120.0
North Zone 1,Bellary Road 1,HebbalFlyoverJunc,construction,120.0
North Zone 2,Bellary Road 2,BagalurCrossJunc,others,1369.8670542833331
Central Zone 1,Non-corridor,BucheryJunction,construction,120.0
North Zone 2,Tumkur Road,Chokasandra (Tumkur road),others,120.0
North Zone 2,Bellary Road 1,MekhriCircle,vehicle_breakdown,120.0
West Zone 1,Tumkur Road,SRS Peenya Junc,vehicle_breakdown,18.016688283333334
Central Zone 2,Mysore Road,TownhallJunction,vehicle_breakdown,120.0
Central Zone 2,Mysore Road,TownhallJunction,vehicle_breakdown,120.0
West Zone 1,Tumkur Road,GoruguntepalyaJunc,vehicle_breakdown,120.0
North Zone 2,ORR North 2,BEL Circle,vehicle_breakdown,120.0
Central Zone 1,Old Airport Road,DomlurWaterTank,vehicle_breakdown,120.0
Central Zone 1,IRR(Thanisandra road),BM ShriJunc(CMH-100FtRd)Junc,vehicle_breakdown,120.0
Central Zone 2,Old Madras Road,KamrajRdJunction,others,120.0
Central Zone 2,CBD 2,IndianExpressJunction,vehicle_breakdown,120.0
South Zone 2,Bannerghata Road,HulimaveRd-BanneraghattaRdJunc,vehicle_breakdown,120.0
Central Zone 1,Old Madras Road,OldMadrasRd-Indranagar100ftRdJunc,pot_holes,120.0
Central Zone 2,Mysore Road,HudsonCircle,vehicle_breakdown,120.0
Central Zone 2,Non-corridor,ShantalaJunction,vehicle_breakdown,120.0
Central Zone 2,Non-corridor,ShantalaJunction,vehicle_breakdown,120.0
Central Zone 2,Mysore Road,TownhallJunction,vehicle_breakdown,120.0
Central Zone 2,Mysore Road,BiryandCircle,vehicle_breakdown,120.0
West Zone 2,Bellary Road 1,MekhriCircle,vehicle_breakdown,120.0
Central Zone 2,Mysore Road,TownhallJunction,vehicle_breakdown,120.0
South Zone 2,IRR(Thanisandra road),KoramangalaWaterTankJunc,vehicle_breakdown,120.0
West Zone 2,ORR West 1,MysoreRd-RingRdJunc(Nayandanahallii),vehicle_breakdown,78.36581535
Central Zone 2,Non-corridor,K H Road-SiddaiahRdJunc(BMTC-BigBazaar),others,261.85771654999996
Central Zone 2,Magadi Road,LeprosyhospitalJunc,procession,120.0
West Zone 1,Tumkur Road,JalahalliCross(SM Circle),vehicle_breakdown,22.33721543333333
Central Zone 2,CBD 2,MinskSquare(CTO Junction),vehicle_breakdown,120.0
Central Zone 1,Old Madras Road,AnilKumbleCircle,vehicle_breakdown,120.0
West Zone 2,Mysore Road,SatteliteBusStandJunc,vehicle_breakdown,120.0
Central Zone 1,Old Madras Road,RamaiahCircle-UlsoorPoliceStation,vehicle_breakdown,120.0
Central Zone 2,Non-corridor,"PriyadarshiniHotel,Jayamahal,RT Nagar",others,1440.0
Central Zone 1,Old Madras Road,TrinityCircle,pot_holes,120.0
North Zone 1,Bellary Road 2,YelhankaBypass,vehicle_breakdown,41.04432583333333
North Zone 2,Bellary Road 1,HebbalFlyoverJunc,vehicle_breakdown,25.451136216666665
North Zone 1,Bellary Road 2,YelhankaBypass,vehicle_breakdown,120.0
East Zone 2,Non-corridor,Devasandra(k r puram),vehicle_breakdown,120.0
Central Zone 2,Non-corridor,KarnatakaBhavanJunction,public_event,120.0
West Zone 2,Tumkur Road,YeshwanthpuraCircle,vehicle_breakdown,22.74252915
North Zone 1,ORR North 1,HebbalFlyoverJunc,construction,325.6833299666667
North Zone 2,Bellary Road 2,SantheCircle,construction,120.0
East Zone 2,ORR North 1,RamamurthyNagarJunction,others,120.0
North Zone 1,ORR North 1,HoramavuJunction,others,120.0
West Zone 1,Tumkur Road,GokuldasImagesJunc,vehicle_breakdown,119.13968028333333
Central Zone 2,Non-corridor,K R Circle,vehicle_breakdown,96.72711803333333
Central Zone 2,Non-corridor,CID-CarltonHouseJunc,vehicle_breakdown,120.0
Central Zone 2,Mysore Road,PoliceCornerJunc,vehicle_breakdown,46.37537601666667
Central Zone 2,Non-corridor,IndianExpressJunction,vehicle_breakdown,120.0
Central Zone 1,Old Airport Road,ISRO Junction-Airport rd,others,1440.0
North Zone 1,Bellary Road 2,JakkurCrossJunction,vehicle_breakdown,34.49597188333333
West Zone 2,West of Chord Road,KIMCO Junction,procession,120.0
North Zone 1,Non-corridor,HainsJunc,vehicle_breakdown,70.5850728
North Zone 1,Bellary Road 2,Batrayanapura(Amrutahalli)Junction,vehicle_breakdown,120.0
North Zone 2,Non-corridor,SandeepUnnikrishnan-Yelhanka,tree_fall,1440.0
North Zone 2,Non-corridor,GangammagudiJunc,vehicle_breakdown,120.0
North Zone 1,Airport New South Road,HennurRd-DavisRdJunction,procession,120.0
West Zone 1,Tumkur Road,HesaraghattaJunction,accident,23.807276100000003
North Zone 2,ORR North 2,BEL Circle,vehicle_breakdown,120.0
Central Zone 1,Mysore Road,SiddalingaiahCircle,others,32.59866376666667
West Zone 1,ORR North 2,GoruguntepalyaJunc,vehicle_breakdown,120.0
South Zone 2,Non-corridor,MICO Bande,vehicle_breakdown,10.0
East Zone 1,ORR East 1,IbblurJunction',vehicle_breakdown,120.0
North Zone 2,Tumkur Road,JalahalliCross(SM Circle),vehicle_breakdown,120.0
South Zone 2,Hosur Road,Bommanahalli,vehicle_breakdown,23.53905478333333
Central Zone 2,Non-corridor,ShantalaJunction,vehicle_breakdown,91.42637688333333
North Zone 1,Bellary Road 2,Batrayanapura(Amrutahalli)Junction,vehicle_breakdown,120.0
West Zone 2,Tumkur Road,YeshwanthpuraCircle,vehicle_breakdown,120.0
South Zone 1,Non-corridor,BanashankariBusStandJunc,vehicle_breakdown,120.0
West Zone 2,West of Chord Road,CholurpalyaJunction(MagadiRd),others,64.12804031666667
South Zone 2,Bannerghata Road,DairyCircle,vehicle_breakdown,120.0
Central Zone 1,Hosur Road,CMP GateJunc,pot_holes,1440.0
South Zone 1,Non-corridor,KonanakunteJunction(KanakapurarRd),vehicle_breakdown,120.0
West Zone 1,Tumkur Road,JalahalliCross(SM Circle),vehicle_breakdown,72.97621806666666
West Zone 1,Tumkur Road,JalahalliCross(SM Circle),vehicle_breakdown,10.0
Central Zone 2,Mysore Road,ShivajiTalkiesJunc,vehicle_breakdown,47.98083691666667
Unknown,Old Madras Road,CMH Rd-AdarshTheaterJunc,pot_holes,120.0
North Zone 1,Non-corridor,PotteryCircle,vehicle_breakdown,120.0
Central Zone 2,Magadi Road,LeprosyhospitalJunc,procession,120.0
Unknown,Non-corridor,Devanahalli new bus stand,vehicle_breakdown,120.0
Central Zone 2,Non-corridor,KCG HospitalJunction,procession,120.0
Central Zone 2,Mysore Road,Dr TCM RoyanRd near AmbedkarStatue,vehicle_breakdown,120.0
East Zone 2,Non-corridor,Devasandra(k r puram),vehicle_breakdown,31.247457216666664
West Zone 2,Bellary Road 1,MekhriCircle,vehicle_breakdown,120.0
Central Zone 2,Non-corridor,UrvashiJunction,vehicle_breakdown,120.0
West Zone 2,Magadi Road,Sumanhalli,vehicle_breakdown,120.0
West Zone 1,Mysore Road,UniversityJunc(Janabharti),vehicle_breakdown,120.0
Central Zone 2,Non-corridor,ShivandaCircle,vehicle_breakdown,45.685754933333335
Central Zone 2,Non-corridor,ShivandaCircle,vehicle_breakdown,120.0
South Zone 2,Non-corridor,BTM16thMain-ORR Junc,vehicle_breakdown,33.111599733333335
South Zone 1,Non-corridor,UttarahalliJunction,road_conditions,1440.0
Central Zone 2,Mysore Road,K R MarketJunction,vehicle_breakdown,107.22244468333334
Central Zone 2,Non-corridor,BMTCJunction-K H Road,vehicle_breakdown,129.90277936666666
West Zone 1,Tumkur Road,GoruguntepalyaJunc,vehicle_breakdown,38.30340338333333
West Zone 2,Mysore Road,SatteliteBusStandJunc,vehicle_breakdown,36.22502158333334
West Zone 1,Non-corridor,FTI Junction(KanteeravaStudio),vehicle_breakdown,120.0
East Zone 1,Non-corridor,HoodiJunction,vehicle_breakdown,67.44224876666667
West Zone 2,West of Chord Road,RajarajeshwariKalyanaMantapaJunc,vehicle_breakdown,120.0
Central Zone 2,Mysore Road,BangaloreBodyBuildersJunc,vehicle_breakdown,10.0
North Zone 1,ORR North 1,RamamurthyNagarJunction,vehicle_breakdown,108.81123375
West Zone 2,West of Chord Road,VijayanagarBusStandJunction,vehicle_breakdown,32.680638949999995
West Zone 2,Bellary Road 1,MekhriCircle,vehicle_breakdown,83.49164651666666
Central Zone 2,Mysore Road,HudsonCircle,construction,120.0
Central Zone 2,Non-corridor,LalbaghMainGateJunc,vehicle_breakdown,44.92332695
West Zone 1,Tumkur Road,GoruguntepalyaJunc,vehicle_breakdown,17.107073166666666
Central Zone 2,Non-corridor,Basappa Circle Junction,vehicle_breakdown,120.0
West Zone 1,ORR West 1,ItmaduJunction,vehicle_breakdown,89.23145795
North Zone 2,Non-corridor,CIL CrossJunction-JayamahalRd,vehicle_breakdown,120.0
Central Zone 2,Mysore Road,PoliceCornerJunc,vehicle_breakdown,77.87683966666667
North Zone 1,Hennur Main Road,Nagavara-ORR Junction,construction,120.0
South Zone 2,Non-corridor,Marigowda-TavarkereRdJunc,congestion,115.82626488333334
Central Zone 2,Mysore Road,UlsoorGateJunc,vehicle_breakdown,12.5486632
Central Zone 2,Non-corridor,KrishnaFlourMill,vehicle_breakdown,120.0
Central Zone 2,Magadi Road,LeprosyhospitalJunc,procession,10.0
Central Zone 2,Magadi Road,LeprosyhospitalJunc,procession,120.0
West Zone 2,West of Chord Road,ShivanahalliJunctionWOC,others,178.83197656666667
Central Zone 2,Mysore Road,Dr TCM RoyanRd near AmbedkarStatue,vehicle_breakdown,10.0
West Zone 1,Non-corridor,Dr RajkumarRd-10thCrossRdJunc,vehicle_breakdown,78.58230435
West Zone 1,Tumkur Road,GoruguntepalyaJunc,vehicle_breakdown,10.0
Central Zone 2,Non-corridor,NationalCollege,accident,120.0
West Zone 1,Tumkur Road,HesaraghattaJunction,vehicle_breakdown,63.1243505
Central Zone 2,Non-corridor,MintoJunction,vehicle_breakdown,120.0
Central Zone 2,CBD 2,MinskSquare(CTO Junction),vehicle_breakdown,120.0
Central Zone 2,CBD 2,MinskSquare(CTO Junction),vehicle_breakdown,120.0
Central Zone 2,Non-corridor,WilsonGarden12thCrossJunc,vehicle_breakdown,47.84910341666667
Central Zone 2,Non-corridor,K R Circle,others,85.23560838333333
Central Zone 1,Mysore Road,CashPharmacyJunction,vehicle_breakdown,50.35936076666667
North Zone 2,Bellary Road 1,HebbalFlyoverJunc,vehicle_breakdown,10.0
Central Zone 2,Non-corridor,K R Circle,vehicle_breakdown,120.0
South Zone 2,Bannerghata Road,ArakereGateJunc,pot_holes,1440.0
Central Zone 2,Mysore Road,HudsonCircle,vehicle_breakdown,120.0
East Zone 2,Non-corridor,Devasandra(k r puram),others,1440.0
North Zone 1,Airport New South Road,HennurRoad-ORR Junc,vehicle_breakdown,91.12731314999999
West Zone 1,ORR West 1,KatriguppeJunction,vehicle_breakdown,120.0
North Zone 1,Airport New South Road,HennurRoad-ORR Junc,vehicle_breakdown,120.0
Unknown,Non-corridor,VeerasandraGateJunction,accident,89.56093413333333
North Zone 2,ORR North 2,BEL Circle,vehicle_breakdown,120.0
West Zone 2,Bellary Road 1,MekhriCircle,vehicle_breakdown,118.03214865
East Zone 1,Non-corridor,HoodiJunction,vehicle_breakdown,120.0
South Zone 2,Non-corridor,DairyCircle,vehicle_breakdown,73.55559968333334
Central Zone 2,CBD 2,QueensStatueCircle,vehicle_breakdown,120.0
South Zone 2,Hosur Road,UCO Bank(Forum),vehicle_breakdown,117.19740893333332
South Zone 2,Hosur Road,Kudlu Gate Junc,vehicle_breakdown,57.670317733333334
Central Zone 2,Non-corridor,BloodBankCircle,road_conditions,1440.0
Central Zone 2,CBD 2,MinskSquare(CTO Junction),pot_holes,120.0
West Zone 2,Non-corridor,Malleswaram18thCrossRd-SampigeRdJunc,vehicle_breakdown,120.0
North Zone 2,Tumkur Road,Chokasandra (Tumkur road),vehicle_breakdown,120.0
South Zone 2,Hosur Road,SilkBoardJunc,vehicle_breakdown,40.683018700000005
North Zone 2,Non-corridor,SandeepUnnikrishnan-Yelhanka,vehicle_breakdown,120.0
North Zone 2,Tumkur Road,HesaraghattaJunction,vehicle_breakdown,120.0
North Zone 2,Tumkur Road,HesaraghattaJunction,vehicle_breakdown,120.0
East Zone 1,Non-corridor,BigBazaar(Whitefield)Junc,vehicle_breakdown,120.0
East Zone 1,Non-corridor,HopefarmJunction,vehicle_breakdown,120.0
South Zone 2,ORR West 1,KanakapuraRd-RingRdJunction,vehicle_breakdown,120.0
South Zone 2,ORR West 1,KanakapuraRd-RingRdJunction,vehicle_breakdown,120.0
West Zone 2,Bellary Road 1,MekhriCircle,vehicle_breakdown,10.0
South Zone 2,Hosur Road,GarebhavipalyaJunc,accident,120.0
Central Zone 2,CBD 2,IndianExpressJunction,vehicle_breakdown,120.0
South Zone 2,Bannerghata Road,HulimaveRd-BanneraghattaRdJunc,vehicle_breakdown,50.30348728333333
Central Zone 2,Mysore Road,BangaloreBodyBuildersJunc,vehicle_breakdown,120.0
Central Zone 2,Mysore Road,BangaloreBodyBuildersJunc,vehicle_breakdown,42.29887403333333
Unknown,Non-corridor,SiddapuraJunction,vehicle_breakdown,120.0
Central Zone 2,Mysore Road,BangaloreBodyBuildersJunc,vehicle_breakdown,41.14270663333333
North Zone 1,Bellary Road 2,JakkurCrossJunction,accident,16.90388255
South Zone 2,Bannerghata Road,BilekahalliJunc,vehicle_breakdown,120.0
West Zone 2,Mysore Road,SatteliteBusStandJunc,vehicle_breakdown,10.0
Central Zone 2,Non-corridor,AnandRaoJunction,vehicle_breakdown,120.0
North Zone 1,Non-corridor,GangammagudiJunc,vehicle_breakdown,120.0
East Zone 1,Old Airport Road,Yemalur cross junc,protest,120.0
Central Zone 2,Non-corridor,Shivashankara circle,vehicle_breakdown,120.0
East Zone 1,ORR East 1,Deverabeesanahalli-ORR Junc,vehicle_breakdown,120.0
Central Zone 2,Bannerghata Road,DairyCircle,vehicle_breakdown,21.371302766666666
Central Zone 2,Mysore Road,TownhallJunction,vehicle_breakdown,12.958737216666666
West Zone 2,Mysore Road,KIMCO Junction,others,75.1166929
West Zone 2,Tumkur Road,MS RamaiahJunc(TollGate),vehicle_breakdown,120.0
Central Zone 2,Mysore Road,SiddalingaiahCircle,vehicle_breakdown,35.96668218333333
Central Zone 2,Mysore Road,SiddalingaiahCircle,vehicle_breakdown,10.0
North Zone 2,Bellary Road 2,YelhankaCircle,vehicle_breakdown,10.0
North Zone 2,Bellary Road 1,MekhriCircle,vehicle_breakdown,10.0
Central Zone 1,Old Madras Road,OldMadrasRd-NGEF Junc,vehicle_breakdown,120.0
East Zone 1,Non-corridor,BigBazaar(Whitefield)Junc,vehicle_breakdown,120.0
North Zone 2,Bellary Road 2,BagalurCrossJunc,vehicle_breakdown,120.0
North Zone 1,Bellary Road 1,KodigehalliCross,vehicle_breakdown,120.0
Central Zone 2,Mysore Road,TownhallJunction,vehicle_breakdown,120.0
North Zone 1,Bellary Road 1,KodigehalliCross,vehicle_breakdown,120.0
West Zone 2,Non-corridor,DMRoadJunc(Basavangudi),vehicle_breakdown,120.0
Central Zone 1,Old Madras Road,BigBazaarJunction(OldMadrasRd),vehicle_breakdown,120.0
West Zone 1,Tumkur Road,JalahalliCross(SM Circle),vehicle_breakdown,120.0
West Zone 2,Non-corridor,BanashankariBusStandJunc,road_conditions,120.0
South Zone 1,Non-corridor,UttarahalliJunction,road_conditions,835.9154337666666
East Zone 2,Non-corridor,Devasandra(k r puram),vehicle_breakdown,120.0
Central Zone 1,Mysore Road,MotherTeressaCircle,accident,120.0
Central Zone 2,Non-corridor,Dr TCM RoyanRd near AmbedkarStatue,vehicle_breakdown,120.0
Central Zone 2,Non-corridor,SubedarChatramRd near SheshadripuramPS,others,120.0
North Zone 2,Bellary Road 2,BagalurCrossJunc,accident,120.0
West Zone 1,Mysore Road,RajeshwariJunc,vehicle_breakdown,120.0
Central Zone 1,Non-corridor,CommandoHospitalJunc,vehicle_breakdown,37.04358068333333
West Zone 1,Mysore Road,RajeshwariJunc,vehicle_breakdown,120.0
West Zone 2,Non-corridor,SadashivnagarJunc,vehicle_breakdown,120.0
Central Zone 2,Non-corridor,DevangaHostelJunction,vehicle_breakdown,14.661843316666667
East Zone 1,Varthur Road,KundanahalliGateJunc,vehicle_breakdown,11.872288033333332
Central Zone 2,Old Madras Road,BegumMahalJunc,vehicle_breakdown,84.41191578333334
West Zone 2,West of Chord Road,DhobiGhatJunc,vehicle_breakdown,120.0
East Zone 1,Non-corridor,HopefarmJunction,vehicle_breakdown,120.0
Central Zone 2,Non-corridor,K R Circle,others,47.220114566666666
Unknown,Bellary Road 2,SadahalliGateJunc(AirportRd),construction,134.01126233333332
Central Zone 2,Non-corridor,EliteJunc,others,120.0
Central Zone 1,Mysore Road,MotherTeressaCircle,vehicle_breakdown,120.0
West Zone 2,Non-corridor,CIL CrossJunction-JayamahalRd,vehicle_breakdown,120.0
West Zone 1,Tumkur Road,Chokasandra (Tumkur road),accident,120.0
South Zone 2,ORR West 1,KanakapuraRd-RingRdJunction,vehicle_breakdown,120.0
South Zone 2,Bannerghata Road,JayadevaHospitalJunc,vehicle_breakdown,13.843773283333332
West Zone 2,West of Chord Road,KIMCO Junction,others,1440.0
Central Zone 2,CBD 1,TyagiHengalvarayaJunc(DickensonRd),vehicle_breakdown,55.216074733333336
South Zone 1,Non-corridor,UttarahalliJunction,road_conditions,120.0
Central Zone 1,IRR(Thanisandra road),Indiranasgar13thMainJunc,vehicle_breakdown,120.0
West Zone 2,Non-corridor,YediyurMeternityHospital,tree_fall,53.0065693
West Zone 1,Mysore Road,UniversityJunc(Janabharti),vehicle_breakdown,120.0
North Zone 1,ORR North 1,HoramavuJunction,vehicle_breakdown,109.08034831666667
North Zone 1,Airport New South Road,HennurRoad-ORR Junc,road_conditions,120.0
Central Zone 2,Non-corridor,KarnatakaBhavanJunction,vehicle_breakdown,120.0
West Zone 2,Mysore Road,SatteliteBusStandJunc,vehicle_breakdown,120.0
North Zone 1,Bellary Road 2,JakkurCrossJunction,vehicle_breakdown,120.0
West Zone 1,Mysore Road,RajeshwariJunc,vehicle_breakdown,120.0
West Zone 1,Tumkur Road,TumkurRdMarappanapalyaJunc,vehicle_breakdown,20.733621333333335
Central Zone 2,Mysore Road,ShivajiTalkiesJunc,vehicle_breakdown,120.0
South Zone 2,Bannerghata Road,J D MaraJunc,vehicle_breakdown,120.0
West Zone 1,Mysore Road,MysoreRd-RingRdJunc(Nayandanahallii),vehicle_breakdown,120.0
West Zone 2,Non-corridor,BhashyamCircle-SadashivNagar,vehicle_breakdown,38.57169646666667
North Zone 2,Bellary Road 2,BagalurCrossJunc,construction,146.81543166666668
West Zone 1,Non-corridor,Ring road-Near Kengunte Junction,vehicle_breakdown,120.0
Central Zone 2,Non-corridor,South end circle,accident,18.1937805
West Zone 2,West of Chord Road,KIMCO Junction,vehicle_breakdown,30.792283566666665
South Zone 2,Hosur Road,AdugodiJunc,accident,10.0
North Zone 1,Bellary Road 2,JakkurCrossJunction,vehicle_breakdown,120.0
Central Zone 2,CBD 1,Shivajinagar(BRV)Junction,vehicle_breakdown,120.0
West Zone 1,West of Chord Road,Rajajinagagr1stBlockJunction,vehicle_breakdown,120.0
West Zone 1,Tumkur Road,Chokasandra (Tumkur road),vehicle_breakdown,44.7709926
Central Zone 1,Mysore Road,AshirwadamCircle,vehicle_breakdown,120.0
Central Zone 1,Mysore Road,AshirwadamCircle,vehicle_breakdown,120.0
Central Zone 2,Non-corridor,StateBankofMysoreJunc,vehicle_breakdown,120.0
North Zone 2,Bellary Road 2,YelhankaCircle,vehicle_breakdown,120.0
West Zone 2,Mysore Road,SatteliteBusStandJunc,vehicle_breakdown,120.0
Central Zone 2,Mysore Road,K R MarketJunction,vehicle_breakdown,10.0
West Zone 1,West of Chord Road,TumkurRdMarappanapalyaJunc,vehicle_breakdown,61.04067213333334
West Zone 1,Tumkur Road,GokuldasImagesJunc,vehicle_breakdown,17.515266066666666
West Zone 2,Non-corridor,SadashivnagarJunc,vehicle_breakdown,120.0
Central Zone 2,Old Madras Road,Shivajinagar(BRV)Junction,vehicle_breakdown,108.22453145
North Zone 1,Hennur Main Road,Nagavara-ORR Junction,others,217.64204871666666
Central Zone 2,Mysore Road,BangaloreBodyBuildersJunc,vehicle_breakdown,19.045456016666666
West Zone 2,West of Chord Road,Rajajinagar19thMainJunc,vehicle_breakdown,120.0
South Zone 2,Hosur Road,Marigowda-TavarkereRdJunc,vehicle_breakdown,63.30696068333334
Central Zone 2,Old Madras Road,Shivajinagar(BRV)Junction,vehicle_breakdown,120.0
North Zone 2,Bellary Road 2,SantheCircle,accident,120.0
Central Zone 2,Bellary Road 1,LRDE Junction,vehicle_breakdown,120.0
Central Zone 1,Old Madras Road,TrinityCircle,vehicle_breakdown,98.99271175
South Zone 1,Bannerghata Road,J D MaraJunc,vehicle_breakdown,120.0
West Zone 2,Bellary Road 1,MekhriCircle,vehicle_breakdown,120.0
West Zone 1,Tumkur Road,JalahalliCross(SM Circle),vehicle_breakdown,80.04287316666667
West Zone 2,West of Chord Road,DhobiGhatJunc,vehicle_breakdown,120.0
West Zone 2,West of Chord Road,5thMainRPC Layout-Vijayanagar,vehicle_breakdown,52.70662574999999
Central Zone 2,CBD 2,PoliceTimmaiahCircle(GPO),vehicle_breakdown,52.0706338
Central Zone 1,Mysore Road,MotherTeressaCircle,vehicle_breakdown,14.00793095
West Zone 1,Tumkur Road,GokuldasImagesJunc,vehicle_breakdown,21.827275766666666
West Zone 2,Mysore Road,SatteliteBusStandJunc,vehicle_breakdown,120.0
West Zone 2,Mysore Road,SatteliteBusStandJunc,vehicle_breakdown,32.07267888333333
North Zone 2,Bellary Road 2,YelhankaCircle,vehicle_breakdown,120.0
North Zone 1,Non-corridor,GangammagudiJunc,vehicle_breakdown,10.0
South Zone 1,Non-corridor,"Jayanagar 4th main,36th cross",others,249.60434840000002
South Zone 1,Non-corridor,JP Nagar 9th cross-24th main jn,vehicle_breakdown,120.0
South Zone 1,Non-corridor,JP Nagar 9th cross-24th main jn,vehicle_breakdown,120.0
South Zone 1,Non-corridor,JP Nagar 9th cross-24th main jn,vehicle_breakdown,120.0
Central Zone 2,Magadi Road,LeprosyhospitalJunc,vehicle_breakdown,12.483802816666667
West Zone 2,Non-corridor,Geethanjali jn,procession,120.0
West Zone 1,Magadi Road,Sumanhalli,vehicle_breakdown,111.84865853333334
South Zone 2,Non-corridor,AgaraJunction,accident,120.0
West Zone 1,Magadi Road,Sumanhalli,vehicle_breakdown,30.268775783333336
Central Zone 2,Magadi Road,LeprosyhospitalJunc,vehicle_breakdown,120.0
Central Zone 2,Non-corridor,RRR(Okalipuram)Junction,vehicle_breakdown,69.81026415
Central Zone 1,Old Madras Road,TrinityCircle,vehicle_breakdown,120.0
North Zone 1,Hennur Main Road,Nagavara-ORR Junction,construction,120.0
Central Zone 2,CBD 2,IndianExpressJunction,protest,120.0
Central Zone 2,Bellary Road 1,LRDE Junction,vehicle_breakdown,120.0
Central Zone 2,Non-corridor,StateBankofMysoreJunc,vehicle_breakdown,42.39773146666666
Central Zone 2,Mysore Road,TownhallJunction,vehicle_breakdown,120.0
West Zone 1,ORR West 1,KatriguppeJunction,vehicle_breakdown,38.30005405
Central Zone 2,Non-corridor,KrishnaFlourMill,vehicle_breakdown,120.0
West Zone 1,Tumkur Road,SRS Peenya Junc,accident,120.0
South Zone 2,Hosur Road,AyyappaTempleJunc,vehicle_breakdown,49.44120266666666
Central Zone 1,Mysore Road,SiddalingaiahCircle,vehicle_breakdown,120.0
West Zone 2,Non-corridor,ISRO Junction-NewBEL Rd,construction,120.0
South Zone 1,ORR West 1,JP Nagar 15th cross junction,pot_holes,120.0
Central Zone 2,Magadi Road,PrasannaJunction,vehicle_breakdown,120.0
Central Zone 2,Bellary Road 1,LRDE Junction,vehicle_breakdown,120.0
North Zone 2,ORR North 2,BEL Circle,vehicle_breakdown,120.0
West Zone 2,ORR West 1,KadirenahalliJunction,Debris,120.0
North Zone 2,Bellary Road 2,SantheCircle,vehicle_breakdown,69.21877518333334
Central Zone 2,Non-corridor,LinkRoadMalleswaramJunc,vehicle_breakdown,30.86997373333333
North Zone 2,Non-corridor,CIL CrossJunction-JayamahalRd,vehicle_breakdown,120.0
West Zone 1,Tumkur Road,PeenyaPoliceStation,others,1440.0
North Zone 1,Airport New South Road,HennurRoad-ORR Junc,vehicle_breakdown,107.1355658
West Zone 2,Non-corridor,ShankarMuttCircle,vehicle_breakdown,120.0
West Zone 2,Mysore Road,SatteliteBusStandJunc,others,1440.0
North Zone 2,Bellary Road 2,SantheCircle,vehicle_breakdown,120.0
West Zone 1,Non-corridor,RingRoad-UllalJunction,vehicle_breakdown,52.883968483333334
South Zone 1,Bannerghata Road,SagarHospitalJunc,vehicle_breakdown,120.0
Central Zone 1,Old Madras Road,MayohallJunction,vehicle_breakdown,65.14124903333332
Central Zone 2,Old Madras Road,RamaiahCircle-UlsoorPoliceStation,vehicle_breakdown,120.0
West Zone 2,Tumkur Road,YeshwanthpuraCircle,others,1440.0
North Zone 2,Tumkur Road,JalahalliCross(SM Circle),vehicle_breakdown,120.0
Central Zone 2,Non-corridor,KrishnaFlourMill,vehicle_breakdown,37.56076245
West Zone 1,Non-corridor,RajeshwariJunc,vehicle_breakdown,67.65367151666666
Central Zone 2,Non-corridor,SubedarChatramRd near SheshadripuramPS,vehicle_breakdown,120.0
South Zone 2,Non-corridor,MaharajaJunction,vehicle_breakdown,33.47803065
Central Zone 1,Hosur Road,CMP GateJunc,vehicle_breakdown,113.5855103
Central Zone 1,Mysore Road,MotherTeressaCircle,protest,30.6651656
Central Zone 2,CBD 2,MinskSquare(CTO Junction),vehicle_breakdown,120.0
Central Zone 2,CBD 2,MinskSquare(CTO Junction),vehicle_breakdown,120.0
Central Zone 1,Old Madras Road,OldMadrasRd-80FeetRdJunc,vehicle_breakdown,120.0
Central Zone 1,Old Madras Road,OldMadrasRd-80FeetRdJunc,vehicle_breakdown,120.0
South Zone 2,Hosur Road,NaganathapuraJunction,vehicle_breakdown,120.0
Central Zone 1,Old Madras Road,OldMadrasRd-80FeetRdJunc,vehicle_breakdown,120.0
North Zone 2,Bellary Road 2,SantheCircle,vehicle_breakdown,120.0
Central Zone 2,Mysore Road,toll gate mysore road,vehicle_breakdown,75.1806598
West Zone 2,Mysore Road,SatteliteBusStandJunc,vehicle_breakdown,21.039561
North Zone 2,Tumkur Road,HesaraghattaJunction,vehicle_breakdown,120.0
Unknown,Non-corridor,VeerasandraGateJunction,vehicle_breakdown,120.0
South Zone 1,Non-corridor,UttarahalliJunction,road_conditions,737.9011989666667
South Zone 2,Bannerghata Road,BilekahalliJunc,vehicle_breakdown,120.0
Central Zone 1,Hosur Road,CMP GateJunc,others,514.82014045
South Zone 2,Bannerghata Road,BilekahalliJunc,vehicle_breakdown,120.0
North Zone 1,Non-corridor,SindhiColonyJunction,pot_holes,120.0
North Zone 1,Non-corridor,KodigehalliCross,accident,120.0
North Zone 1,Bellary Road 2,YelhankaBypass,vehicle_breakdown,120.0
Central Zone 2,Mysore Road,TownhallJunction,vehicle_breakdown,120.0
West Zone 1,West of Chord Road,Rajajinagar19thMainJunc,vehicle_breakdown,120.0
Central Zone 2,Non-corridor,SubbannaJunction,vehicle_breakdown,120.0
West Zone 1,Tumkur Road,GokuldasImagesJunc,vehicle_breakdown,88.48042575
North Zone 1,ORR North 1,KalyanNagar-ORR Junc,vehicle_breakdown,120.0
Central Zone 2,Mysore Road,DevangaHostelJunction,vehicle_breakdown,120.0
Central Zone 1,Non-corridor,BMTCJunction-K H Road,vehicle_breakdown,25.391993083333332
East Zone 1,Non-corridor,BigBazaar(Whitefield)Junc,vehicle_breakdown,120.0
Central Zone 2,Non-corridor,KhodaysCircle(DV UrsCircle),vehicle_breakdown,152.09387653333334
Central Zone 1,Hosur Road,AnepalyaJunc,vehicle_breakdown,120.0
West Zone 1,Mysore Road,RajeshwariJunc,accident,120.0
Central Zone 2,Mysore Road,SirsiCircle,vehicle_breakdown,10.0
West Zone 1,Mysore Road,UniversityJunc(Janabharti),vehicle_breakdown,120.0
West Zone 1,Mysore Road,UniversityJunc(Janabharti),vehicle_breakdown,120.0
North Zone 2,Tumkur Road,HesaraghattaJunction,vehicle_breakdown,120.0
Central Zone 2,Old Madras Road,RamaiahCircle-UlsoorPoliceStation,vehicle_breakdown,120.0
Central Zone 2,Non-corridor,EliteJunc,others,49.2566289
East Zone 2,Non-corridor,Devasandra(k r puram),vehicle_breakdown,120.0
Central Zone 2,Non-corridor,BinnyMillJunction,public_event,120.0
West Zone 1,Tumkur Road,HesaraghattaJunction,vehicle_breakdown,39.017603816666664
Central Zone 2,Non-corridor,ChaudrayaCircle/UdayaTVCircle(CantonmentJunc),others,48.781621566666665
West Zone 2,West of Chord Road,VijayanagarBusStandJunction,vehicle_breakdown,120.0
North Zone 1,ORR North 1,HennurRoad-ORR Junc,vehicle_breakdown,120.0
North Zone 2,Tumkur Road,JalahalliCross(SM Circle),vehicle_breakdown,120.0
West Zone 2,Tumkur Road,TataInstituteCircle,vehicle_breakdown,120.0
West Zone 2,Tumkur Road,TataInstituteCircle,vehicle_breakdown,84.45260125
West Zone 1,Non-corridor,Ring road-Near Kengunte Junction,vehicle_breakdown,120.0
Central Zone 2,Mysore Road,TownhallJunction,vehicle_breakdown,12.8051816
South Zone 1,Non-corridor,Arbindo Circle,vehicle_breakdown,120.0
Central Zone 2,Mysore Road,Dr TCM RoyanRd near AmbedkarStatue,congestion,120.0
Central Zone 2,Magadi Road,LeprosyhospitalJunc,vehicle_breakdown,98.5958793
Unknown,Non-corridor,CID-CarltonHouseJunc,vehicle_breakdown,120.0
North Zone 2,Non-corridor,YelhankaCircle,vehicle_breakdown,120.0
West Zone 2,Bellary Road 1,MekhriCircle,vehicle_breakdown,120.0
Central Zone 2,Non-corridor,SagarTheatreJunc,pot_holes,120.0
Central Zone 1,Non-corridor,CommandoHospitalJunc,vehicle_breakdown,120.0
Central Zone 2,Non-corridor,GopalGowdaJUnc,vehicle_breakdown,64.04493938333333
West Zone 2,Non-corridor,Geethanjali jn,vehicle_breakdown,120.0
East Zone 2,Non-corridor,Devasandra(k r puram),vehicle_breakdown,120.0
Central Zone 2,Non-corridor,VetenaryHospitalJunc-Shivajinagar,vehicle_breakdown,120.0
Central Zone 2,Non-corridor,EliteJunc,others,136.34130586666666
North Zone 2,Non-corridor,SandeepUnnikrishnan-Yelhanka,vehicle_breakdown,20.333616316666667
Central Zone 2,Bellary Road 1,BasaweshwaraCircle,vehicle_breakdown,120.0
Central Zone 2,Bellary Road 1,BasaweshwaraCircle,vehicle_breakdown,120.0
West Zone 2,Mysore Road,SatteliteBusStandJunc,others,1009.0097056333333
West Zone 1,ORR West 1,KatriguppeJunction,vehicle_breakdown,58.62555233333333
West Zone 2,Non-corridor,SadashivnagarJunc,accident,120.0
East Zone 2,Non-corridor,Devasandra(k r puram),vehicle_breakdown,120.0
North Zone 2,Bellary Road 1,MekhriCircle,vehicle_breakdown,120.0
Central Zone 2,Mysore Road,BiryandCircle,others,120.0
West Zone 2,West of Chord Road,DhobiGhatJunc,vehicle_breakdown,120.0
North Zone 1,Airport New South Road,HennurRd-DavisRdJunction,vehicle_breakdown,120.0
West Zone 1,Tumkur Road,TumkurRdMarappanapalyaJunc,vehicle_breakdown,10.109160483333334
North Zone 1,ORR North 2,BEL Circle,vehicle_breakdown,120.0
East Zone 1,Non-corridor,HoodiJunction,road_conditions,120.0
South Zone 2,Bannerghata Road,ArakereGateJunc,pot_holes,120.0
North Zone 1,ORR North 1,"VeerannapalyaJunction(BEL,HO)",construction,120.0
Central Zone 2,Non-corridor,MillCornerRd-SampigeRdJunc,vehicle_breakdown,120.0
Central Zone 2,Non-corridor,MillCornerRd-SampigeRdJunc,vehicle_breakdown,113.74449883333334
North Zone 1,ORR North 1,"VeerannapalyaJunction(BEL,HO)",vehicle_breakdown,120.0
Central Zone 2,Mysore Road,BangaloreBodyBuildersJunc,vehicle_breakdown,120.0
Central Zone 2,Mysore Road,BangaloreBodyBuildersJunc,vehicle_breakdown,120.0
West Zone 2,ORR North 1,YeshwanthpuraCircle,vehicle_breakdown,120.0
West Zone 1,Mysore Road,UniversityJunc(Janabharti),vehicle_breakdown,19.299157533333336
West Zone 1,Magadi Road,Sumanhalli,vehicle_breakdown,120.0
North Zone 1,Bellary Road 2,YelhankaBypass,vehicle_breakdown,73.59852533333333
Central Zone 1,Non-corridor,BucheryJunction,vehicle_breakdown,120.0
North Zone 1,Bellary Road 2,YelhankaBypass,vehicle_breakdown,78.13917339999999
Central Zone 1,Hosur Road,JohnsonMarket,others,1440.0
North Zone 1,ORR North 2,BEL Circle,construction,120.0
North Zone 1,ORR North 2,BEL Circle,vehicle_breakdown,120.0
Central Zone 1,Hosur Road,JohnsonMarket,pot_holes,120.0
West Zone 2,West of Chord Road,KIMCO Junction,vehicle_breakdown,120.0
Central Zone 2,Non-corridor,StateBankofMysoreJunc,vehicle_breakdown,24.724994433333332
Central Zone 2,Mysore Road,toll gate mysore road,vehicle_breakdown,22.789760966666666
North Zone 2,Bellary Road 2,YelhankaCircle,vehicle_breakdown,120.0
West Zone 2,Non-corridor,PuttammaChoultryNagarbhavi,accident,120.0
East Zone 2,Non-corridor,Devasandra(k r puram),vehicle_breakdown,32.0253361
North Zone 2,Bellary Road 2,YelhankaCircle,vehicle_breakdown,108.3117811
North Zone 1,Hennur Main Road,Nagavara-ORR Junction,others,1440.0
North Zone 2,Bellary Road 2,YelhankaCircle,vehicle_breakdown,99.97760308333334
West Zone 2,ORR West 1,KadirenahalliJunction,Debris,120.0
South Zone 2,Bannerghata Road,SagarHospitalJunc,vehicle_breakdown,120.0
West Zone 1,Tumkur Road,JalahalliCross(SM Circle),vehicle_breakdown,120.0
Central Zone 2,Non-corridor,K R Circle,others,1440.0
South Zone 2,IRR(Thanisandra road),KoramangalaWaterTankJunc,construction,120.0
Central Zone 2,Non-corridor,KrishnaFlourMill,vehicle_breakdown,120.0
South Zone 1,Non-corridor,JP Nagar 9th cross-24th main jn,vehicle_breakdown,114.12928961666667
North Zone 2,Bellary Road 2,YelhankaCircle,others,510.95003963333335
North Zone 2,Bellary Road 1,MekhriCircle,others,10.293404816666667
West Zone 1,Mysore Road,RajeshwariJunc,vehicle_breakdown,120.0
South Zone 2,IRR(Thanisandra road),BDA Junctio-Koramangala,construction,64.20182368333333
Central Zone 2,Mysore Road,PoliceCornerJunc,vehicle_breakdown,18.165073833333334
South Zone 2,ORR East 1,IbblurJunction',accident,120.0
South Zone 2,ORR East 1,IbblurJunction',accident,36.9388623
West Zone 1,Non-corridor,Ring road-Near Kengunte Junction,vehicle_breakdown,39.72012806666667
North Zone 2,Bellary Road 2,BagalurCrossJunc,vehicle_breakdown,120.0
North Zone 1,Bellary Road 1,HebbalFlyoverJunc,vehicle_breakdown,25.16234988333333
North Zone 2,Non-corridor,GangammagudiJunc,vehicle_breakdown,43.97861021666667
South Zone 1,Non-corridor,KonanakunteJunction(KanakapurarRd),vehicle_breakdown,34.984809266666666
Central Zone 1,Mysore Road,OperaHouseJunc,others,799.62619265
South Zone 2,Hosur Road,SarjapurRd-St JohnsRdJunc,vehicle_breakdown,120.0
North Zone 2,Bellary Road 2,YelhankaCircle,vehicle_breakdown,10.0
West Zone 2,Bellary Road 1,MekhriCircle,congestion,120.0
North Zone 2,Bellary Road 2,SantheCircle,construction,487.25248725
West Zone 2,West of Chord Road,KIMCO Junction,vehicle_breakdown,93.61899465
South Zone 2,Non-corridor,Marigowda-TavarkereRdJunc,procession,32.37109683333333
Central Zone 2,Non-corridor,AnandRaoJunction,vehicle_breakdown,120.0
Central Zone 2,Non-corridor,AnandRaoJunction,vehicle_breakdown,120.0
South Zone 2,Hosur Road,AyyappaTempleJunc,vehicle_breakdown,32.954886933333334
Central Zone 2,Non-corridor,AnandRaoJunction,vehicle_breakdown,120.0
Central Zone 1,Non-corridor,BloodBankCircle,vehicle_breakdown,120.0
South Zone 2,Non-corridor,BTM16thMain-ORR Junc,construction,120.0
Central Zone 2,Non-corridor,BloodBankCircle,vehicle_breakdown,10.0
South Zone 2,ORR East 1,SilkBoardJunc,accident,120.0
Central Zone 2,Non-corridor,StateBankofMysoreJunc,vehicle_breakdown,120.0
West Zone 1,Tumkur Road,TumkurRdMarappanapalyaJunc,vehicle_breakdown,19.72779615
Central Zone 2,Mysore Road,UlsoorGateJunc,vehicle_breakdown,120.0
East Zone 2,Non-corridor,Devasandra(k r puram),others,192.62937578333333
Central Zone 2,Non-corridor,K R Circle,vehicle_breakdown,88.78084009999999
South Zone 2,Non-corridor,MaharajaJunction,vehicle_breakdown,120.0
Central Zone 2,Mysore Road,toll gate mysore road,vehicle_breakdown,120.0
West Zone 1,Non-corridor,RingRoad-UllalJunction,vehicle_breakdown,120.0
West Zone 1,Tumkur Road,JalahalliCross(SM Circle),vehicle_breakdown,120.0
West Zone 2,West of Chord Road,KIMCO Junction,vehicle_breakdown,120.0
West Zone 2,Non-corridor,BhashyamCircle-SadashivNagar,vehicle_breakdown,120.0
West Zone 1,ORR North 2,GoruguntepalyaJunc,vehicle_breakdown,120.0
West Zone 1,Non-corridor,RingRoad-UllalJunction,vehicle_breakdown,44.9643523
Central Zone 1,Old Madras Road,OldMadrasRd-Indranagar100ftRdJunc,pot_holes,120.0
Central Zone 1,Old Madras Road,OldMadrasRd-Indranagar100ftRdJunc,pot_holes,120.0
Central Zone 1,IRR(Thanisandra road),Srinivagilu(Ejipura)Junc,water_logging,120.0
West Zone 2,Tumkur Road,MS RamaiahJunc(TollGate),vehicle_breakdown,120.0
South Zone 1,ORR West 1,DevegowdaPetrolBunkJunc,vehicle_breakdown,92.29439425000001
West Zone 2,ORR West 1,ItmaduJunction,vehicle_breakdown,13.011559016666666
North Zone 1,ORR North 1,"VeerannapalyaJunction(BEL,HO)",construction,120.0
Central Zone 1,Old Madras Road,MayohallJunction,construction,28.811124983333332
Central Zone 2,Non-corridor,MillCornerRd-SampigeRdJunc,vehicle_breakdown,120.0
Central Zone 2,Non-corridor,MillCornerRd-SampigeRdJunc,vehicle_breakdown,120.0
Central Zone 2,Mysore Road,TownhallJunction,vehicle_breakdown,120.0
North Zone 1,Bellary Road 2,YelhankaBypass,vehicle_breakdown,120.0
Central Zone 2,Non-corridor,K R Circle,vehicle_breakdown,120.0
Central Zone 1,Old Madras Road,BigBazaarJunction(OldMadrasRd),vehicle_breakdown,120.0
West Zone 1,Non-corridor,Ring road-Near Kengunte Junction,vehicle_breakdown,77.15126758333334
Central Zone 2,Non-corridor,ShantalaJunction,vehicle_breakdown,44.57315223333333
Central Zone 2,Mysore Road,BloodBankCircle,vehicle_breakdown,120.0
East Zone 1,Non-corridor,BigBazaar(Whitefield)Junc,vehicle_breakdown,120.0
Central Zone 2,Non-corridor,KhodaysCircle(DV UrsCircle),vehicle_breakdown,120.0
South Zone 2,Bannerghata Road,JayadevaHospitalJunc,vehicle_breakdown,71.91043833333333
Central Zone 1,Old Madras Road,OldMadrasRd-Indranagar100ftRdJunc,accident,65.42554686666666
East Zone 2,Non-corridor,TC Palya-OM RoadJunc,vehicle_breakdown,15.258431183333332
Central Zone 2,Non-corridor,WilsonGarden12thCrossJunc,others,19.3046751
Central Zone 1,Old Madras Road,OldMadrasRd-Indranagar100ftRdJunc,vehicle_breakdown,18.503100483333334
Central Zone 2,Old Madras Road,Shivajinagar(BRV)Junction,vehicle_breakdown,30.67291765
South Zone 2,Bannerghata Road,MeenakshiMallJunc,vehicle_breakdown,120.0
Unknown,Non-corridor,ElectronicCityGate-2Junc,vehicle_breakdown,45.34402125
West Zone 2,Mysore Road,SatteliteBusStandJunc,vehicle_breakdown,120.0
East Zone 2,ORR North 1,Kammanahalli-RingRoadJunction,vehicle_breakdown,120.0
West Zone 1,Mysore Road,RajeshwariJunc,others,172.3003701833333
West Zone 1,Tumkur Road,GokuldasImagesJunc,vehicle_breakdown,17.292980683333333
South Zone 2,ORR East 1,5thMainHSR,vehicle_breakdown,120.0
Central Zone 1,Hosur Road,CMP GateJunc,vehicle_breakdown,120.0
Central Zone 1,Hosur Road,CMP GateJunc,vehicle_breakdown,120.0
South Zone 1,ORR West 1,KadirenahalliJunction,vehicle_breakdown,113.13550690000001
North Zone 1,ORR North 1,"VeerannapalyaJunction(BEL,HO)",construction,120.0
North Zone 1,ORR North 1,"VeerannapalyaJunction(BEL,HO)",construction,120.0
South Zone 2,Bannerghata Road,ArakereGateJunc,vehicle_breakdown,120.0
Central Zone 2,Mysore Road,UlsoorGateJunc,vehicle_breakdown,120.0
Central Zone 2,Non-corridor,UpparpetJunction,construction,120.0
West Zone 2,West of Chord Road,ShivanahalliJunctionWOC,vehicle_breakdown,120.0
North Zone 2,Bellary Road 2,YelhankaCircle,vehicle_breakdown,120.0
Central Zone 1,Non-corridor,HosmatJunction,vehicle_breakdown,120.0
West Zone 1,Tumkur Road,SRS Peenya Junc,others,1440.0
West Zone 2,Tumkur Road,YeshwanthpuraCircle,vehicle_breakdown,31.054842
West Zone 1,Tumkur Road,PeenyaPoliceStation,vehicle_breakdown,120.0
North Zone 2,Bellary Road 2,BagalurCrossJunc,vehicle_breakdown,42.82857215
West Zone 2,Bellary Road 1,MekhriCircle,vehicle_breakdown,120.0
North Zone 2,Bellary Road 2,YelhankaCircle,vehicle_breakdown,44.67258238333333
West Zone 1,Mysore Road,UniversityJunc(Janabharti),construction,120.0
South Zone 1,Non-corridor,BanashankariBusStandJunc,vehicle_breakdown,120.0
Central Zone 1,Old Madras Road,OldMadrasRd-Indranagar100ftRdJunc,vehicle_breakdown,12.342886116666667
South Zone 2,Hosur Road,AyyappaTempleJunc,vehicle_breakdown,46.56802951666667
Central Zone 2,Mysore Road,K R MarketJunction,construction,428.7790138333333
East Zone 1,Non-corridor,HopefarmJunction,vehicle_breakdown,120.0
North Zone 1,Non-corridor,SindhiColonyJunction,vehicle_breakdown,48.712875966666665
West Zone 2,West of Chord Road,MC Circle,vehicle_breakdown,25.0307267
Central Zone 1,Old Madras Road,BigBazaarJunction(OldMadrasRd),vehicle_breakdown,120.0
Central Zone 2,Mysore Road,toll gate mysore road,vehicle_breakdown,120.0
Central Zone 2,Mysore Road,toll gate mysore road,vehicle_breakdown,120.0
Central Zone 1,Old Madras Road,BigBazaarJunction(OldMadrasRd),vehicle_breakdown,120.0
North Zone 1,ORR North 1,"VeerannapalyaJunction(BEL,HO)",construction,120.0
West Zone 1,Mysore Road,RajeshwariJunc,vehicle_breakdown,120.0
Central Zone 2,Non-corridor,UpparpetJunction,construction,120.0
West Zone 1,Tumkur Road,TumkurRdMarappanapalyaJunc,vehicle_breakdown,120.0
Central Zone 2,Old Madras Road,RamaiahCircle-UlsoorPoliceStation,vehicle_breakdown,120.0
North Zone 1,ORR North 1,"VeerannapalyaJunction(BEL,HO)",construction,120.0
North Zone 2,Bellary Road 2,BagalurCrossJunc,others,1440.0
East Zone 1,Non-corridor,ESI(k r puram),congestion,120.0
West Zone 2,Magadi Road,KHB Junction,vehicle_breakdown,120.0
Central Zone 2,Mysore Road,PoliceCornerJunc,vehicle_breakdown,120.0
South Zone 2,Bannerghata Road,MeenakshiMallJunc,vehicle_breakdown,120.0
North Zone 1,ORR North 1,"VeerannapalyaJunction(BEL,HO)",vehicle_breakdown,120.0
North Zone 2,Tumkur Road,HesaraghattaJunction,vehicle_breakdown,120.0
South Zone 2,Non-corridor,MICO Bande,vehicle_breakdown,59.11293991666666
Central Zone 2,Non-corridor,ShantalaJunction,water_logging,37.07593646666667
West Zone 1,ORR West 1,MysoreRd-RingRdJunc(Nayandanahallii),vehicle_breakdown,17.198798399999998
Central Zone 2,Mysore Road,HudsonCircle,others,120.0
Central Zone 1,Old Madras Road,QueensStatueCircle,vehicle_breakdown,75.95687948333332
South Zone 2,IRR(Thanisandra road),KoramangalaWaterTankJunc,road_conditions,1440.0
Central Zone 2,Non-corridor,ChaudrayaCircle/UdayaTVCircle(CantonmentJunc),vehicle_breakdown,120.0
West Zone 2,Tumkur Road,MS RamaiahJunc(TollGate),vehicle_breakdown,120.0
Central Zone 2,Mysore Road,toll gate mysore road,vehicle_breakdown,120.0
North Zone 1,Bellary Road 2,YelhankaBypass,vehicle_breakdown,120.0
West Zone 1,Mysore Road,UniversityJunc(Janabharti),construction,120.0
West Zone 2,Bellary Road 1,MekhriCircle,vehicle_breakdown,120.0
Central Zone 1,Mysore Road,Ashoknagar Junction(ShoolayCircle),vehicle_breakdown,53.17549951666667
North Zone 1,Bellary Road 1,HebbalFlyoverJunc,pot_holes,1293.5411368999999
Central Zone 2,Mysore Road,UlsoorGateJunc,vehicle_breakdown,50.004631583333335
Central Zone 1,Mysore Road,SiddalingaiahCircle,procession,120.0
North Zone 1,Bellary Road 2,JakkurCrossJunction,construction,120.0
East Zone 1,Varthur Road,KundanahalliGateJunc,vehicle_breakdown,120.0
Central Zone 2,Non-corridor,PurnimaTheaterJunc,vehicle_breakdown,120.0
North Zone 1,ORR North 1,Kammanahalli-RingRoadJunction,vehicle_breakdown,20.11784905
Central Zone 1,Mysore Road,OldPoliceStation-Ashoknagar,vehicle_breakdown,52.991312916666665
Central Zone 2,Non-corridor,MintoJunction,vehicle_breakdown,76.29404848333334
North Zone 2,Non-corridor,BagalakunteCrossJunction,pot_holes,120.0
North Zone 2,Non-corridor,MSRamaiahHospitalJunc,vehicle_breakdown,120.0
Central Zone 1,Old Madras Road,TrinityCircle,vehicle_breakdown,120.0
East Zone 2,ORR North 1,RamamurthyNagarJunction,vehicle_breakdown,120.0
West Zone 2,Non-corridor,MargosaRd-18thCrossJunc,vehicle_breakdown,44.92868061666666
North Zone 1,ORR North 1,"VeerannapalyaJunction(BEL,HO)",accident,120.0
West Zone 2,Non-corridor,BasavamantapaJunc-Dr RajkumarRd,tree_fall,1440.0
North Zone 2,Non-corridor,CIL CrossJunction-JayamahalRd,vehicle_breakdown,120.0
North Zone 1,ORR North 1,"VeerannapalyaJunction(BEL,HO)",accident,120.0
North Zone 1,ORR North 1,"VeerannapalyaJunction(BEL,HO)",accident,120.0
North Zone 1,ORR North 1,"VeerannapalyaJunction(BEL,HO)",accident,120.0
West Zone 2,Mysore Road,KIMCO Junction,accident,120.0
West Zone 1,Non-corridor,Nagarbhavi,vehicle_breakdown,120.0
North Zone 1,Non-corridor,SindhiColonyJunction,road_conditions,1440.0
West Zone 1,Tumkur Road,GokuldasImagesJunc,vehicle_breakdown,120.0
North Zone 1,Bellary Road 1,HebbalFlyoverJunc,vehicle_breakdown,120.0
South Zone 2,IRR(Thanisandra road),KoramangalaWaterTankJunc,construction,1440.0
Central Zone 2,Mysore Road,HudsonCircle,road_conditions,270.9179471333333
North Zone 2,Bellary Road 2,YelhankaCircle,accident,32.31531945
West Zone 1,Magadi Road,Srigandakaval,vehicle_breakdown,120.0
North Zone 2,Bellary Road 2,SantheCircle,vehicle_breakdown,120.0
Unknown,Bellary Road 2,HunsemarammanahalliJunction,others,173.80799983333333
West Zone 1,Non-corridor,Nagarbhavi,vehicle_breakdown,120.0
West Zone 1,Tumkur Road,GokuldasImagesJunc,vehicle_breakdown,18.4725225
West Zone 1,Mysore Road,UniversityJunc(Janabharti),construction,120.0
Central Zone 1,Old Madras Road,Arts&CraftsCircle,vehicle_breakdown,10.0
West Zone 1,Magadi Road,Srigandakaval,vehicle_breakdown,120.0
West Zone 1,Tumkur Road,SRS Peenya Junc,vehicle_breakdown,120.0
South Zone 2,Hosur Road,Marigowda-TavarkereRdJunc,others,1440.0
West Zone 2,Bellary Road 1,MekhriCircle,vehicle_breakdown,120.0
Central Zone 2,CBD 2,IndianExpressJunction,test_demo,120.0
Central Zone 2,CBD 2,IndianExpressJunction,accident,120.0
West Zone 1,Mysore Road,MysoreRd--MadhuPetrolBunkJunction,others,21.920086183333336
Central Zone 1,Mysore Road,MotherTeressaCircle,vehicle_breakdown,120.0
South Zone 1,ORR West 1,KadirenahalliJunction,vehicle_breakdown,10.0
East Zone 1,ORR East 1,Kadubeesanahalli-ORR Junc,vehicle_breakdown,20.836302666666665
North Zone 2,ORR North 2,BEL Circle,construction,1440.0
Central Zone 2,Bellary Road 1,LRDE Junction,vehicle_breakdown,120.0
South Zone 1,ORR West 1,Delmia-Jayanagar,construction,120.0
Central Zone 1,Mysore Road,Ashoknagar Junction(ShoolayCircle),vehicle_breakdown,36.41693461666667
South Zone 1,Non-corridor,KonanakunteJunction(KanakapurarRd),vehicle_breakdown,120.0
South Zone 2,Hosur Road,Bommanahalli,vehicle_breakdown,120.0
Central Zone 1,Old Madras Road,BigBazaarJunction(OldMadrasRd),vehicle_breakdown,120.0
North Zone 1,Bellary Road 1,HebbalFlyoverJunc,road_conditions,1440.0
West Zone 1,Magadi Road,Sumanhalli,others,140.94401789999998
Central Zone 2,Non-corridor,WilsonGarden12thCrossJunc,vehicle_breakdown,120.0
South Zone 2,Non-corridor,Krupanidhi College,vehicle_breakdown,88.08686613333333
Central Zone 2,Non-corridor,WilsonGarden12thCrossJunc,vehicle_breakdown,10.0
Central Zone 2,Old Madras Road,Shivajinagar(BRV)Junction,others,75.93873236666667
South Zone 1,Non-corridor,UttarahalliJunction,vehicle_breakdown,120.0
West Zone 2,Tumkur Road,TataInstituteCircle,vehicle_breakdown,15.850226350000002
East Zone 1,Varthur Road,MaratahalliBridgeJunc,construction,120.0
North Zone 2,Tumkur Road,JalahalliCross(SM Circle),others,120.0
West Zone 1,Tumkur Road,GokuldasImagesJunc,vehicle_breakdown,120.0
West Zone 1,Tumkur Road,GokuldasImagesJunc,accident,120.0
Central Zone 1,Old Madras Road,QueensStatueCircle,construction,120.0
West Zone 2,ORR West 1,KatriguppeJunction,others,1440.0
Central Zone 1,Old Madras Road,OldMadrasRd-NGEF Junc,vehicle_breakdown,120.0
Central Zone 1,Old Madras Road,OldMadrasRd-NGEF Junc,vehicle_breakdown,120.0
West Zone 2,West of Chord Road,KIMCO Junction,vehicle_breakdown,120.0
West Zone 2,Non-corridor,RajajinagarEntranceJunction,vehicle_breakdown,120.0
West Zone 2,Tumkur Road,TumkurRdMarappanapalyaJunc,vehicle_breakdown,120.0
Central Zone 1,Mysore Road,OperaHouseJunc,pot_holes,1440.0
Central Zone 1,Hosur Road,AnepalyaJunc,construction,1440.0
West Zone 2,Non-corridor,BhashyamCircle,vehicle_breakdown,120.0
West Zone 1,Tumkur Road,GokuldasImagesJunc,vehicle_breakdown,28.672119833333333
West Zone 2,West of Chord Road,Fire Force Junction,pot_holes,27.686432716666665
South Zone 2,Bannerghata Road,HulimaveRd-BanneraghattaRdJunc,vehicle_breakdown,120.0
Unknown,Old Airport Road,ISRO Junction-Airport rd,others,120.0
South Zone 2,ORR East 1,IbblurJunction',vehicle_breakdown,120.0
North Zone 1,Bellary Road 1,KodigehalliCross,vehicle_breakdown,120.0
North Zone 1,Bellary Road 1,KodigehalliCross,vehicle_breakdown,120.0
North Zone 2,Bellary Road 2,BagalurCrossJunc,vehicle_breakdown,74.82453056666667
North Zone 2,Bellary Road 2,BagalurCrossJunc,vehicle_breakdown,120.0
East Zone 1,ORR East 1,Kadubeesanahalli-ORR Junc,vehicle_breakdown,120.0
North Zone 1,Bellary Road 2,Batrayanapura(Amrutahalli)Junction,vehicle_breakdown,120.0
East Zone 2,ORR North 1,RamamurthyNagarJunction,vehicle_breakdown,71.77608031666666
Central Zone 1,Old Madras Road,Shivajinagar(BRV)Junction,others,120.0
Central Zone 2,Old Madras Road,Shivajinagar(BRV)Junction,others,66.8745492
West Zone 2,Magadi Road,JaiMuniRaoCircle,construction,120.0
Central Zone 2,Non-corridor,MintoJunction,vehicle_breakdown,30.275829366666667
Central Zone 2,Old Madras Road,RamaiahCircle-UlsoorPoliceStation,vehicle_breakdown,120.0
Central Zone 2,Non-corridor,ShivandaCircle,vehicle_breakdown,101.95200981666667
West Zone 1,Non-corridor,Ring road-Near Kengunte Junction,vehicle_breakdown,125.21858565000001
West Zone 2,Tumkur Road,YeshwanthpuraCircle,vehicle_breakdown,10.0
West Zone 2,West of Chord Road,BhashyamCircle,vehicle_breakdown,120.0
Central Zone 2,Non-corridor,K R Circle,others,120.0
West Zone 1,Tumkur Road,SRS Peenya Junc,accident,49.68956086666667
North Zone 2,Bellary Road 1,MekhriCircle,vehicle_breakdown,120.0
South Zone 2,Non-corridor,NIMHANS Junction,vehicle_breakdown,120.0
West Zone 2,Tumkur Road,TataInstituteCircle,vehicle_breakdown,49.72454593333334
Central Zone 1,Old Madras Road,TrinityCircle,vehicle_breakdown,25.269977633333333
South Zone 2,Hosur Road,Bommanahalli,vehicle_breakdown,120.0
West Zone 1,Non-corridor,RajeshwariJunc,vehicle_breakdown,120.0
Central Zone 1,Non-corridor,BEML GateJunc(SuranjandasRd),procession,120.0
North Zone 2,Bellary Road 2,KogilluCrossJunc,vehicle_breakdown,120.0
North Zone 2,Bellary Road 2,YelhankaCircle,vehicle_breakdown,120.0
West Zone 1,Non-corridor,Ring road-Near Kengunte Junction,vehicle_breakdown,120.0
Central Zone 2,Non-corridor,WilsonGarden10thCrossJunc,accident,120.0
West Zone 1,Tumkur Road,SRS Peenya Junc,vehicle_breakdown,34.959811916666666
West Zone 2,ORR West 1,MysoreRd-RingRdJunc(Nayandanahallii),vehicle_breakdown,120.0
West Zone 1,Tumkur Road,SRS Peenya Junc,vehicle_breakdown,120.0
Central Zone 2,Mysore Road,K R MarketJunction,others,33.46089618333333
West Zone 1,Tumkur Road,JalahalliCross(SM Circle),vehicle_breakdown,29.595028833333334
West Zone 2,West of Chord Road,5thMainRPC Layout-Vijayanagar,vehicle_breakdown,120.0
South Zone 2,Hosur Road,AyyappaTempleJunc,vehicle_breakdown,18.803711733333333
East Zone 1,ORR East 1,IbblurJunction',accident,120.0
Central Zone 1,Old Madras Road,OldMadrasRd-SuddaguntepalyaRdJunc,vehicle_breakdown,120.0
North Zone 1,Bellary Road 2,YelhankaBypass,vehicle_breakdown,120.0
East Zone 1,ORR East 1,Kadubeesanahalli-ORR Junc,vehicle_breakdown,43.65070458333333
South Zone 2,IRR(Thanisandra road),Jaipuria-Adugodi,vehicle_breakdown,120.0
West Zone 1,Tumkur Road,TumkurRdMarappanapalyaJunc,vehicle_breakdown,55.3120185
Central Zone 1,IRR(Thanisandra road),BM ShriJunc(CMH-100FtRd)Junc,vehicle_breakdown,51.23013096666667
South Zone 2,Hosur Road,Marigowda-TavarkereRdJunc,others,97.11398355
South Zone 2,Bannerghata Road,BilekahalliJunc,vehicle_breakdown,120.0
Central Zone 2,Mysore Road,ShivajiTalkiesJunc,vehicle_breakdown,120.0
West Zone 1,Tumkur Road,SRS Peenya Junc,vehicle_breakdown,120.0
Central Zone 2,Non-corridor,SubedarChatramRd near SheshadripuramPS,pot_holes,120.0
Central Zone 1,ORR East 1,AgaraJunction,vehicle_breakdown,120.0
Central Zone 2,Mysore Road,PoliceCornerJunc,vehicle_breakdown,35.43387466666666
Central Zone 1,Old Madras Road,OldMadrasRd-Indranagar100ftRdJunc,vehicle_breakdown,29.915713316666665
East Zone 1,ORR East 1,Deverabeesanahalli-ORR Junc,vehicle_breakdown,120.0
Central Zone 1,Non-corridor,D'SouzaCircle,vehicle_breakdown,120.0
Central Zone 2,Non-corridor,ThomasCafe-New,vehicle_breakdown,120.0
Central Zone 1,Non-corridor,MotherTeressaCircle,vehicle_breakdown,120.0
East Zone 2,ORR North 1,KalyanNagar-ORR Junc,vehicle_breakdown,120.0
West Zone 2,ORR West 1,ItmaduJunction,vehicle_breakdown,43.33326306666667
West Zone 2,Mysore Road,SatteliteBusStandJunc,vehicle_breakdown,47.4729165
North Zone 1,Airport New South Road,HennurRoad-ORR Junc,vehicle_breakdown,120.0
Central Zone 2,Non-corridor,BinnyMillJunction,others,1440.0
North Zone 1,ORR North 2,BEL Circle,construction,120.0
West Zone 2,Bellary Road 1,MekhriCircle,vehicle_breakdown,36.54220323333333
Central Zone 2,Mysore Road,N R SquareJunc,vehicle_breakdown,49.315911283333335
Central Zone 2,Mysore Road,UlsoorGateJunc,vehicle_breakdown,10.0
South Zone 2,Hosur Road,NaganathapuraJunction,vehicle_breakdown,120.0
South Zone 2,Bannerghata Road,J D MaraJunc,vehicle_breakdown,20.97513005
West Zone 2,West of Chord Road,VijayanagarBusStandJunction,vehicle_breakdown,30.68868525
North Zone 2,Bellary Road 2,YelhankaCircle,construction,20.752085700000002
South Zone 2,Hosur Road,Kudlu Gate Junc,vehicle_breakdown,111.86912819999999
Central Zone 1,Mysore Road,OldPoliceStation-Ashoknagar,vehicle_breakdown,10.0
West Zone 1,Tumkur Road,Chokasandra (Tumkur road),vehicle_breakdown,120.0
West Zone 2,Tumkur Road,MS RamaiahJunc(TollGate),vehicle_breakdown,27.4665295
West Zone 2,Non-corridor,MargosaRd-18thCrossJunc,vehicle_breakdown,120.0
Central Zone 2,Non-corridor,K R Circle,vehicle_breakdown,120.0
Unknown,Non-corridor,DoddaballapuraCrossJunc,construction,1440.0
Central Zone 2,Mysore Road,TownhallJunction,vehicle_breakdown,120.0
North Zone 2,Bellary Road 2,KogilluCrossJunc,vehicle_breakdown,10.638263616666668
Central Zone 1,Old Madras Road,BigBazaarJunction(OldMadrasRd),vehicle_breakdown,120.0
West Zone 2,West of Chord Road,KIMCO Junction,others,1440.0
South Zone 1,ORR West 1,JP Nagar 15th cross junction,construction,18.658855366666668
Central Zone 1,Old Madras Road,BigBazaarJunction(OldMadrasRd),vehicle_breakdown,120.0
Central Zone 2,CBD 2,PoliceTimmaiahCircle(GPO),vehicle_breakdown,72.16349068333334
Central Zone 1,Old Madras Road,OldMadrasRd-Indranagar100ftRdJunc,vehicle_breakdown,10.0
West Zone 1,ORR West 1,KatriguppeJunction,construction,120.0
North Zone 2,Bellary Road 2,KogilluCrossJunc,vehicle_breakdown,38.233425366666665
Central Zone 2,Mysore Road,BangaloreBodyBuildersJunc,vehicle_breakdown,120.0
Central Zone 2,Non-corridor,AnandRaoJunction,vehicle_breakdown,120.0
North Zone 2,Bellary Road 2,KogilluCrossJunc,vehicle_breakdown,29.770767616666667
West Zone 2,Tumkur Road,YeshwanthpuraCircle,vehicle_breakdown,120.0
West Zone 2,Tumkur Road,YeshwanthpuraCircle,vehicle_breakdown,120.0
Central Zone 1,Old Madras Road,BigBazaarJunction(OldMadrasRd),vehicle_breakdown,120.0
South Zone 1,Non-corridor,MarenahalliRd-18thMainRdJunc,vehicle_breakdown,20.327187849999998
Central Zone 1,Mysore Road,BloodBankCircle,vehicle_breakdown,120.0
Central Zone 2,Mysore Road,BloodBankCircle,vehicle_breakdown,27.996742333333334
Central Zone 2,Mysore Road,Richmond circle jn,vehicle_breakdown,10.0
Central Zone 2,Mysore Road,Richmond circle jn,vehicle_breakdown,16.146346233333333
Central Zone 2,Non-corridor,KhodaysCircle(DV UrsCircle),vehicle_breakdown,10.0
Central Zone 2,Mysore Road,HudsonCircle,vehicle_breakdown,120.0
West Zone 2,ORR West 1,MysoreRd-RingRdJunc(Nayandanahallii),vehicle_breakdown,100.30296911666666
Central Zone 1,Mysore Road,Richmond circle jn,vehicle_breakdown,120.0
Central Zone 1,Mysore Road,OperaHouseJunc,vehicle_breakdown,57.07676813333333
Central Zone 1,Mysore Road,Richmond circle jn,vehicle_breakdown,62.4407437
Central Zone 2,Mysore Road,BiryandCircle,vehicle_breakdown,120.0
West Zone 1,Mysore Road,RajeshwariJunc,vehicle_breakdown,120.0
Central Zone 2,Non-corridor,KarnatakaBhavanJunction,accident,120.0
Central Zone 2,Old Madras Road,RamaiahCircle-UlsoorPoliceStation,vehicle_breakdown,120.0
East Zone 1,Varthur Road,MaratahalliBridgeJunc,vehicle_breakdown,120.0
Central Zone 2,Non-corridor,KrishnaFlourMill,vehicle_breakdown,120.0
East Zone 2,ORR North 1,KalyanNagar-ORR Junc,vehicle_breakdown,120.0
North Zone 2,Tumkur Road,HesaraghattaJunction,vehicle_breakdown,120.0
West Zone 1,Mysore Road,MysoreRd-RingRdJunc(Nayandanahallii),vehicle_breakdown,120.0
West Zone 1,Magadi Road,Srigandakaval,vehicle_breakdown,120.0
Central Zone 2,Mysore Road,HudsonCircle,vehicle_breakdown,120.0
South Zone 1,Non-corridor,Arbindo Circle,pot_holes,1241.1601620166666
South Zone 1,Non-corridor,28thMainJayanagarJunc,pot_holes,120.0
South Zone 2,Hosur Road,Bommanahalli,vehicle_breakdown,120.0
West Zone 1,Mysore Road,UniversityJunc(Janabharti),vehicle_breakdown,18.391840950000002
Central Zone 2,Non-corridor,CID-CarltonHouseJunc,congestion,120.0
West Zone 2,Tumkur Road,YeshwanthpuraCircle,vehicle_breakdown,29.780961883333337
West Zone 1,Tumkur Road,TumkurRdMarappanapalyaJunc,vehicle_breakdown,120.0
West Zone 2,West of Chord Road,5thMainRPC Layout-Vijayanagar,vehicle_breakdown,10.0
Central Zone 2,Non-corridor,BegumMahalJunc,tree_fall,1440.0
Central Zone 1,Mysore Road,SiddalingaiahCircle,vehicle_breakdown,120.0
Central Zone 1,Old Madras Road,OldMadrasRd-DoubleRdJunc,vehicle_breakdown,20.259159333333333
West Zone 2,Bellary Road 1,MekhriCircle,others,406.3289395
Central Zone 2,Mysore Road,BiryandCircle,vehicle_breakdown,120.0
West Zone 1,ORR West 1,KatriguppeJunction,vehicle_breakdown,10.0
South Zone 1,Non-corridor,Arbindo Circle,vehicle_breakdown,25.71718945
Central Zone 2,Non-corridor,K G Junction,pot_holes,120.0
West Zone 2,Tumkur Road,YeshwanthpuraCircle,vehicle_breakdown,120.0
Central Zone 1,Mysore Road,CashPharmacyJunction,vehicle_breakdown,120.0
North Zone 2,Bellary Road 1,MekhriCircle,vehicle_breakdown,120.0
West Zone 2,Non-corridor,SadashivnagarJunc,others,598.4027556333333
Central Zone 2,CBD 2,PoliceTimmaiahCircle(GPO),vehicle_breakdown,120.0
Unknown,Non-corridor,VeerasandraGateJunction,vehicle_breakdown,120.0
East Zone 2,Non-corridor,Devasandra(k r puram),vehicle_breakdown,120.0
Central Zone 1,Old Madras Road,RamaiahCircle-UlsoorPoliceStation,vehicle_breakdown,53.08126645
Central Zone 2,CBD 2,CoffeeBoardJunc,vehicle_breakdown,53.88951821666667
South Zone 2,Hosur Road,AyyappaTempleJunc,vehicle_breakdown,10.0
West Zone 1,Tumkur Road,Chokasandra (Tumkur road),vehicle_breakdown,120.0
Central Zone 2,Mysore Road,N R SquareJunc,vehicle_breakdown,120.0
East Zone 1,ORR East 1,Deverabeesanahalli-ORR Junc,vehicle_breakdown,24.52389155
East Zone 1,ORR East 1,Kadubeesanahalli-ORR Junc,vehicle_breakdown,83.42797768333334
Central Zone 2,Non-corridor,K H Road-SiddaiahRdJunc(BMTC-BigBazaar),vehicle_breakdown,66.69363336666667
Central Zone 1,Old Madras Road,AnjaneyaTempleJunc,vehicle_breakdown,120.0
West Zone 2,ORR West 1,MysoreRd-RingRdJunc(Nayandanahallii),vehicle_breakdown,120.0
West Zone 1,Tumkur Road,Chokasandra (Tumkur road),vehicle_breakdown,120.0
Central Zone 2,Mysore Road,PoliceCornerJunc,vehicle_breakdown,120.0
Central Zone 2,Mysore Road,toll gate mysore road,vehicle_breakdown,23.59637425
Central Zone 2,Non-corridor,Shivajinagar(BRV)Junction,vehicle_breakdown,26.267882366666665
North Zone 1,ORR North 1,Nagavara-ORR Junction,construction,120.0
East Zone 1,Varthur Road,KundanahalliGateJunc,vehicle_breakdown,50.8098261
South Zone 2,Bannerghata Road,ArakereGateJunc,water_logging,120.0
West Zone 2,Tumkur Road,YeshwanthpuraCircle,others,81.79674135
Central Zone 2,CBD 2,CoffeeBoardJunc,vehicle_breakdown,120.0
Central Zone 2,Non-corridor,MillCornerRd-SampigeRdJunc,vehicle_breakdown,120.0
Central Zone 2,Non-corridor,MillCornerRd-SampigeRdJunc,vehicle_breakdown,120.0
West Zone 1,Tumkur Road,GoruguntepalyaJunc,vehicle_breakdown,120.0
West Zone 1,Magadi Road,Srigandakaval,others,143.69155221666668
South Zone 2,Bannerghata Road,BilekahalliJunc,vehicle_breakdown,22.181698200000003
South Zone 2,IRR(Thanisandra road),Jaipuria-Adugodi,vehicle_breakdown,120.0
Central Zone 2,Non-corridor,VetenaryHospitalJunc-Shivajinagar,vehicle_breakdown,120.0
Unknown,Non-corridor,DomlurWaterTank,vehicle_breakdown,85.28976388333334
Unknown,Non-corridor,"Trilight Circle,Race course Road",vehicle_breakdown,63.35080513333333
Unknown,Mysore Road,UlsoorGateJunc,vehicle_breakdown,101.30639593333333
Unknown,Bellary Road 2,JakkurCrossJunction,accident,120.0
Unknown,Mysore Road,PoliceCornerJunc,vehicle_breakdown,120.0
Unknown,Bellary Road 2,JakkurCrossJunction,accident,120.0
Unknown,Non-corridor,BloodBankCircle,vehicle_breakdown,120.0
Unknown,Non-corridor,SadashivnagarJunc,construction,482.79533441666666
Unknown,Mysore Road,A S CharStreet-MysoreRdJunc,accident,120.0
Unknown,Non-corridor,Devasandra(k r puram),others,15.193326466666667
Unknown,Mysore Road,MotherTeressaCircle,vehicle_breakdown,120.0
Unknown,Mysore Road,toll gate mysore road,vehicle_breakdown,120.0
Unknown,Non-corridor,PotteryCircle,vehicle_breakdown,46.607523349999994
Unknown,Tumkur Road,JalahalliCross(SM Circle),vehicle_breakdown,51.14671941666666
Unknown,Bellary Road 1,YeshwanthpuraCircle,vehicle_breakdown,120.0
Unknown,Old Madras Road,AnilKumbleCircle,vehicle_breakdown,120.0
Unknown,Old Madras Road,MayohallJunction,others,30.950269216666666
Unknown,Non-corridor,Basappa Circle Junction,vehicle_breakdown,120.0
Unknown,Non-corridor,BinnyMillJunction,accident,120.0
Unknown,Non-corridor,Devasandra(k r puram),vehicle_breakdown,120.0
Unknown,Non-corridor,ShivandaCircle,vehicle_breakdown,13.907694183333332
Unknown,Non-corridor,K H Road-SiddaiahRdJunc(BMTC-BigBazaar),vehicle_breakdown,41.03490251666666
Unknown,Tumkur Road,GokuldasImagesJunc,vehicle_breakdown,120.0
Unknown,Non-corridor,BigBazaarJunction(OldMadrasRd),vehicle_breakdown,120.0
Unknown,Old Madras Road,BigBazaarJunction(OldMadrasRd),vehicle_breakdown,120.0
Unknown,Non-corridor,JP Nagar 9th cross-24th main jn,vehicle_breakdown,120.0
Unknown,ORR North 2,BEL Circle,vehicle_breakdown,24.6922743
Unknown,ORR East 1,IbblurJunction',others,1440.0
Unknown,Non-corridor,FTI Junction(KanteeravaStudio),pot_holes,120.0
Unknown,ORR West 1,JP Nagar 15th cross junction,vehicle_breakdown,147.82079903333334
Unknown,Magadi Road,Srigandakaval,vehicle_breakdown,14.216158733333334
Unknown,Non-corridor,KarnatakaBhavanJunction,tree_fall,63.193024916666666
Unknown,Non-corridor,KonanakunteJunction(KanakapurarRd),vehicle_breakdown,136.86012223333333
Unknown,ORR North 1,HoramavuJunction,construction,120.0
Unknown,ORR North 1,HoramavuJunction,construction,418.72792855
Unknown,ORR North 1,HoramavuJunction,construction,416.4596988166667
Unknown,ORR North 1,RamamurthyNagarJunction,construction,410.07223675
Unknown,Bannerghata Road,JayadevaHospitalJunc,vehicle_breakdown,120.0
Unknown,Non-corridor,KrishnaFlourMill,vehicle_breakdown,76.5535792
Unknown,Non-corridor,SadashivnagarJunc,vehicle_breakdown,10.172995533333333
Unknown,Mysore Road,MotherTeressaCircle,vehicle_breakdown,63.944430233333335
Unknown,Tumkur Road,HesaraghattaJunction,vehicle_breakdown,120.0
Unknown,Mysore Road,A S CharStreet-MysoreRdJunc,vip_movement,120.0
Unknown,Mysore Road,Richmond circle jn,vehicle_breakdown,120.0
Unknown,Hosur Road,CMP GateJunc,pot_holes,120.0
Unknown,Mysore Road,SatteliteBusStandJunc,vehicle_breakdown,120.0
Unknown,Bellary Road 2,YelhankaCircle,construction,120.0
Unknown,Non-corridor,KhodaysCircle(DV UrsCircle),vehicle_breakdown,120.0
Unknown,Non-corridor,KhodaysCircle(DV UrsCircle),vehicle_breakdown,120.0
Unknown,ORR West 1,KatriguppeJunction,construction,1440.0
Unknown,Magadi Road,PrasannaJunction,vehicle_breakdown,44.38574795
Unknown,Old Airport Road,ISRO Junction-Airport rd,vehicle_breakdown,120.0
Unknown,Old Madras Road,AnilKumbleCircle,vehicle_breakdown,120.0
Unknown,Mysore Road,BangaloreBodyBuildersJunc,vehicle_breakdown,32.330133016666665
Unknown,Mysore Road,KIMCO Junction,vehicle_breakdown,34.26564135
Unknown,Bellary Road 2,KodigehalliCross,vehicle_breakdown,120.0
Unknown,Magadi Road,LeprosyhospitalJunc,vehicle_breakdown,120.0
Unknown,Tumkur Road,Chokasandra (Tumkur road),others,1440.0
Unknown,Tumkur Road,YeshwanthpuraCircle,vehicle_breakdown,120.0
Unknown,IRR(Thanisandra road),Srinivagilu(Ejipura)Junc,vehicle_breakdown,16.959205216666668
Unknown,Magadi Road,LeprosyhospitalJunc,vehicle_breakdown,120.0
Unknown,Mysore Road,RajeshwariJunc,vehicle_breakdown,120.0
Unknown,Old Madras Road,CMH Rd-AdarshTheaterJunc,road_conditions,120.0
Unknown,Old Madras Road,CMH Rd-AdarshTheaterJunc,road_conditions,120.0
Unknown,Old Madras Road,CMH Rd-AdarshTheaterJunc,road_conditions,120.0
Unknown,Tumkur Road,HesaraghattaJunction,vehicle_breakdown,26.866518433333333
Unknown,Non-corridor,KrishnaFlourMill,public_event,120.0
Unknown,Bellary Road 2,Batrayanapura(Amrutahalli)Junction,vehicle_breakdown,120.0
Unknown,Old Madras Road,KamrajRdJunction,others,120.0
Unknown,Old Madras Road,CMH Rd-AdarshTheaterJunc,pot_holes,120.0
Unknown,Tumkur Road,HesaraghattaJunction,vehicle_breakdown,120.0
Unknown,Mysore Road,SatteliteBusStandJunc,vehicle_breakdown,120.0
Unknown,Non-corridor,BegumMahalJunc,vehicle_breakdown,120.0
Unknown,Old Madras Road,OldMadrasRd-NGEF Junc,vehicle_breakdown,37.8463379
Unknown,Mysore Road,toll gate mysore road,vehicle_breakdown,120.0
Unknown,Non-corridor,NGV RearGateJunc,vehicle_breakdown,81.02077853333334
Unknown,Old Madras Road,KamrajRdJunction,others,108.49235771666666
Unknown,ORR East 1,SilkBoardJunc,vehicle_breakdown,120.0
Unknown,Magadi Road,Srigandakaval,road_conditions,120.0
Unknown,Old Madras Road,OperaHouseJunc,others,90.64092015
Unknown,Non-corridor,ChandrikaJunction,tree_fall,66.67837425
Unknown,Non-corridor,D'SouzaCircle,vehicle_breakdown,80.54814843333334
Unknown,CBD 2,QueensStatueCircle,others,1440.0
Unknown,Tumkur Road,SRS Peenya Junc,vehicle_breakdown,18.983907716666668
Unknown,Bellary Road 2,YelhankaCircle,vehicle_breakdown,20.676519583333334
Unknown,Mysore Road,SatteliteBusStandJunc,vehicle_breakdown,17.08193041666667
Unknown,Old Madras Road,OldMadrasRd-80FeetRdJunc,vehicle_breakdown,120.0
Unknown,West of Chord Road,VijayanagarBusStandJunction,vehicle_breakdown,120.0
Unknown,Bannerghata Road,MeenakshiMallJunc,vehicle_breakdown,120.0
Unknown,Bellary Road 1,MekhriCircle,vehicle_breakdown,25.291362366666664
Unknown,Non-corridor,MillCornerRd-SampigeRdJunc,vehicle_breakdown,120.0
Unknown,Non-corridor,NIMHANS Junction,vehicle_breakdown,120.0
Unknown,Tumkur Road,YeshwanthpuraCircle,vehicle_breakdown,120.0
Unknown,ORR East 1,SilkBoardJunc,vehicle_breakdown,21.377075433333335
Unknown,ORR East 1,Deverabeesanahalli-ORR Junc,vehicle_breakdown,120.0
Unknown,Non-corridor,EliteJunc,vehicle_breakdown,34.28519798333333
Unknown,IRR(Thanisandra road),KoramangalaWaterTankJunc,road_conditions,226.32391145000003
Unknown,Non-corridor,Geeta Circle,vehicle_breakdown,70.25211858333334
Unknown,Mysore Road,SatteliteBusStandJunc,vehicle_breakdown,10.0
Unknown,Magadi Road,Srigandakaval,vehicle_breakdown,120.0
Unknown,Mysore Road,KIMCO Junction,vehicle_breakdown,120.0
Unknown,Bannerghata Road,SwagathMainRd-EastEndRdJunc,vehicle_breakdown,31.053444266666666
Unknown,Non-corridor,RRR(Okalipuram)Junction,vehicle_breakdown,14.164930416666666
Unknown,Non-corridor,PoliceCornerJunc,vehicle_breakdown,11.400871050000001
Unknown,Non-corridor,MargosaRd-18thCrossJunc,road_conditions,120.0
Unknown,Non-corridor,MargosaRd-18thCrossJunc,road_conditions,120.0
Unknown,Non-corridor,MargosaRd-18thCrossJunc,road_conditions,120.0
Unknown,Tumkur Road,YeshwanthpuraCircle,vehicle_breakdown,120.0
Unknown,Non-corridor,MICO Bande,vehicle_breakdown,35.590218150000005
Unknown,Mysore Road,KIMCO Junction,others,121.99925558333332
Unknown,Hosur Road,Bommanahalli,vehicle_breakdown,120.0
Unknown,Old Madras Road,BigBazaarJunction(OldMadrasRd),construction,120.0
Unknown,Mysore Road,KIMCO Junction,vehicle_breakdown,36.24162716666667
Unknown,Old Madras Road,RamaiahCircle-UlsoorPoliceStation,vehicle_breakdown,120.0
Unknown,Mysore Road,TownhallJunction,vehicle_breakdown,120.0
Unknown,Non-corridor,ShantalaJunction,accident,120.0
Unknown,Non-corridor,ShantalaJunction,accident,120.0
Unknown,Non-corridor,ShantalaJunction,accident,120.0
Unknown,Non-corridor,ShantalaJunction,accident,120.0
Unknown,Bellary Road 2,Batrayanapura(Amrutahalli)Junction,vehicle_breakdown,120.0
Unknown,Bellary Road 1,MekhriCircle,vehicle_breakdown,153.29203903333334
Unknown,Non-corridor,K H Road-SiddaiahRdJunc(BMTC-BigBazaar),vehicle_breakdown,120.0
Unknown,Bellary Road 2,BagalurCrossJunc,vehicle_breakdown,21.891094866666666
Unknown,Bellary Road 1,MekhriCircle,vehicle_breakdown,120.0
Unknown,Non-corridor,MillCornerRd-SampigeRdJunc,vehicle_breakdown,120.0
Unknown,Non-corridor,BanashankariBusStandJunc,vehicle_breakdown,120.0
Unknown,Non-corridor,CID-CarltonHouseJunc,vehicle_breakdown,76.49049193333333
Unknown,Bellary Road 1,HebbalFlyoverJunc,vehicle_breakdown,120.0
Unknown,Bellary Road 2,KogilluCrossJunc,water_logging,251.52996988333334
Unknown,ORR West 1,KanakapuraRd-RingRdJunction,public_event,120.0
Unknown,Bellary Road 2,YelhankaCircle,road_conditions,120.0
Unknown,Non-corridor,KhodaysCircle(DV UrsCircle),others,10.0
Unknown,Hosur Road,Marigowda-TavarkereRdJunc,vehicle_breakdown,120.0
Unknown,ORR North 1,HoramavuJunction,accident,120.0
Unknown,Non-corridor,BrigadeMillenium,tree_fall,120.0
Unknown,ORR East 1,IbblurJunction',water_logging,1373.8838876333332
Unknown,Non-corridor,NagaTheaterJunc-Ulsoor,tree_fall,1440.0
Unknown,Bellary Road 2,YelhankaCircle,water_logging,1440.0
Unknown,Bellary Road 1,MekhriCircle,vehicle_breakdown,120.0
Unknown,Non-corridor,HopefarmJunction,vehicle_breakdown,120.0
Unknown,Mysore Road,KIMCO Junction,vehicle_breakdown,10.0
Unknown,CBD 1,TyagiHengalvarayaJunc(DickensonRd),others,120.0
Unknown,IRR(Thanisandra road),KoramangalaWaterTankJunc,pot_holes,120.0
Unknown,Hennur Main Road,Nagavara-ORR Junction,vehicle_breakdown,120.0
Unknown,Magadi Road,Sumanhalli,road_conditions,10.0
Unknown,Non-corridor,K R Circle,vehicle_breakdown,120.0
Unknown,West of Chord Road,KIMCO Junction,vehicle_breakdown,22.82533031666667
Unknown,Non-corridor,"PriyadarshiniHotel,Jayamahal,RT Nagar",vehicle_breakdown,120.0
Unknown,Bannerghata Road,ArakereGateJunc,road_conditions,120.0
Unknown,Hennur Main Road,Nagavara-ORR Junction,vehicle_breakdown,120.0
Unknown,Non-corridor,VeerasandraGateJunction,vehicle_breakdown,120.0
Unknown,ORR East 1,Deverabeesanahalli-ORR Junc,vehicle_breakdown,25.0730054
Unknown,Non-corridor,VeerasandraGateJunction,vehicle_breakdown,120.0
Unknown,Tumkur Road,GoruguntepalyaJunc,vehicle_breakdown,120.0
Unknown,Bellary Road 2,YelhankaBypass,construction,28.910718466666665
Unknown,Mysore Road,Richmond circle jn,protest,120.0
Unknown,Tumkur Road,HesaraghattaJunction,vehicle_breakdown,120.0
Unknown,Non-corridor,DomlurWaterTank,vehicle_breakdown,33.196245600000005
Unknown,Bellary Road 2,SantheCircle,construction,120.0
Unknown,Hosur Road,CMP GateJunc,vehicle_breakdown,10.165711216666667
Unknown,Bellary Road 2,SantheCircle,vehicle_breakdown,23.137789549999997
Unknown,Mysore Road,HudsonCircle,vehicle_breakdown,11.579319183333332
Unknown,Tumkur Road,SRS Peenya Junc,vehicle_breakdown,54.305417883333334
Unknown,Magadi Road,Sumanhalli,vehicle_breakdown,120.0
Unknown,Hosur Road,NaganathapuraJunction,vehicle_breakdown,120.0
Unknown,Bellary Road 2,JakkurCrossJunction,vehicle_breakdown,120.0
Unknown,Bellary Road 2,JakkurCrossJunction,vehicle_breakdown,120.0
Unknown,Hosur Road,CMP GateJunc,water_logging,1440.0
Unknown,Non-corridor,SagarTheatreJunc,vehicle_breakdown,53.374649950000006
Unknown,Magadi Road,Sumanhalli,vehicle_breakdown,120.0
Unknown,Bannerghata Road,BilekahalliJunc,water_logging,120.0
Unknown,Hosur Road,SarjapurRd-St JohnsRdJunc,vehicle_breakdown,120.0
Unknown,Non-corridor,DomlurWaterTank,vehicle_breakdown,21.26601733333333
Unknown,Bellary Road 2,KogilluCrossJunc,vehicle_breakdown,120.0
Unknown,Tumkur Road,YeshwanthpuraCircle,tree_fall,24.31025375
Unknown,Bellary Road 2,YelhankaCircle,water_logging,120.0
Unknown,Bellary Road 2,YelhankaCircle,water_logging,120.0
Unknown,Tumkur Road,Chokasandra (Tumkur road),water_logging,1440.0
Unknown,Non-corridor,Devasandra(k r puram),water_logging,1440.0
Unknown,Bannerghata Road,ArakereGateJunc,water_logging,120.0
Unknown,Bellary Road 2,KogilluCrossJunc,water_logging,146.49335698333334
Unknown,Bellary Road 2,Batrayanapura(Amrutahalli)Junction,water_logging,120.0
Unknown,Non-corridor,BinnyMillJunction,vehicle_breakdown,49.27864815
Unknown,Non-corridor,29thMainRdBTM LayoutJunc,water_logging,120.0
Unknown,Tumkur Road,HesaraghattaJunction,vehicle_breakdown,26.296394516666666
Unknown,Bellary Road 2,YelhankaBypass,accident,120.0
Unknown,Non-corridor,K R Circle,water_logging,120.0
Unknown,Non-corridor,K R Circle,water_logging,120.0
Unknown,Non-corridor,K R Circle,water_logging,120.0
Unknown,ORR North 1,Nagavara-ORR Junction,vehicle_breakdown,120.0
Unknown,Non-corridor,SiddapuraJunction,tree_fall,125.77258660000001
Unknown,Non-corridor,K R Circle,vehicle_breakdown,120.0
Unknown,Non-corridor,K R Circle,others,32.53826038333333
Unknown,Non-corridor,K R Circle,vehicle_breakdown,120.0
Unknown,Non-corridor,GangammagudiJunc,vehicle_breakdown,63.358071466666665
Unknown,Tumkur Road,GoruguntepalyaJunc,vehicle_breakdown,120.0
Unknown,Tumkur Road,JalahalliCross(SM Circle),vehicle_breakdown,120.0
Unknown,Bannerghata Road,BilekahalliJunc,vehicle_breakdown,120.0
Unknown,Mysore Road,MotherTeressaCircle,vehicle_breakdown,120.0
Unknown,West of Chord Road,MC Circle,vehicle_breakdown,120.0
Unknown,Mysore Road,Richmond circle jn,vehicle_breakdown,56.79307898333333
Unknown,CBD 1,SafinaPlazaJunc,vehicle_breakdown,64.51499301666666
Unknown,Hosur Road,SilkBoardJunc,vehicle_breakdown,120.0
Unknown,Hosur Road,SilkBoardJunc,vehicle_breakdown,120.0
Unknown,West of Chord Road,Rajajinagar19thMainJunc,vehicle_breakdown,120.0
Unknown,Non-corridor,"PriyadarshiniHotel,Jayamahal,RT Nagar",public_event,120.0
Unknown,Hennur Main Road,Nagavara-ORR Junction,public_event,120.0
Unknown,Tumkur Road,YeshwanthpuraCircle,accident,37.806749716666666
Unknown,Non-corridor,KrishnaFlourMill,vehicle_breakdown,120.0
Unknown,Non-corridor,KrishnaFlourMill,vehicle_breakdown,120.0
Unknown,CBD 2,IndianExpressJunction,vehicle_breakdown,77.91042241666668
Unknown,Non-corridor,NandiCross(RaniCross),vehicle_breakdown,54.28464705
Unknown,Hosur Road,Bommanahalli,vehicle_breakdown,120.0
Unknown,Hosur Road,Bommanahalli,vehicle_breakdown,120.0
Unknown,Non-corridor,IndianExpressJunction,others,120.0
Unknown,ORR West 1,KadirenahalliJunction,vehicle_breakdown,120.0
Unknown,CBD 2,IndianExpressJunction,vehicle_breakdown,120.0
Unknown,Tumkur Road,YeshwanthpuraCircle,vehicle_breakdown,16.706654466666667
Unknown,Non-corridor,Nagarbhavi,others,124.58709098333334
Unknown,Hosur Road,Bommanahalli,vehicle_breakdown,38.88228771666666
Unknown,Non-corridor,BTM16thMain-ORR Junc,vehicle_breakdown,120.0
Unknown,Non-corridor,DevangaHostelJunction,vehicle_breakdown,120.0
Unknown,Non-corridor,HosmatJunction,tree_fall,120.0
Unknown,Non-corridor,HosmatJunction,tree_fall,120.0
Unknown,ORR West 1,JP Nagar 15th cross junction,vehicle_breakdown,25.896753516666667
Unknown,Bellary Road 1,MekhriCircle,vehicle_breakdown,120.0
Unknown,Tumkur Road,HesaraghattaJunction,others,120.0
Unknown,Bannerghata Road,MeenakshiMallJunc,vehicle_breakdown,70.00420463333333
Unknown,Non-corridor,VetenaryHospitalJunc-Shivajinagar,pot_holes,120.0
Unknown,Bellary Road 2,YelhankaBypass,vehicle_breakdown,120.0
Unknown,Old Madras Road,TrinityCircle,pot_holes,1440.0
Unknown,ORR North 1,HennurRoad-ORR Junc,vehicle_breakdown,120.0
Unknown,Mysore Road,BangaloreBodyBuildersJunc,vehicle_breakdown,20.202111600000002
Unknown,Mysore Road,BangaloreBodyBuildersJunc,vehicle_breakdown,11.277187116666665
Unknown,Old Madras Road,AnilKumbleCircle,construction,120.0
Unknown,Tumkur Road,JalahalliCross(SM Circle),vehicle_breakdown,44.69857258333333
Unknown,West of Chord Road,Rajajinagar19thMainJunc,vehicle_breakdown,120.0
Unknown,West of Chord Road,Rajajinagar19thMainJunc,vehicle_breakdown,120.0
Unknown,Mysore Road,TownhallJunction,vehicle_breakdown,63.49284705
Unknown,Tumkur Road,GokuldasImagesJunc,vehicle_breakdown,44.002377366666664
Unknown,Hosur Road,NaganathapuraJunction,vehicle_breakdown,54.72725916666666
Unknown,Hosur Road,NaganathapuraJunction,vehicle_breakdown,43.12657125
Unknown,Bellary Road 2,BagalurCrossJunc,vehicle_breakdown,120.0
Unknown,Bannerghata Road,JayadevaHospitalJunc,vehicle_breakdown,21.635088383333333
Unknown,Non-corridor,KonanakunteJunction(KanakapurarRd),vehicle_breakdown,13.002653716666666
Unknown,Non-corridor,Arbindo Circle,vehicle_breakdown,15.77617945
Unknown,Old Madras Road,TrinityCircle,pot_holes,120.0
Unknown,Non-corridor,K H Road-SiddaiahRdJunc(BMTC-BigBazaar),vehicle_breakdown,13.914063633333335
