tree
version=v4
num_class=1
num_tree_per_iteration=1
label_index=0
max_feature_idx=12
objective=regression
feature_names=event_cause corridor zone hour day_of_week is_weekend veh_bucket concurrent_events semantic_f0 semantic_f1 semantic_f2 semantic_f3 semantic_f4
feature_infos=-1:14:6:7:16:4:2:13:11:3:8:10:9:0:12:15 -1:11:10:2:19:3:7:14:9:18:12:15:1:13:16:21:5:8:6:20:17:0 -1:8:1:9:5:7:10:4:0:2:6:3 [0:23] [0:6] [0:1] -1:2:0:1 [0:141] [0:0.73741886498112041] [-0.41505783462197077:0.68125091558435591] [-0.36982005573120047:0.85736289357635653] [-0.47200905486867079:0.61396347002562446] [-0.29420929936150042:0.74621190407381]
tree_sizes=2539 2604 2588 2611 2614 2613 2628 2607 2606 2645 2628 2641 2621 2642 2640 2628 2623 2662 2645 2649 2634 2636 2658 2650 2654 2653 2655 2665 2672 2723 2694 2694 2694 2695 2718 2686 2691 2713 2696 2752 2746 2713 2728 2746 2723 2729 2724 2710 2803 2733 2731 2743 2729 2767 2782 2701 2737 2758 2752 2712 2711 2746 2736 2752 2732 2758 2722 2741 2734 2793 2741 2761 2793 2764 2800 2736 2769 2806 2729 2784 2758 2754 2763 2789 2757 2734 2760 2737 2716 2766 2769 2753 2782 2739 2768 2775 2767 2739 2801 2732

Tree=0
num_leaves=31
num_cat=13
split_feature=1 0 2 0 0 6 7 2 0 3 3 6 2 6 3 3 7 7 6 7 3 3 0 3 3 7 3 3 3 3
split_gain=1.01556e+06 192619 134584 130022 62880 91883.2 53532.2 52330.9 33288.9 28753.9 31185.5 28738.9 27047.8 26846.7 19676.6 29862 14370.5 13746.8 11465.9 9905.33 9725.75 13336.8 9560.43 9388.98 14383.5 9213.43 7326.52 19464.7 6866.33 11430
threshold=0 1 2 3 4 5 2.5000000000000004 6 7 7.5000000000000009 20.500000000000004 8 9 10 7.5000000000000009 20.500000000000004 3.5000000000000004 20.500000000000004 11 1.5000000000000002 7.5000000000000009 20.500000000000004 12 7.5000000000000009 20.500000000000004 2.5000000000000004 7.5000000000000009 20.500000000000004 7.5000000000000009 20.500000000000004
decision_type=9 9 1 9 9 1 2 1 9 2 2 1 1 1 2 2 2 2 1 2 2 2 9 2 2 2 2 2 2 2
left_child=3 12 4 7 5 9 18 8 13 -3 -11 14 -2 -1 -8 -16 -9 19 -4 -5 -7 -22 -10 -6 -25 -14 -13 -28 -20 -30
right_child=1 2 6 17 23 20 11 16 22 10 -12 26 25 -15 15 -17 -18 -19 28 -21 21 -23 -24 24 -26 -27 27 -29 29 -31
leaf_value=54.527218794798785 54.777654889593023 56.673409074496313 56.063885172571915 52.593095641406435 57.55741631680489 55.253146203853021 58.40549017589089 54.89620465784315 56.038612178589339 58.451590485970399 56.663057041585319 57.676378513493042 55.151527050600627 53.189230700834699 60.422995411810362 58.40169434747515 55.948973923529145 52.58780091137865 56.841645858698328 53.99290814730589 56.578429771938403 55.227654399440866 55.021855484395473 59.117029592634417 57.380285985791758 56.653069405612094 59.168654466344783 57.603642022568756 58.559341892467117 56.935312435558174
leaf_weight=574 291 424 78 68 252 305 268 169 152 282 149 290 55 203 176 125 557 239 119 197 187 120 309 128 76 159 156 162 96 79
leaf_count=574 291 424 78 68 252 305 268 169 152 282 149 290 55 203 176 125 557 239 119 197 187 120 309 128 76 159 156 162 96 79
internal_value=56.2252 57.2133 57.4791 54.6354 56.9115 56.5861 58.1748 55.0178 54.6186 57.2581 57.8333 58.5179 55.3966 54.2037 59.0287 59.5836 55.711 53.1978 57.1417 53.6337 55.6531 56.0504 55.346 57.9283 58.47 56.2653 58.0399 58.3714 57.4277 57.8262
internal_weight=6445 3977 3472 2468 1923 1467 1549 1964 1238 855 431 1177 505 777 569 301 726 504 372 265 612 307 461 456 204 214 608 318 294 175
internal_count=6445 3977 3472 2468 1923 1467 1549 1964 1238 855 431 1177 505 777 569 301 726 504 372 265 612 307 461 456 204 214 608 318 294 175
cat_boundaries=0 1 2 3 4 5 6 7 8 9 10 11 12 13
cat_threshold=2048 3400 256 90244 16400 1 256 16384 1 256 1 2 8192
is_linear=0
shrinkage=1


Tree=1
num_leaves=31
num_cat=13
split_feature=1 0 2 0 0 6 7 2 0 3 3 6 2 6 3 3 7 6 7 7 3 3 0 3 3 7 3 3 3 3
split_gain=822742 156496 109013 105221 50932.8 74425.4 44076.2 42486.4 26779.1 23290.7 25260.2 22220.3 22066 21745.9 13648.7 24190.8 11640.1 11175.8 11134.9 8099.73 7877.85 10802.8 7786.19 7605.07 11650.6 7462.88 6052.85 14784.7 5979.03 10242.4
threshold=0 1 2 3 4 5 3.5000000000000004 6 7 7.5000000000000009 20.500000000000004 8 9 10 7.5000000000000009 20.500000000000004 3.5000000000000004 11 20.500000000000004 3.5000000000000004 7.5000000000000009 20.500000000000004 12 7.5000000000000009 20.500000000000004 2.5000000000000004 7.5000000000000009 20.500000000000004 7.5000000000000009 20.500000000000004
decision_type=9 9 1 9 9 1 2 1 9 2 2 1 1 1 2 2 2 1 2 2 2 2 9 2 2 2 2 2 2 2
left_child=3 12 4 7 5 9 17 8 13 -3 -11 14 -2 -1 -8 -16 -9 -4 19 -5 -7 -22 -10 -6 -25 -14 -13 -28 -19 -30
right_child=1 2 6 18 23 20 11 16 22 10 -12 26 25 -15 15 -17 -18 28 -20 -21 21 -23 -24 24 -26 -27 27 -29 29 -31
leaf_value=-1.5281573578040359 -1.3075739558749024 0.4034138195919541 -0.051219969090595042 -3.0256623476454356 1.1990203187579203 -0.87482281481633428 2.0269306023915608 -1.1960701554484623 -0.16905498077839981 2.0037772012940538 0.3940969790388274 1.3362027487893036 -0.96628002968701454 -2.7323466831827403 3.8271791539047708 1.9520338915162168 -0.24857783360905025 0.69637076952019517 -3.2736335107970937 -1.8914822067743466 0.31793243776668206 -0.89776544491450005 -1.0867565271015451 2.6026723422110081 1.0396029522544461 0.3851081094089544 2.6924500113365637 1.2906884478895289 2.1804646036646389 0.75356142857800368
leaf_weight=574 291 424 93 103 252 305 246 169 152 282 149 276 55 203 165 118 557 147 239 162 187 120 309 128 76 159 149 152 111 92
leaf_count=574 291 424 93 103 252 305 246 169 152 282 149 276 55 203 165 118 557 147 239 162 187 120 309 128 76 159 149 152 111 92
internal_value=-0.000440236 0.888916 1.12855 -1.43137 0.617713 0.324803 1.75469 -1.08738 -1.44703 0.929629 1.4473 2.10362 -0.74853 -1.81935 2.57174 3.04532 -0.462763 0.923165 -2.72463 -2.33231 -0.514868 -0.157259 -0.794187 1.53284 2.02035 0.0361017 1.67444 1.98458 1.18207 1.53379
internal_weight=6445 3977 3472 2468 1923 1467 1549 1964 1238 855 431 1106 505 777 529 283 726 443 504 265 612 307 461 456 204 214 577 301 350 203
internal_count=6445 3977 3472 2468 1923 1467 1549 1964 1238 855 431 1106 505 777 529 283 726 443 504 265 612 307 461 456 204 214 577 301 350 203
cat_boundaries=0 1 2 3 4 5 6 7 8 9 10 11 12 13
cat_threshold=2048 3400 256 90244 16400 1 256 16384 1 256 1 2 8192
is_linear=0
shrinkage=0.1


Tree=2
num_leaves=31
num_cat=15
split_feature=1 0 2 0 0 6 7 2 0 3 3 6 0 2 6 3 3 7 7 7 3 3 0 3 3 3 3 6 7 6
split_gain=666536 127148 88300.3 85149.6 41255.6 60284.6 36933.3 34494.1 21541 18865.4 20460.8 18790.2 27249.9 18001.7 17614.1 14112.7 22329 9428.48 9034.25 6919.12 6381.06 8750.26 6341.18 6160.11 9437.02 6159.5 14555.5 6047.68 6044.93 5220.33
threshold=0 1 2 3 4 5 1.5000000000000002 6 7 7.5000000000000009 20.500000000000004 8 9 10 11 7.5000000000000009 20.500000000000004 3.5000000000000004 18.500000000000004 1.5000000000000002 7.5000000000000009 20.500000000000004 12 7.5000000000000009 20.500000000000004 7.5000000000000009 20.500000000000004 13 2.5000000000000004 14
decision_type=9 9 1 9 9 1 2 1 9 2 2 1 9 1 1 2 2 2 2 2 2 2 9 2 2 2 2 1 2 1
left_child=3 13 4 7 5 9 27 8 14 -3 -11 15 25 -2 -1 -8 -17 -9 19 -5 -7 -22 -10 -6 -25 -13 -27 -4 -15 -19
right_child=1 2 6 18 23 20 11 17 22 10 -12 12 -14 28 -16 16 -18 29 -20 -21 21 -23 -24 24 -26 26 -28 -29 -30 -31
leaf_value=-1.3753416976187287 -1.1811606991726695 0.36307241455563966 0.95219884702137547 -2.9663020680932437 1.0791182379873971 -0.78734055128253877 1.699386097135998 -1.0764631315095892 -0.15319301949607 1.803399366901276 0.35468728718341597 0.56300953484716876 2.4023248206841554 -0.86965202507647599 -2.4591120835595532 3.3538355602643879 1.6878626755673249 -1.005850442720426 -2.9448697264989221 -1.7956036134641999 0.28613918528837318 -0.80798890630404152 -0.98148762092321273 2.3424050867557527 0.9356426904076024 1.9916317741366201 0.46217175382271147 -0.01309150132265958 0.34659729723660454 -0.10389054912464467
leaf_weight=574 291 424 140 68 252 305 294 169 152 282 149 210 203 55 203 191 139 74 240 196 187 120 309 128 76 137 114 121 159 483
leaf_count=574 291 424 140 68 252 305 294 169 152 282 149 210 203 55 203 191 139 74 240 196 187 120 309 128 76 137 114 121 159 483
internal_value=-0.00079396 0.799697 1.01569 -1.28874 0.555941 0.292322 1.57922 -0.979277 -1.30333 0.836666 1.30257 1.80923 1.43896 -0.676216 -1.63742 2.20323 2.65211 -0.416487 -2.45217 -2.09715 -0.463382 -0.141533 -0.717435 1.37956 1.81832 0.942193 1.29698 0.504689 0.0324916 -0.22372
internal_weight=6445 3977 3472 2468 1923 1467 1549 1964 1238 855 431 1288 664 505 777 624 330 726 504 264 612 307 461 456 204 461 251 261 214 557
internal_count=6445 3977 3472 2468 1923 1467 1549 1964 1238 855 431 1288 664 505 777 624 330 726 504 264 612 307 461 456 204 461 251 261 214 557
cat_boundaries=0 1 2 3 4 5 6 7 8 9 10 11 12 13 14 15
cat_threshold=2048 3400 256 90244 16400 1 256 16384 1 16400 256 1 8192 1 2
is_linear=0
shrinkage=0.1


Tree=3
num_leaves=31
num_cat=13
split_feature=1 0 2 0 0 6 7 2 0 3 3 2 6 0 6 3 3 3 3 7 7 7 7 3 3 0 3 3 3 3
split_gain=540333 103397 71765.8 68906.9 33417 48830.5 31142.3 28005.4 17326.6 15281 16573.2 14686.1 14448.4 16548.7 14267.5 8861.23 15916.8 7715.83 9494.84 7637.07 7326.71 5834.71 5190.84 5168.66 7087.71 5164.3 5004.7 9547.38 4989.69 7643.99
threshold=0 1 2 3 4 5 3.5000000000000004 6 7 7.5000000000000009 20.500000000000004 8 9 10 11 7.5000000000000009 20.500000000000004 7.5000000000000009 20.500000000000004 3.5000000000000004 16.500000000000004 3.5000000000000004 1.0000000180025095e-35 7.5000000000000009 20.500000000000004 12 7.5000000000000009 20.500000000000004 7.5000000000000009 20.500000000000004
decision_type=9 9 1 9 9 1 2 1 9 2 2 1 1 9 1 2 2 2 2 2 2 2 2 2 2 9 2 2 2 2
left_child=3 11 4 7 5 9 17 8 14 -3 -11 -2 15 26 -1 -8 -17 -4 -19 -9 21 -5 -13 -7 -25 -10 -14 -28 -6 -30
right_child=1 2 6 20 28 23 12 19 25 10 -12 22 13 -15 -16 16 -18 18 -20 -21 -22 -23 -24 24 -26 -27 27 -29 29 -31
leaf_value=-1.2378075425321633 -1.0669686846558835 0.32676517727240079 0.26352963978052141 -2.4662470081477492 0.9712063868840537 -0.70860646951394013 1.6542989591272868 -0.96881682812814884 -0.13881934616300795 1.6230594614718823 0.31921854339189981 -1.3235595457553864 0.60576797974737073 2.2605517105883863 -2.2132008668530752 3.1090776616876781 1.5880443326497484 1.6659378889781327 0.409094229422578 -0.20134803861433129 -2.6443204258309034 -1.4976841507443959 0.20973166593168147 0.25752528211012243 -0.72719001770019531 -0.8864156461995224 1.9169420399268469 0.63018652598063163 2.1081645642407238 0.84207842224522644
leaf_weight=574 291 424 200 103 252 305 246 169 152 282 149 25 190 156 203 165 118 134 109 557 244 157 189 187 120 309 120 111 128 76
leaf_count=574 291 424 200 103 252 305 246 169 152 282 149 25 190 156 203 165 118 134 109 557 244 157 189 187 120 309 120 111 128 76
internal_value=-0.000701145 0.720033 0.914813 -1.16033 0.500347 0.26309 1.42284 -0.881924 -1.17391 0.753 1.17231 -0.610888 1.7158 1.36972 -1.47367 2.09328 2.47487 0.723551 1.10217 -0.374838 -2.20695 -1.88138 0.0292424 -0.417043 -0.12738 -0.6481 0.963062 1.29863 1.2416 1.63649
internal_weight=6445 3977 3472 2468 1923 1467 1549 1964 1238 855 431 505 1106 577 777 529 283 443 243 726 504 260 214 612 307 461 421 231 456 204
internal_count=6445 3977 3472 2468 1923 1467 1549 1964 1238 855 431 505 1106 577 777 529 283 443 243 726 504 260 214 612 307 461 421 231 456 204
cat_boundaries=0 1 2 3 4 5 6 7 8 9 10 11 12 13
cat_threshold=2048 3400 256 90244 16400 1 256 16384 256 1 81936 1 8192
is_linear=0
shrinkage=0.1


Tree=4
num_leaves=31
num_cat=14
split_feature=1 0 2 0 0 6 7 2 0 3 3 3 3 2 6 6 7 6 6 7 7 6 3 3 7 3 3 3 3 3
split_gain=438039 84086.2 58336.1 55762.4 27067.8 39552.7 26059.2 22737.5 13935.9 12623.5 26208.6 12377.6 13424.3 11981.2 11556.6 6404.19 5947.37 5782.09 5696.62 5146.28 4813.09 4808.12 4703.58 11929.5 4440.55 4186.61 5741.04 4147.93 7084.02 4041.65
threshold=0 1 2 3 4 5 1.5000000000000002 6 7 7.5000000000000009 20.500000000000004 7.5000000000000009 20.500000000000004 8 9 10 18.500000000000004 11 12 2.5000000000000004 1.5000000000000002 13 7.5000000000000009 20.500000000000004 3.5000000000000004 7.5000000000000009 20.500000000000004 7.5000000000000009 20.500000000000004 7.5000000000000009
decision_type=9 9 1 9 9 1 2 1 9 2 2 2 2 1 1 1 2 1 1 2 2 1 2 2 2 2 2 2 2 2
left_child=3 13 4 7 5 11 21 8 14 17 18 -3 -13 -2 27 -9 20 -8 -11 -17 -5 -4 -10 -24 -15 -7 -27 -1 -29 -6
right_child=1 2 6 16 29 25 9 15 22 10 -12 12 -14 24 -16 19 -18 -19 -20 -21 -22 -23 23 -25 -26 26 -28 28 -30 -31
leaf_value=-1.3894840533499206 -0.96381659840428557 0.29408867572838404 0.77814859160355165 -2.4230472149217834 0.87408576257645143 -0.63774583378776173 0.56116176772473458 -1.1121209564361167 -0.90870428739217768 2.727189205953588 1.1139639596236341 1.4607535220207053 0.28729670511796174 -0.64718625830180621 -1.9918807154218552 -0.81387387819526613 -2.3859507727622988 1.3063551760077221 1.9338094800710679 -0.088600189741810248 -1.446639027188019 -0.082550495321100412 0.42828169719148906 -1.0327203570125261 0.33507991258789893 0.23177274178693641 -0.65447101593017587 -0.42362117553185563 -1.4145754478109165 1.4728369149434215
leaf_weight=280 291 424 140 68 252 305 134 94 237 191 324 282 149 67 203 121 240 467 172 511 196 121 117 107 147 187 120 167 127 204
leaf_count=280 291 424 140 68 252 305 134 94 237 191 324 282 149 67 203 121 240 467 172 511 196 121 117 107 147 187 120 167 127 204
internal_value=-0.0006049 0.648329 0.823981 -1.04471 0.450313 0.236781 1.28201 -0.794251 -1.05734 1.47492 1.76773 0.6777 1.05508 -0.551871 -1.32631 -0.337354 -1.98626 1.14021 2.35126 -0.227458 -1.69814 0.379127 -0.585467 -0.269608 0.0263182 -0.375339 -0.114642 -1.11403 -0.851686 1.11744
internal_weight=6445 3977 3472 2468 1923 1467 1549 1964 1238 1288 687 855 431 505 777 726 504 601 363 632 264 261 461 224 214 612 307 574 294 456
internal_count=6445 3977 3472 2468 1923 1467 1549 1964 1238 1288 687 855 431 505 777 726 504 601 363 632 264 261 461 224 214 612 307 574 294 456
cat_boundaries=0 1 2 3 4 5 6 7 8 9 10 11 12 13 14
cat_threshold=2048 3400 256 90244 16400 1 256 16384 256 1 2 2 1 1
is_linear=0
shrinkage=0.1


Tree=5
num_leaves=31
num_cat=14
split_feature=1 0 0 2 3 3 2 2 7 0 0 6 3 3 3 3 7 7 6 0 6 6 3 7 6 3 3 3 3 3
split_gain=354699 69135.2 45382.2 41879.6 22270.2 22350.3 19802.8 19206.8 15813.2 15693.8 12958.3 13834.8 8924.48 13675.9 5948.11 14617.5 5703.87 4656.73 4593.61 5865.61 4581.38 4250.12 3865.73 3770.78 3631.47 3276.23 5897.2 3153.73 2497.55 4489.67
threshold=0 1 2 3 7.5000000000000009 20.500000000000004 4 5 4.5000000000000009 6 7 8 7.5000000000000009 20.500000000000004 7.5000000000000009 20.500000000000004 4.5000000000000009 16.500000000000004 9 10 11 12 7.5000000000000009 1.5000000000000002 13 7.5000000000000009 20.500000000000004 20.500000000000004 20.500000000000004 7.5000000000000009
decision_type=9 9 9 1 2 2 1 1 2 9 9 1 2 2 2 2 2 2 1 9 1 1 2 2 1 2 2 2 2 2
left_child=2 3 17 4 10 21 22 9 20 -4 11 -2 24 -14 -9 -16 -8 23 25 -20 -5 -6 -3 -1 -10 -11 -27 -24 29 -18
right_child=1 6 7 8 5 -7 16 14 12 18 -12 -13 13 -15 15 -17 28 -19 19 -21 -22 -23 27 -25 -26 26 -28 -29 -30 -31
leaf_value=-2.2011837695195129 0.31723470427334183 -1.1045140276784482 -0.37707374437486746 0.0042969866957463009 0.66584731186589885 0.1849610283926616 -0.27863160769144696 -0.54081206713013985 0.63106711874616916 -1.2078113078691399 0.78125871428869731 -0.53880054480101491 2.3739853353933853 1.223783483749781 0.87834900321817033 -0.58057823726828672 0.30727180728205927 -2.1611445055169578 -0.66757269149279075 -1.7087148657104849 0.89403584273859327 1.3179810388805797 -0.13687652130921682 -1.3182155463115248 1.3377893684066346 -0.3701734773273575 -1.2265437100031606 -0.89119656433179539 0.095030362841109162 1.40073447568076
leaf_weight=65 469 184 428 71 124 337 117 262 94 314 256 316 220 195 133 142 81 236 127 247 313 515 120 189 321 179 146 103 71 70
leaf_count=65 469 184 428 71 124 337 117 262 94 314 256 316 220 195 133 142 81 236 127 247 313 515 120 189 321 179 146 103 71 70
internal_value=-0.000693962 0.583255 -0.940238 0.783646 0.49827 0.843911 -0.283547 -0.718138 1.24984 -0.909955 0.178998 -0.0270162 1.50562 1.83353 -0.196187 0.125012 0.278188 -1.8045 -1.12921 -1.41871 0.729527 1.19143 -0.74688 -1.54417 1.17771 -0.977448 -0.754881 -0.485284 0.584178 0.814175
internal_weight=6445 3977 2468 3231 2017 976 746 1978 1214 1441 1041 785 830 415 537 275 339 490 1013 374 384 639 407 254 415 639 325 223 222 151
internal_count=6445 3977 2468 3231 2017 976 746 1978 1214 1441 1041 785 830 415 537 275 339 490 1013 374 384 639 407 254 415 639 325 223 222 151
cat_boundaries=0 1 2 3 4 5 6 7 8 9 10 11 12 13 14
cat_threshold=2048 90244 3416 288 256 353 8324 16384 1 1 65536 2 2 2
is_linear=0
shrinkage=0.1


Tree=6
num_leaves=31
num_cat=13
split_feature=1 0 2 0 7 0 6 2 0 6 0 3 3 3 3 3 3 6 2 3 3 7 7 6 7 3 3 7 3 3
split_gain=287854 57274.9 41348.2 36647.7 20067.7 19613.3 28335.7 16237 10836.8 9805.06 17510.7 8322.02 8665.74 6021.16 8123.31 5477.29 7397.37 5042.21 4836.48 4397.93 7065.81 3996.69 3786.77 3315.44 3206.65 3117.04 5170.93 3079.6 2994.5 13920.5
threshold=0 1 2 3 2.5000000000000004 4 5 6 7 8 9 7.5000000000000009 20.500000000000004 7.5000000000000009 20.500000000000004 7.5000000000000009 20.500000000000004 10 11 6.5000000000000009 20.500000000000004 2.5000000000000004 20.500000000000004 12 2.5000000000000004 7.5000000000000009 20.500000000000004 3.5000000000000004 7.5000000000000009 20.500000000000004
decision_type=9 9 1 9 2 9 1 1 9 1 9 2 2 2 2 2 2 1 1 2 2 2 2 1 2 2 2 2 2 2
left_child=3 18 5 22 15 6 11 8 -5 13 -11 -3 -13 -6 -15 -4 -17 -9 -2 -10 -21 -19 27 -8 -20 -7 -27 -1 -23 -30
right_child=1 2 4 7 9 25 23 17 19 10 -12 12 -14 14 -16 16 -18 21 24 20 -22 28 -24 -25 -26 26 -28 -29 29 -31
leaf_value=-1.8294613359570506 -0.88578136717119527 0.23295633781631039 -0.011196189855828006 -0.046521193892867484 1.1972999054994158 0.69484230514586454 -0.56119533632046137 -0.95052154875816175 -1.2226907574900725 0.58844759055610862 1.7739018226156429 1.182880108238112 0.24007092034256697 2.2868030481209813 1.2325657764434814 1.2595005793300103 0.091584996929027385 -0.68041030129448321 -0.98164642888146492 -0.54539489577030442 -1.2302785644531251 -0.31406696542378582 -1.9515543723261204 -0.11257262011312141 0.074402521931847862 1.6054025404213013 0.56983682582904771 -1.1211922491871336 1.1380677755998105 -0.33193368555066433
leaf_weight=100 238 424 170 152 268 254 312 94 467 452 186 282 149 176 125 123 97 122 37 379 250 228 231 349 129 129 77 159 98 188
leaf_count=100 238 424 170 152 268 254 312 94 467 452 186 282 149 176 125 123 97 122 37 379 250 228 231 349 129 129 77 159 98 188
internal_value=-0.00093055 0.525125 0.653104 -0.847325 1.03228 0.343001 0.166275 -0.64771 -0.868686 1.24024 0.971078 0.547504 0.856944 1.54205 1.849 0.415126 0.744556 -0.263296 -0.595161 -0.981258 -0.817606 -0.165865 -1.62405 -0.324328 -0.151835 0.909499 1.21832 -1.39466 -0.0437357 0.171773
internal_weight=6445 3977 3573 2468 1597 1976 1516 1978 1248 1207 638 855 431 569 301 390 220 730 404 1096 629 636 490 661 166 460 206 259 514 286
internal_count=6445 3977 3573 2468 1597 1976 1516 1978 1248 1207 638 855 431 569 301 390 220 730 404 1096 629 636 490 661 166 460 206 259 514 286
cat_boundaries=0 1 2 3 4 5 6 7 8 9 10 11 12 13
cat_threshold=2048 1096 256 3416 18448 1 256 8192 1 18448 2 256 4
is_linear=0
shrinkage=0.1


Tree=7
num_leaves=31
num_cat=14
split_feature=1 0 2 0 7 0 6 2 0 3 3 3 3 7 3 3 3 3 3 3 6 0 6 6 6 6 3 3 11 3
split_gain=233309 46625.7 33652.7 30782.8 16893.7 15970 19506 15179.3 9526.48 8215.7 15982.6 6740.83 7019.25 4815.64 4323 4221.06 3787.63 6228.33 3740.82 10629.3 3463.71 3410.32 3329.95 3252.74 2858.4 2741.17 2365.11 4414.68 2280.24 2172.02
threshold=0 1 2 3 1.5000000000000002 4 5 6 7 7.5000000000000009 20.500000000000004 7.5000000000000009 20.500000000000004 1.5000000000000002 7.5000000000000009 20.500000000000004 6.5000000000000009 20.500000000000004 7.5000000000000009 20.500000000000004 8 9 10 11 12 13 7.5000000000000009 20.500000000000004 -0.043313160643240013 7.5000000000000009
decision_type=9 9 1 9 2 9 1 1 9 2 2 2 2 2 2 2 2 2 2 2 1 9 1 1 1 1 2 2 2 2
left_child=3 14 5 -1 22 29 11 8 26 24 25 -7 -13 -9 -2 -16 -10 -18 -15 20 -20 -8 -4 -23 -6 -11 -5 -28 -12 -3
right_child=1 2 4 7 9 6 21 13 16 10 28 12 -14 18 15 -17 17 -19 19 -21 -22 23 -24 -25 -26 -27 27 -29 -30 -31
leaf_value=-1.6087970025044809 -0.87983582506132374 0.69680519104003913 0.56714346683451111 -0.48334810032564052 0.41154749004253699 0.20966069349702798 0.27774538388327946 -0.88567422450735023 -1.1317376427277774 2.0337485405006959 0.31891950973092698 1.0645920692606177 0.21606383931716816 -0.42001300483239623 0.16931000793802328 -0.75213601863247226 -0.5191616341508648 -1.1398289403208979 1.1756083089035827 -0.37711417483338178 0.21419608952247937 -0.56165775478321267 -0.12762471612762002 -0.1013153550276442 0.93297579415508969 1.4898701969989474 0.86441835727331784 -0.6379293872464088 0.952783551309623 1.1778470975806916
leaf_weight=366 201 216 140 68 134 424 116 104 499 191 73 282 149 297 116 87 403 270 77 227 73 274 136 349 488 180 53 31 255 166
leaf_count=366 201 216 140 68 134 424 116 104 499 191 73 282 149 297 116 87 403 270 77 227 73 274 136 349 488 180 53 31 255 166
internal_value=-0.000615615 0.472983 0.588453 -0.762611 0.93052 0.308701 0.166488 -0.608354 -0.815999 1.08501 1.32026 0.492754 0.771249 -0.249113 -0.537785 -0.225595 -0.915155 -0.768166 -0.154585 0.0545179 0.707721 -0.208738 0.224794 -0.298978 0.820642 1.76987 -0.0421562 0.30998 0.81171 0.882736
internal_weight=6445 3977 3573 2468 1597 1976 1594 2102 1324 1321 699 855 431 778 404 203 1172 673 674 377 150 739 276 623 622 371 152 84 328 382
internal_count=6445 3977 3573 2468 1597 1976 1594 2102 1324 1321 699 855 431 778 404 203 1172 673 674 377 150 739 276 623 622 371 152 84 328 382
cat_boundaries=0 1 2 3 4 5 6 7 8 9 10 11 12 13 14
cat_threshold=2048 1096 256 3400 73856 1 256 8192 1 2052 1 4 2 1
is_linear=0
shrinkage=0.1


Tree=8
num_leaves=31
num_cat=16
split_feature=1 2 0 0 3 3 0 6 7 2 0 6 0 6 2 6 3 3 7 3 3 3 3 0 6 3 3 1 3 3
split_gain=189696 32843.8 25047.4 24187.4 13297 13732.9 12599.7 17357 11193.4 7547.55 7174.77 6801.48 10258.2 5480.51 4484.3 3778.83 3046.11 4387.38 2926.09 2791.51 3644.88 2786.55 7465.88 2364.96 7000.82 2324.2 8766.86 2097.95 2083.1 3595.71
threshold=0 1 2 3 7.5000000000000009 20.500000000000004 4 5 4.5000000000000009 6 7 8 9 10 11 12 7.5000000000000009 20.500000000000004 2.5000000000000004 7.5000000000000009 20.500000000000004 7.5000000000000009 20.500000000000004 13 14 7.5000000000000009 20.500000000000004 15 7.5000000000000009 20.500000000000004
decision_type=9 1 9 9 2 2 9 1 2 1 9 1 9 1 1 1 2 2 2 2 2 2 2 9 1 2 2 9 2 2
left_child=2 3 -1 4 10 23 14 9 15 -8 -2 16 -13 -12 21 -3 -10 -18 -11 -5 -21 -4 -23 24 -6 -20 -27 -17 -9 -30
right_child=1 8 6 19 5 -7 7 28 11 18 13 12 -14 -15 -16 27 17 -19 25 20 -22 22 -24 -25 -26 26 -28 -29 29 -31
leaf_value=-1.438577514428359 0.68724475997989465 0.72499825092195314 -0.57116489479080645 -0.76582933186209778 -0.30195562926205727 0.10844856976022173 -0.65749897352933095 -1.3262205086648464 1.0298010691200816 -0.60359337370971167 0.22124335459262859 1.5599535419993158 0.51778906077081321 -0.29264055834426583 0.22580092974671737 -0.17912616608043513 1.9218127846717836 1.0276702341826067 -0.21616845550777028 0.12693610322184679 -0.66532874497500338 0.45918376132845878 -0.6841011611693496 1.3487639055835259 0.89380560209932891 1.1663250788398412 -0.3508947249019847 0.39298875354803525 -0.61354527916712098 -1.2971319070657095
leaf_weight=354 167 206 243 187 55 331 596 272 205 87 453 127 447 383 203 110 136 92 159 123 110 120 109 129 446 69 85 133 158 150
leaf_count=354 167 206 243 187 55 331 596 272 205 87 453 127 447 383 203 110 136 92 159 123 110 120 109 129 446 69 85 133 158 150
internal_value=-0.000760577 0.445668 -0.658021 0.214873 0.362304 0.629973 -0.529448 -0.685321 0.81952 -0.436423 0.109456 1.01029 0.78457 -0.0140167 -0.160821 0.409915 1.30952 1.56102 -0.0883732 -0.466937 -0.247095 -0.328336 -0.0849999 0.903981 0.747612 0.0520115 0.328899 0.142808 -1.12456 -0.946461
internal_weight=6445 3840 2605 2384 1964 961 2251 1576 1456 996 1003 1007 574 836 675 449 433 228 400 420 233 472 229 630 501 313 154 243 580 308
internal_count=6445 3840 2605 2384 1964 961 2251 1576 1456 996 1003 1007 574 836 675 449 433 228 400 420 233 472 229 630 501 313 154 243 580 308
cat_boundaries=0 1 2 3 4 5 6 7 8 9 10 11 12 13 14 15 16
cat_threshold=133184 288 1352 90244 73860 1 256 73728 1 132 1 256 1 16384 4 795268
is_linear=0
shrinkage=0.1


Tree=9
num_leaves=31
num_cat=13
split_feature=1 0 2 0 0 6 7 2 0 6 2 3 3 3 3 0 3 3 7 6 7 7 0 3 3 7 7 3 3 3
split_gain=156201 32106.5 21666.5 20567.5 12140 15478.4 11634.4 10519.1 7077.57 7516.18 5385.81 4608.99 4599.36 4435.25 6936.11 4004.45 3961.48 8386.37 3952 2836.81 2802.42 2545.48 2189.31 2155.79 7245.06 2143.72 2209.18 2108.52 3124.55 2094.53
threshold=0 1 2 3 4 5 4.5000000000000009 6 7 8 9 7.5000000000000009 20.500000000000004 7.5000000000000009 20.500000000000004 10 7.5000000000000009 20.500000000000004 3.5000000000000004 11 1.0000000180025095e-35 1.0000000180025095e-35 12 7.5000000000000009 20.500000000000004 20.500000000000004 4.5000000000000009 7.5000000000000009 20.500000000000004 7.5000000000000009
decision_type=9 9 1 9 9 1 2 1 9 1 1 2 2 2 2 9 2 2 2 1 2 2 9 2 2 2 2 2 2 2
left_child=3 2 4 25 5 11 13 8 9 29 -3 -2 -13 21 -15 18 -8 -18 -9 23 -12 -4 -10 -20 -25 26 -1 -6 -29 -5
right_child=1 10 6 7 27 -7 16 15 22 -11 20 12 -14 14 -16 -17 17 -19 19 -21 -22 -23 -24 24 -26 -27 -28 28 -30 -31
leaf_value=-1.5077160921207695 0.16967905228430372 -0.61477476540323983 -0.38559119976483863 -0.84606721707752774 0.54222580524812258 -0.25498304069042205 0.77425818906198718 -0.72679179308981434 -0.015897653720996999 -1.2830509512014288 -0.9611591033935547 0.87150282724529304 0.18464070870572291 1.1021394685094739 0.12560619336524698 0.31169763550613871 1.5396437691805656 0.74091852932679858 -0.23721990889691291 -0.44526563530751306 0.16213747125923936 0.31185876967022258 -0.48800825634263573 1.0878251520070163 -0.32362379615689507 -1.6127228274147893 -0.83250689162864333 1.2811435025835793 0.46247542999886182 -0.46390581731082636
leaf_weight=86 424 298 78 280 249 612 479 164 152 279 25 282 149 162 132 122 285 244 141 204 199 159 319 66 81 169 111 126 74 294
leaf_count=86 424 298 78 280 249 612 479 164 152 279 25 282 149 162 132 122 285 244 141 204 199 159 319 66 81 169 111 126 74 294
internal_value=-0.000303244 0.38721 0.497812 -0.623793 0.269902 0.128077 0.777978 -0.497698 -0.670456 -0.847345 -0.34044 0.403765 0.634049 0.404211 0.663696 -0.19892 0.982592 1.17123 -0.297137 -0.159958 0.0351982 0.0823183 -0.339148 0.0421352 0.310088 -1.31548 -1.12727 0.720395 0.978236 -0.650326
internal_weight=6445 3977 3455 2468 1916 1467 1539 2102 1324 853 522 855 431 531 294 778 1008 529 656 492 224 237 471 288 147 366 197 449 200 574
internal_count=6445 3977 3455 2468 1916 1467 1539 2102 1324 853 522 855 431 531 294 778 1008 529 656 492 224 237 471 288 147 366 197 449 200 574
cat_boundaries=0 1 2 3 4 5 6 7 8 9 10 11 12 13
cat_threshold=2048 90260 256 3400 16400 1 256 16400 1 256 16404 1 8192
is_linear=0
shrinkage=0.1


Tree=10
num_leaves=31
num_cat=15
split_feature=1 0 2 0 0 6 0 6 0 6 7 2 7 3 3 2 2 3 3 6 3 3 3 3 1 3 3 3 3 3
split_gain=126502 26808.8 18551.1 15879.7 10352.4 18897.4 9327.52 12878 7759.83 12552.5 6665.04 5562.81 4867.12 3733.28 3725.48 3225.92 3057.9 2929.62 3146.2 2821.52 2720.61 3252.53 2354.54 5934.67 2151.81 2074.91 4903.94 1815.5 3573.55 1774.43
threshold=0 1 2 3 4 5 6 7 8 9 3.5000000000000004 10 2.5000000000000004 7.5000000000000009 20.500000000000004 11 12 7.5000000000000009 20.500000000000004 13 7.5000000000000009 20.500000000000004 7.5000000000000009 20.500000000000004 14 7.5000000000000009 20.500000000000004 7.5000000000000009 20.500000000000004 7.5000000000000009
decision_type=9 9 1 9 9 1 9 1 9 1 2 1 2 2 2 1 1 2 2 1 2 2 2 2 9 2 2 2 2 2
left_child=3 17 6 8 5 12 7 13 9 11 -7 25 -4 -3 -15 22 -5 -2 -19 -11 -14 -22 -10 -24 -12 -1 -27 -9 -29 -13
right_child=1 2 4 16 -6 10 -8 27 15 19 24 29 20 14 -16 -17 -18 18 -20 -21 21 -23 23 -25 -26 26 -28 28 -30 -31
leaf_value=-0.26652191650768947 -0.69883881896289424 0.15271114631081528 0.47773668046467582 -1.3191692795157435 1.3158364372805131 -0.38652586318963877 0.61874805356593843 -0.39440567382374164 -0.51261084230640275 -1.4982479707975136 -0.04437262725371581 -0.69534503653131685 0.82490863212898591 0.78435253555893059 0.16617664346758954 0.18755939946288155 -0.674899036064744 0.18067911914710344 -0.61484353076452503 -0.89069612934414677 1.5400030125271191 0.87291637344360362 0.43179821183538847 -0.59867653222841644 0.48086457613888378 0.90954552148327683 -0.33421774379542618 0.21616737998448887 -0.44065968410836326 -0.3788920302470305
leaf_weight=121 201 424 195 290 232 163 460 322 237 114 107 348 268 282 149 200 214 116 87 232 176 125 117 107 331 66 61 195 144 361
leaf_count=121 201 424 195 290 232 163 460 322 237 114 107 348 268 282 149 200 214 116 87 232 176 125 117 107 331 66 61 195 144 361
internal_value=-0.000398128 0.348335 0.435894 -0.561491 0.689858 0.574668 0.228201 0.10642 -0.427785 -0.570303 0.159367 -0.388053 0.908886 0.363389 0.570644 -0.142532 -1.06406 -0.417872 -0.160259 -1.09087 1.05664 1.26297 -0.286681 -0.0604375 0.362519 0.0286572 0.312147 -0.224359 -0.0628388 -0.526787
internal_weight=6445 3977 3573 2468 1597 1365 1976 1516 1964 1303 601 957 764 855 431 661 504 404 203 346 569 301 461 224 438 248 127 661 339 709
internal_count=6445 3977 3573 2468 1597 1365 1976 1516 1964 1303 601 957 764 855 431 661 504 404 203 346 569 301 461 224 438 248 127 661 339 709
cat_boundaries=0 1 2 3 4 5 6 7 8 9 10 11 12 13 14 15
cat_threshold=2048 1096 256 90244 18704 1 18448 1 16384 1 1182 256 256 4 8198
is_linear=0
shrinkage=0.1


Tree=11
num_leaves=31
num_cat=14
split_feature=1 0 2 0 7 0 6 2 0 6 0 6 3 3 3 3 7 2 3 3 7 3 3 0 6 3 3 3 3 8
split_gain=102798 21752.2 15082.9 14349.7 8885.82 7668.95 8857.05 7407.2 5476.08 12149.3 5031.11 3321.36 3023.96 3017.64 2984.61 4000.5 2978.99 2691.93 2187.04 5509.86 2082.18 1958.4 6448.19 1874.48 2165.49 1839.79 5179.53 1828.56 2679.96 1416.95
threshold=0 1 2 3 1.0000000180025095e-35 4 5 6 7 8 9 10 7.5000000000000009 20.500000000000004 7.5000000000000009 20.500000000000004 1.5000000000000002 11 20.500000000000004 7.5000000000000009 2.5000000000000004 7.5000000000000009 20.500000000000004 12 13 7.5000000000000009 20.500000000000004 7.5000000000000009 20.500000000000004 0.073586287356052202
decision_type=9 9 1 9 2 9 1 1 9 1 9 1 2 2 2 2 2 1 2 2 2 2 2 9 1 2 2 2 2 2
left_child=3 17 5 -1 27 -3 12 10 9 14 25 -12 -7 -14 -6 -16 -9 -2 19 -11 -19 -18 -23 -8 -25 -5 29 -4 -29 -27
right_child=1 2 4 7 8 6 23 16 -10 18 11 -13 13 -15 15 -17 21 20 -20 -21 -22 22 -24 24 -26 26 -28 28 -30 -31
leaf_value=-1.083285589310083 -0.59036136687763274 0.60334703682788782 -0.38454909089170858 -0.43669789439266166 0.6740004821963933 0.13744002932085184 0.21428838797977995 -0.65079895997276671 1.1998602518168364 0.075066239108926944 -0.53196746322751465 -0.91876662849392032 0.70591730124561503 0.14955897379241534 1.3771966448196999 0.6983585615286092 -0.26783531205822725 -0.71726223423674307 -0.10527441899757833 0.84053081204883417 0.13371342688567878 0.58427367512385053 -0.26067614523193389 -0.42651839012647202 -0.050911276559091917 0.89492388793400357 -0.53971649911668562 0.64683313705027112 -0.4133540649163096 0.10835199439248373
leaf_weight=366 238 382 81 206 322 424 116 104 210 244 574 362 282 149 208 149 297 37 128 153 129 150 227 274 349 49 90 64 38 43
leaf_count=366 238 382 81 206 322 424 116 104 210 244 574 362 282 149 208 149 297 37 128 153 129 150 227 274 349 49 90 64 38 43
internal_value=-0.000270714 0.314096 0.392967 -0.506071 0.621962 0.205693 0.107228 -0.400913 0.710716 0.610365 -0.545702 -0.674358 0.32705 0.51358 0.894758 1.09387 -0.150714 -0.376085 0.254176 0.370069 -0.0527822 -0.0757856 0.0755108 -0.145648 -0.212692 -0.226191 -0.000352081 -0.0298285 0.251861 0.527287
internal_weight=6445 3977 3573 2468 1597 1976 1594 2102 1414 1204 1324 936 855 431 679 357 778 404 525 397 166 674 377 739 623 388 182 183 102 92
internal_count=6445 3977 3573 2468 1597 1976 1594 2102 1414 1204 1324 936 855 431 679 357 778 404 525 397 166 674 377 739 623 388 182 183 102 92
cat_boundaries=0 1 2 3 4 5 6 7 8 9 10 11 12 13 14
cat_threshold=2048 1096 256 3400 73856 1 256 18704 1 73856 1 256 2052 4
is_linear=0
shrinkage=0.1


Tree=12
num_leaves=31
num_cat=14
split_feature=1 0 0 6 0 6 2 7 2 7 2 7 2 3 3 3 3 2 6 0 1 3 3 3 3 7 3 3 3 3
split_gain=83445.7 17721.2 12584.3 21290.5 11249.6 15663.6 7330.28 4895.35 3894.15 3369.69 3361.92 4370.77 2496.86 2449.41 2444.29 2309.48 2621.1 2282.84 1840.75 1950.81 1768.69 2201.9 1883.45 1757.9 2072.46 1647 1612.82 3996.27 1449.18 3481.02
threshold=0 1 2 3 4 5 6 19.500000000000004 7 2.5000000000000004 8 3.5000000000000004 9 7.5000000000000009 20.500000000000004 7.5000000000000009 20.500000000000004 10 11 12 13 7.5000000000000009 20.500000000000004 7.5000000000000009 20.500000000000004 1.5000000000000002 7.5000000000000009 20.500000000000004 7.5000000000000009 20.500000000000004
decision_type=9 9 9 1 9 1 1 2 1 2 1 2 1 2 2 2 2 1 1 9 9 2 2 2 2 2 2 2 2 2
left_child=4 15 7 6 12 8 13 -3 28 -8 18 -12 26 -4 -15 -2 -17 25 19 -5 -9 -22 -23 -11 -25 -7 -1 -28 -6 -30
right_child=1 2 3 10 5 17 9 20 -10 23 11 -13 -14 14 -16 16 -18 -19 -20 -21 21 22 -24 24 -26 -27 27 -29 29 -31
leaf_value=-0.41137441864496549 -0.58859538818473245 1.1230828310834602 0.123696027260344 -0.09369852871827361 -0.20992119686662658 -1.2062470221519472 0.37960331988640322 0.90690605218817544 -0.42752284136949231 0.67501773175908564 -0.33805422311975758 0.33222600131753893 0.19154462226799557 0.6353255645603153 0.13460307745325487 0.20078481499041462 -0.52532293221046189 -0.96494228402376181 -0.021227228870172331 -0.55707340971493602 0.16772395663640716 0.9768923393885296 0.24224860459043268 1.2482830172235317 0.71578888092041026 -0.20300152260396215 0.36678828828864629 -0.47881493078213988 0.7770054969372171 -0.27089107622865771
leaf_weight=237 201 235 424 202 121 20 195 113 709 268 131 378 200 282 149 116 87 740 391 181 176 90 57 176 125 90 117 107 66 61
leaf_count=237 201 235 424 202 121 20 195 113 709 268 131 378 200 282 149 116 87 740 391 181 176 90 57 176 125 90 117 107 66 61
internal_value=-0.000190296 0.283044 0.354233 0.261846 -0.455901 -0.585654 0.503869 0.744085 -0.311423 0.72881 -0.0415188 0.15664 -0.0977501 0.290942 0.462222 -0.339903 -0.110404 -0.901296 -0.171639 -0.329674 0.556875 0.394138 0.69203 0.861294 1.02715 -0.353292 -0.22466 -0.0371382 0.0362695 0.273685
internal_weight=6445 3977 3573 2902 2468 1807 1619 671 957 764 1283 509 661 855 431 404 203 850 774 383 436 323 147 569 301 110 461 224 248 127
internal_count=6445 3977 3573 2902 2468 1807 1619 671 957 764 1283 509 661 855 431 404 203 850 774 383 436 323 147 569 301 110 461 224 248 127
cat_boundaries=0 1 2 3 4 5 6 7 8 9 10 11 12 13 14
cat_threshold=2048 1096 73860 1 73860 1 256 1182 261 256 25 4 2064 1156
is_linear=0
shrinkage=0.1


Tree=13
num_leaves=31
num_cat=13
split_feature=1 0 0 6 0 6 2 7 2 3 3 7 2 2 3 3 2 7 7 7 1 3 3 3 3 3 3 2 3 3
split_gain=67702.6 14357.4 10267.9 17281 9156.69 12720.4 5937.53 3932.93 3269.65 3032.85 8119.92 2729.45 2260.46 2032.49 1984.02 1979.87 1920.84 2524.4 1766.76 1702.56 1490.26 1783.54 1525.59 1423.9 1678.69 1398.74 3293.35 1383.23 1306.39 3236.98
threshold=0 1 2 3 4 5 6 19.500000000000004 7 7.5000000000000009 20.500000000000004 2.5000000000000004 8 9 7.5000000000000009 20.500000000000004 10 2.5000000000000004 4.5000000000000009 2.5000000000000004 11 7.5000000000000009 20.500000000000004 7.5000000000000009 20.500000000000004 7.5000000000000009 20.500000000000004 12 7.5000000000000009 20.500000000000004
decision_type=9 9 9 1 9 1 1 2 1 2 2 2 1 1 2 2 1 2 2 2 9 2 2 2 2 2 2 1 2 2
left_child=4 12 7 6 13 8 14 -3 25 -5 27 -8 -2 28 -4 -16 -7 -18 -14 -10 -9 -22 -23 -13 -25 -6 -27 -11 -1 -30
right_child=1 2 3 9 5 16 11 20 19 10 -12 23 18 -15 15 -17 17 -19 -20 -21 21 22 -24 24 -26 26 -28 -29 29 -31
leaf_value=-0.37023697422526558 -0.5011065615761664 1.0107745340529908 0.11132642607081611 -0.19861250839349595 -0.59597694941929402 -0.95770742266955478 0.34164299109998425 0.82358871196828243 -0.46158789539638961 0.20026134384366184 -0.2821273184305913 0.60751595612782161 -0.45363666301561612 0.1733022764325142 0.57179298181060367 0.12114277222012514 -1.1137325786881977 -0.45102096607287728 0.22795546589610735 0.05948768579646161 0.15095157423479991 0.87920316802130805 0.21802374500977365 1.1234546823935074 0.64420999584198002 0.0081926728437046806 -0.66747409490149801 0.61834549920693527 0.33010944539410442 -0.43093345142970574
leaf_weight=237 238 235 424 613 280 493 195 113 79 198 296 268 59 200 282 149 72 285 107 304 176 90 57 176 125 167 127 176 117 107
leaf_count=237 238 235 424 613 280 493 195 113 79 198 296 268 59 200 282 149 72 285 107 304 176 90 57 176 125 167 127 176 117 107
internal_value=-0.000317858 0.254804 0.318881 0.235438 -0.410796 -0.527855 0.453482 0.671008 -0.280727 -0.0378741 0.109189 0.655929 -0.305912 -0.0876897 0.261848 0.416 -0.812302 -0.568746 -0.0134848 -0.0467715 0.503267 0.354724 0.622827 0.775164 0.924433 -0.428552 -0.283677 0.418895 -0.202194 -0.0334244
internal_weight=6445 3977 3573 2902 2468 1807 1619 671 957 1283 670 764 404 661 855 431 850 357 166 383 436 323 147 569 301 574 294 374 461 224
internal_count=6445 3977 3573 2902 2468 1807 1619 671 957 1283 670 764 404 661 855 431 850 357 166 383 436 323 147 569 301 574 294 374 461 224
cat_boundaries=0 1 2 3 4 5 6 7 8 9 10 11 12 13
cat_threshold=2048 1096 73860 1 73860 1 256 256 256 256 256 1156 256
is_linear=0
shrinkage=0.1


Tree=14
num_leaves=31
num_cat=13
split_feature=1 0 2 0 6 7 0 6 3 3 2 2 3 3 2 3 3 7 7 3 3 1 3 3 1 6 3 3 7 3
split_gain=54949.5 11699 8523.44 7446.97 10352.1 5960.87 4814.85 6103.42 3281.99 7194.94 2656.51 1847.94 1844.02 3134.4 1654.51 1607.06 1603.7 1436.91 1352.58 1310.9 1983.59 1285.33 1525.45 1309.95 1267.09 1236.63 1185.49 2859.94 1180.07 1151.07
threshold=0 1 2 3 4 1.0000000180025095e-35 5 6 7.5000000000000009 20.500000000000004 7 8 7.5000000000000009 20.500000000000004 9 7.5000000000000009 20.500000000000004 2.5000000000000004 4.5000000000000009 7.5000000000000009 20.500000000000004 10 7.5000000000000009 20.500000000000004 11 12 7.5000000000000009 20.500000000000004 5.5000000000000009 7.5000000000000009
decision_type=9 9 1 9 1 2 9 1 2 2 1 1 2 2 1 2 2 2 2 2 2 9 2 2 9 1 2 2 2 2
left_child=3 11 6 14 10 19 21 15 18 -10 26 -2 -6 -14 -1 -8 -17 -13 -7 -4 -21 -3 -23 -24 -11 -9 -5 28 -28 -12
right_child=1 2 5 4 12 8 7 25 9 24 29 17 13 -15 -16 16 -18 -19 -20 20 -22 22 23 -25 -26 -27 27 -29 -30 -31
leaf_value=-0.18197433006635327 -0.45301649116220011 0.73421394283771513 -0.37497257833127629 -0.18841824334515028 -0.88586427374612497 0.12815043104496615 0.10019378384469815 -0.30534264465603667 0.96648680565869383 0.032554103623507386 -0.48324840061966035 -0.56222402121166926 -0.33388289642646329 -0.86618067705742663 0.15679729313367891 0.51461371834396474 0.10902849347799418 0.14469992726348166 0.45429110857507871 0.50368020660243928 -0.40842461146806414 0.12526830076847389 0.79287196882478483 0.18791178020380311 0.46362496824615979 -0.033829439130416916 0.1072053857369941 -0.24462540892303966 1.0041954755783082 -0.2283714998172921
leaf_weight=461 238 115 81 121 407 171 424 323 398 108 348 37 229 214 200 282 149 129 496 64 38 184 91 59 241 349 22 61 44 361
leaf_count=461 238 115 81 121 407 171 424 323 398 108 348 37 229 214 200 282 149 129 496 64 38 184 91 59 241 349 22 61 44 361
internal_value=-0.000230729 0.22961 0.287451 -0.370033 -0.475596 0.459526 0.146768 0.0607784 0.531906 0.675867 -0.252654 -0.276532 -0.732198 -0.59102 -0.0786624 0.238419 0.3744 -0.0121364 0.370678 -0.0746305 0.163876 0.431513 0.308975 0.554921 0.344445 -0.164334 0.0341952 0.248984 0.705199 -0.348557
internal_weight=6445 3977 3573 2468 1807 1597 1976 1527 1414 747 957 404 850 443 661 855 431 166 667 183 102 449 334 150 349 672 248 127 66 709
internal_count=6445 3977 3573 2468 1807 1597 1976 1527 1414 747 957 404 850 443 661 855 431 166 667 183 102 449 334 150 349 672 248 127 66 709
cat_boundaries=0 1 2 3 4 5 6 7 8 9 10 11 12 13
cat_threshold=2048 1096 256 73860 1 73860 1 1182 256 256 1156 369156 4
is_linear=0
shrinkage=0.1


Tree=15
num_leaves=31
num_cat=14
split_feature=1 0 6 0 6 2 3 3 7 2 6 0 2 7 2 2 7 11 3 3 7 3 3 7 0 3 3 1 3 4
split_gain=44543 10303.6 18169.4 6030.72 8385.22 4201.41 3908.26 8116.91 3129.18 2288.42 2237.19 2277.79 1903.52 1881.82 1509.26 1350.2 1343.56 1335.08 1301.72 1298.99 1286.53 1280.6 1207.67 1166.3 1141.28 1073.11 1550.69 1059.21 1165.08 1049.55
threshold=0 1 2 3 4 5 7.5000000000000009 20.500000000000004 19.500000000000004 6 7 8 9 3.5000000000000004 10 11 4.5000000000000009 0.071105516319634285 7.5000000000000009 20.500000000000004 1.5000000000000002 7.5000000000000009 20.500000000000004 1.5000000000000002 12 7.5000000000000009 20.500000000000004 13 7.5000000000000009 2.5000000000000004
decision_type=9 9 1 9 1 1 2 2 2 1 1 9 1 2 1 1 2 2 2 2 2 2 2 2 9 2 2 9 2 2
left_child=3 8 5 15 9 18 10 14 -2 -5 11 -4 23 21 -8 24 -16 -13 -3 -20 -11 -7 -23 -6 -1 -14 -27 29 -29 -10
right_child=1 2 6 4 12 13 7 -9 27 20 -12 17 25 -15 16 -17 -18 -19 19 -21 -22 22 -24 -25 -26 26 -28 28 -30 -31
leaf_value=0.060450468313546828 0.86460884293343165 0.090174402911567475 -0.5242629428989225 -0.35103089499146972 -0.90803713038563727 0.076305557204329452 0.15056020690719424 -0.29391321437214518 0.26617762645085657 -0.49025122704652119 -0.066515239843755292 -0.19549904657506395 -0.84802156098991888 0.65483972891066611 0.19685502519520623 0.14186422169363747 0.73176475904606009 0.5781184983253479 0.46315235465976362 0.098125645938335657 0.04052783169529655 0.78466967720734448 0.12635806514458223 -0.063798807859420784 -0.27308423915720287 -0.40322382248779559 -0.80778662840109217 0.12332957648587498 0.50471513465452356 0.9364297425746918
leaf_weight=152 235 424 339 574 20 115 283 383 33 53 358 87 361 529 72 200 135 30 282 149 330 76 44 90 309 188 191 176 147 80
leaf_count=152 235 424 339 574 20 115 283 383 33 53 358 87 361 529 72 200 135 30 282 149 330 76 44 90 309 188 191 176 147 80
internal_value=-9.0945e-05 0.206844 0.133265 -0.33304 -0.428037 0.372973 -0.0959916 0.0509819 0.562086 -0.227389 -0.253618 -0.40051 -0.658979 0.543127 0.320563 -0.0708337 0.520561 0.00263888 0.212097 0.33696 -0.0320843 0.314765 0.543289 -0.199189 -0.164163 -0.714972 -0.607106 0.411921 0.287985 0.680474
internal_weight=6445 3977 3306 2468 1807 1619 1687 873 671 957 814 456 850 764 490 661 207 117 855 431 383 235 120 110 461 740 379 436 323 113
internal_count=6445 3977 3306 2468 1807 1619 1687 873 671 957 814 456 850 764 490 661 207 117 855 431 383 235 120 110 461 740 379 436 323 113
cat_boundaries=0 1 2 3 4 5 6 7 8 9 10 11 12 13 14
cat_threshold=2048 73860 1 73860 1 256 256 4 16456 25 264 256 8192 1156
is_linear=0
shrinkage=0.1


Tree=16
num_leaves=31
num_cat=17
split_feature=1 0 0 6 3 3 3 3 1 2 0 2 7 2 2 0 6 7 0 1 7 7 7 6 2 6 11 8 7 7
split_gain=36259 8205.56 7834.7 13020.2 4328.06 4653.53 3589.3 10908 2344.54 2266.36 2243.73 2023.6 1971.07 1779.91 1735.33 1713.78 1592.25 1589.62 1488.65 1289.67 1043.09 1028.06 1018.99 986.68 980.376 945.701 917.362 831.36 810.352 817.214
threshold=0 1 2 3 7.5000000000000009 20.500000000000004 7.5000000000000009 20.500000000000004 4 5 6 7 27.500000000000004 8 9 10 11 1.0000000180025095e-35 12 13 3.5000000000000004 3.5000000000000004 3.5000000000000004 14 15 16 0.071105516319634285 0.16037849288371112 20.500000000000004 2.5000000000000004
decision_type=9 9 9 1 2 2 2 2 9 1 9 1 2 1 1 9 1 2 9 9 2 2 2 1 1 1 2 2 2 2
left_child=1 28 11 10 14 12 8 9 18 15 22 19 -6 26 25 16 -8 -15 -3 -2 -16 -11 -4 -7 -20 -5 -12 -28 29 -1
right_child=2 6 3 4 5 23 7 -9 -10 21 13 -13 -14 17 20 -17 -18 -19 24 -21 -22 -23 -24 -25 -26 -27 27 -29 -30 -31
leaf_value=-0.85982560933681962 0.14741768949423675 -0.065060507940368426 -1.0291205342610679 0.097488241400983611 0.74953756175419828 0.23104796442155548 0.16736006358400057 -0.37048481351002716 0.046751955310268517 0.18520409276243299 -0.38794324317220918 0.72828178680148614 0.39908278731652252 -0.69917032778263088 -0.024127312913173583 0.41424392282457678 -0.233971240792063 0.24392703707729069 -0.48818811397840883 0.50357170832350107 0.37877108544010912 0.67938578539505246 -0.41052659698427985 -0.12748823845042631 -0.20834356884945904 -0.16163984137700826 0.55695073604583745 -0.31240655075420037 -0.83895208975933133 -0.40057694911956787
leaf_weight=57 206 153 30 450 318 293 211 665 159 64 177 280 324 20 82 108 186 168 671 268 297 123 237 104 218 205 22 22 206 121
leaf_count=57 206 153 30 450 318 293 211 665 159 64 177 280 324 20 82 108 186 168 671 268 297 123 237 104 218 205 22 22 206 121
internal_value=-0.000205281 -0.258552 0.216887 0.137327 0.262105 0.40625 -0.191956 -0.0812673 -0.31862 0.196666 -0.243281 0.501357 0.572673 -0.0866101 0.117263 0.0789808 -0.0201614 0.136345 -0.371258 0.355031 0.284104 0.484353 -0.462702 0.137124 -0.422646 0.0161407 -0.273965 0.122272 -0.686051 -0.54764
internal_weight=6445 2942 3503 2749 2073 1039 2558 1357 1201 692 676 754 642 409 1034 505 397 188 1042 474 379 187 267 397 889 655 221 44 384 178
internal_count=6445 2942 3503 2749 2073 1039 2558 1357 1201 692 676 754 642 409 1034 505 397 188 1042 474 379 187 267 397 889 655 221 44 384 178
cat_boundaries=0 1 2 3 4 5 6 7 8 9 10 11 12 13 14 15 16 17
cat_threshold=174144 328 73876 4 2048 261 16384 1280 256 289 17428 1 8320 2441992 1 1381 1
is_linear=0
shrinkage=0.1


Tree=17
num_leaves=31
num_cat=13
split_feature=1 0 6 0 6 2 3 3 2 2 2 6 0 7 2 11 7 3 3 1 9 3 3 11 3 3 4 3 3 11
split_gain=29900.5 6944.92 12335.1 4482.89 6084.79 3054 2898.45 5896.51 2413.9 1745.07 1689.51 1525.87 1479.96 1433.2 1113.29 1081.79 1055.31 1053.71 1350.98 977.838 912.554 867.639 2112.95 849.459 840.371 930.843 817.181 815.02 1502.71 1039.78
threshold=0 1 2 3 4 5 7.5000000000000009 20.500000000000004 6 7 8 9 10 1.0000000180025095e-35 11 0.071105516319634285 2.5000000000000004 7.5000000000000009 20.500000000000004 12 -0.021646508207240411 7.5000000000000009 20.500000000000004 -0.0025313830454667123 7.5000000000000009 20.500000000000004 3.5000000000000004 7.5000000000000009 20.500000000000004 -1.0000000180025095e-35
decision_type=9 9 1 9 1 1 2 2 1 1 1 1 9 2 1 2 2 2 2 9 2 2 2 2 2 2 2 2 2 2
left_child=3 8 5 14 10 24 11 19 27 -6 -5 12 -4 -7 21 -14 -12 -15 -19 -8 -16 -1 23 -23 -3 -26 -10 29 -29 -2
right_child=1 2 6 4 9 13 7 -9 26 -11 16 -13 15 17 20 -17 -18 18 -20 -21 -22 22 -24 -25 25 -27 -28 28 -30 -31
leaf_value=-0.26827577780067674 -0.046368050304326142 0.071922681134035979 -0.43659357993855519 -0.28985165769923221 -0.28398912760556916 0.070316016253303082 0.031223233299304362 -0.24716838932846608 1.0639464635848999 -0.64420487860838582 -0.34253127938961686 -0.061000648507192813 -0.18902959419392992 0.37471412793264625 0.47132389388017115 0.5073476195335388 0.067709682033838411 0.78883859698589032 0.3943505405892162 0.35977044387996854 0.0094654799533495024 -0.11250892726438387 -0.31494892044602157 0.47595941949544884 0.37703477313332523 0.068034275813690773 0.64383578009841858 0.69403530931848245 0.16819858317312442 0.36901849747526572
leaf_weight=237 99 424 339 574 245 85 136 383 75 605 79 358 87 322 62 30 304 208 149 354 138 35 107 82 282 149 121 127 95 154
leaf_count=237 99 424 339 574 245 85 136 383 75 605 79 358 87 322 62 30 304 208 149 354 138 35 107 82 282 149 121 127 95 154
internal_value=-1.73875e-05 0.169527 0.10912 -0.272807 -0.354625 0.306626 -0.0797777 0.0467921 0.461175 -0.551298 -0.183646 -0.215522 -0.336834 0.451514 -0.0471859 -0.00964682 -0.016479 0.505883 0.624192 0.276561 0.145373 -0.132038 0.00621127 0.299922 0.169891 0.270211 0.765535 0.322391 0.469015 0.206476
internal_weight=6445 3977 3306 2468 1807 1619 1687 873 671 850 957 814 456 764 661 117 383 679 357 490 200 461 224 117 855 431 196 475 222 253
internal_count=6445 3977 3306 2468 1807 1619 1687 873 671 850 957 814 456 764 661 117 383 679 357 490 200 461 224 117 855 431 196 475 222 253
cat_boundaries=0 1 2 3 4 5 6 7 8 9 10 11 12 13
cat_threshold=2048 73860 1 73860 1 256 320 1055 256 4 16456 256 450560
is_linear=0
shrinkage=0.1


Tree=18
num_leaves=31
num_cat=13
split_feature=1 0 6 0 6 3 3 2 0 2 0 6 2 7 3 3 7 7 9 8 1 3 3 3 3 3 3 7 0 3
split_gain=24322.1 5760.52 11980.7 3692.67 5394.4 3157.07 3326.18 2446.86 2007.39 1840.91 1821.93 2020.61 1539.03 1398.66 1504.89 4724.26 1312.63 1740.57 1226.58 1838.26 1190.51 1097.43 1629.11 933.575 2874.09 930.705 2263.5 918.04 913.214 727.956
threshold=0 1 2 3 4 7.5000000000000009 20.500000000000004 5 6 7 8 9 10 64.500000000000014 17.500000000000004 11.500000000000002 28.500000000000004 3.5000000000000004 -0.23253003915849449 0.21305356901091319 11 20.500000000000004 7.5000000000000009 20.500000000000004 7.5000000000000009 7.5000000000000009 20.500000000000004 2.5000000000000004 12 7.5000000000000009
decision_type=9 9 1 9 1 2 2 1 9 1 9 1 1 2 2 2 2 2 2 2 9 2 2 2 2 2 2 2 9 2
left_child=3 7 8 4 12 16 13 18 25 28 -6 -12 23 14 15 -7 17 -4 19 -2 -20 22 -9 24 -1 -3 -27 -10 -5 -14
right_child=1 2 5 9 10 6 -8 21 27 -11 11 -13 29 -15 -16 -17 -18 -19 20 -21 -22 -23 -24 -25 -26 26 -28 -29 -30 -31
leaf_value=-0.32022859269645831 1.3759809030840795 -0.23765310944428528 -0.055409482935036738 0.093863664118640389 -0.198692658591655 0.58543350295378616 0.11350739311293832 0.60327965363417524 -0.85712269544601449 0.30342639913181157 -0.71130129701901823 -0.34880631123979888 -0.097247269547101375 0.27916524071034376 0.69423033285708657 -0.94556551361083985 -0.0094886628066631444 0.32616233593584359 -0.037090609411432128 0.30410770371187634 0.31318620212540932 0.39339651291883448 1.2611671186238529 -0.41338910889881914 0.1396092979899515 0.35855211956426503 -0.28740518562721484 -0.3516360743018791 -0.18125093031310441 0.27518885411391752
leaf_weight=382 24 186 174 156 207 104 420 101 40 117 428 240 103 246 315 25 567 382 138 48 346 79 60 186 211 120 99 353 481 107
leaf_count=382 24 186 174 156 207 104 420 101 40 117 428 240 103 246 315 25 567 382 138 48 346 79 60 186 211 120 99 353 481 107
internal_value=-0.000211715 0.16031 0.096615 -0.23458 -0.310351 0.215785 0.335384 0.398642 -0.235643 -0.0456514 -0.492876 -0.572493 -0.152003 0.470439 0.576416 0.288728 0.0975714 0.20675 0.271423 0.661399 0.219018 0.670718 0.848455 -0.215159 -0.15661 -0.0713984 0.066544 -0.393083 -0.113467 0.0883124
internal_weight=6445 3827 3031 2618 1864 2233 1110 796 798 754 875 668 989 690 444 129 1123 556 556 72 484 240 161 779 593 405 219 393 637 210
internal_count=6445 3827 3031 2618 1864 2233 1110 796 798 754 875 668 989 690 444 129 1123 556 556 72 484 240 161 779 593 405 219 393 637 210
cat_boundaries=0 1 2 3 4 5 6 7 8 9 10 11 12 13
cat_threshold=10240 73876 4 17752 1 1296 2368 448 16 4 355 115457 8192
is_linear=0
shrinkage=0.1


Tree=19
num_leaves=31
num_cat=13
split_feature=1 2 7 0 2 0 6 0 7 6 6 0 6 3 3 3 3 3 3 1 0 3 3 3 7 11 7 12 3 3
split_gain=19839.5 5006.85 4537.38 3288.36 3095.72 2583.01 2749.25 1909.54 1814.46 1737.47 1598.56 1584.36 1346.48 1227.37 3094.07 1209.24 2067.82 1174.51 2144.6 1122.94 1104.46 863.338 837.213 2325.31 779.096 828.97 766.432 766.026 765.828 921.492
threshold=0 1 4.5000000000000009 2 3 4 5 6 4.5000000000000009 7 8 9 10 7.5000000000000009 20.500000000000004 7.5000000000000009 20.500000000000004 7.5000000000000009 20.500000000000004 11 12 2.5000000000000004 7.5000000000000009 20.500000000000004 81.500000000000014 -1.0000000180025095e-35 129.50000000000003 -0.13782807707581701 20.500000000000004 7.5000000000000009
decision_type=9 1 2 9 1 9 1 9 2 1 1 9 1 2 2 2 2 2 2 9 9 2 2 2 2 2 2 2 2 2
left_child=4 3 10 -2 5 26 20 19 -6 -9 -3 12 -12 -10 -15 -11 -17 27 -19 24 -7 -13 -8 -24 -5 -26 -1 -4 29 -23
right_child=1 2 17 7 8 6 22 9 13 15 11 21 -14 14 -16 16 -18 18 -20 -21 -22 28 23 -25 25 -27 -28 -29 -30 -31
leaf_value=-0.13129947691727265 -0.3063380437031869 0.2250165072212581 0.88311443924903876 0.22421099870435654 -0.27760411153839376 -0.27095623886240511 -0.38288323251490897 0.14101391391447413 -0.10917415075879081 -0.18592297175600206 -0.82775536931696403 -0.45533981869618101 -0.16381891574710608 0.57355329961351609 -0.098010913052676646 0.23841624436900022 -0.19636812512787227 0.65616580595728013 0.27863085142953298 0.14237201041385028 -0.71511381655297379 0.027138776779174808 0.035344390842649669 -0.45889796769980234 0.3007261673609416 1.0516757305787534 0.44861697355906172 0.25246696044867878 -0.082517838012427097 0.63985609536369648
leaf_weight=452 238 277 20 31 268 124 376 855 281 405 42 24 112 119 162 256 191 320 284 168 272 45 225 165 21 49 24 521 64 54
leaf_count=452 238 277 20 31 268 124 376 855 281 405 42 24 112 119 162 256 191 320 284 168 272 45 225 165 21 49 24 521 64 54
internal_value=-0.000145012 0.13796 0.263442 0.0373042 -0.222349 -0.302355 -0.383703 0.0800284 -0.062739 0.0400678 0.0465701 -0.0983849 -0.323862 0.038607 0.186388 -0.0607636 0.0526359 0.382796 0.478649 0.323083 -0.600935 0.0993105 -0.27641 -0.173758 0.583765 0.826391 -0.09996 0.275781 0.18707 0.361348
internal_weight=6445 3977 1763 2214 2468 1638 1162 1976 830 1707 618 341 154 562 281 852 447 1145 604 269 396 187 766 390 101 70 476 541 163 99
internal_count=6445 3977 1763 2214 2468 1638 1162 1976 830 1707 618 341 154 562 281 852 447 1145 604 269 396 187 766 390 101 70 476 541 163 99
cat_boundaries=0 1 2 3 4 5 6 7 8 9 10 11 12 13
cat_threshold=2048 256 1096 289 73860 4 73728 1 1 16384 4 17540 2064
is_linear=0
shrinkage=0.1


Tree=20
num_leaves=31
num_cat=14
split_feature=1 0 6 0 6 3 3 2 0 2 3 3 2 3 3 7 1 6 3 3 9 8 7 7 1 11 0 3 3 0
split_gain=16141.6 4406.27 8689.2 2735.42 4071.72 2278.61 2429.72 1856.37 1552.53 1456.99 1346.17 1658.1 1213.53 1062.06 3774.08 1127.23 972.288 948.558 791.719 1129.42 753.62 1511.73 830.892 896.183 753.026 752.494 660.38 654.011 1595.74 649.324
threshold=0 1 2 3 4 7.5000000000000009 20.500000000000004 5 6 7 7.5000000000000009 20.500000000000004 8 17.500000000000004 11.500000000000002 64.500000000000014 9 10 20.500000000000004 7.5000000000000009 -0.23253003915849449 0.21605167991929922 94.500000000000014 101.50000000000001 11 0.23049212039427355 12 7.5000000000000009 20.500000000000004 13
decision_type=9 9 1 9 1 2 2 1 9 1 2 2 1 2 2 2 9 1 2 2 2 2 2 2 9 2 9 2 2 9
left_child=3 7 8 4 12 17 13 16 24 26 -6 -12 27 14 -7 -15 -2 25 19 -9 21 -18 29 -24 -3 -4 -5 -1 -29 -22
right_child=1 2 5 9 10 6 -8 18 -10 -11 11 -13 -14 15 -16 -17 20 -19 -20 -21 22 -23 23 -25 -26 -27 -28 28 -30 -31
leaf_value=-0.092176753375679266 -0.016843601262995177 -0.19075056787125128 0.11692693797250589 0.090583929760628443 -0.55613664782892058 0.39894655625944192 0.088247977305381087 0.52228094941318626 -0.34664071687028075 0.3017747117680285 -0.13357189769735775 -0.50066284342058776 -0.18360673813931747 0.58622224931679079 -0.72644660969575248 0.26421259009694481 1.2738011370534483 -0.059611350306346594 0.33990828523152994 1.070059031645457 0.31465063005189103 0.23015427402087618 1.0952165938559033 0.3451906090094285 0.077114131316250445 0.5981335455442176 -0.14192054841726545 0.55308211865169665 -0.14064384415036155 0.0085798559938588294
leaf_weight=128 130 211 735 156 381 173 420 101 393 104 262 232 728 315 36 166 23 354 79 60 140 35 21 66 194 34 494 70 63 141
leaf_count=128 130 211 735 156 381 173 420 101 393 104 262 232 728 315 36 166 23 354 79 60 140 35 21 66 194 34 494 70 63 141
internal_value=-0.000308949 0.130461 0.0748121 -0.191237 -0.256394 0.176276 0.277882 0.338805 -0.208171 -0.0289119 -0.4149 -0.305971 -0.118751 0.393312 0.205099 0.475092 0.228392 0.0758463 0.575227 0.726422 0.301899 0.644014 0.256183 0.526231 -0.0636737 0.138203 -0.0855925 0.0666294 0.224475 0.172573
internal_weight=6445 3827 3031 2618 1864 2233 1110 796 798 754 875 494 989 690 209 481 556 1123 240 161 426 58 368 87 405 769 650 261 133 281
internal_count=6445 3827 3031 2618 1864 2233 1110 796 798 754 875 494 989 690 209 481 556 1123 240 161 426 58 368 87 405 769 650 261 133 281
cat_boundaries=0 1 2 3 4 5 6 7 8 9 10 11 12 13 14
cat_threshold=10240 73876 4 17752 1 1296 2368 456 1182 361217 1 885318 8192 8324
is_linear=0
shrinkage=0.1


Tree=21
num_leaves=31
num_cat=16
split_feature=1 2 7 0 6 0 2 0 6 0 6 0 2 7 6 1 3 3 0 3 8 10 3 3 3 1 3 11 3 3
split_gain=13243.2 3732.87 3693.04 2338.79 5228.15 2293.83 1970.89 1443.31 1724.11 1192.14 2381.21 1420.31 1159.08 1014.04 915.968 853.398 797.567 934.305 651.846 845.498 880.612 909.155 934.58 593.028 1162.48 767.149 1132.74 628.251 592.218 1680.07
threshold=0 1 1.5000000000000002 2 3 4 5 6 7 8 9 10 11 1.5000000000000002 12 13 16.500000000000004 20.500000000000004 14 5.5000000000000009 0.0093796431827088914 -0.013938153897332696 11.500000000000002 7.5000000000000009 20.500000000000004 15 4.5000000000000009 -1.0000000180025095e-35 7.5000000000000009 20.500000000000004
decision_type=9 1 2 9 1 9 1 9 1 9 1 9 1 2 1 9 2 2 9 2 2 2 2 2 2 9 2 2 2 2
left_child=3 5 14 4 -1 -2 18 23 -9 10 11 -4 28 -14 -3 -13 -12 -18 19 -5 -21 -22 -23 25 -25 26 -7 -28 -6 -30
right_child=1 2 9 6 12 7 -8 8 -10 -11 16 15 13 -15 -16 -17 17 -19 -20 20 21 22 -24 24 -26 -27 27 -29 29 -31
leaf_value=-0.55852204688195684 -0.26126414128849584 0.093807914842452322 -0.25662881810218097 -0.49804601669311527 -0.31889138480441437 -0.14873874241020532 0.24290723013941962 0.10878573371652972 -0.10527382077915329 0.5058336218411319 0.2509557758980408 -0.067784656785629893 -0.422751155292446 0.035065576004151687 -0.25395566738013065 0.30167643696796609 0.59803841799652024 0.28353480422013516 -0.17634488594014192 0.58850593294416154 0.30785137123117845 0.14462041025576386 -0.74742656548817954 0.53492000708504328 0.035567247610841249 -0.034961564596861033 0.11183327071013904 0.76557748731301756 0.04564878201147296 -0.38359871327877049
leaf_weight=419 238 140 110 23 360 32 176 855 672 223 492 101 55 402 165 154 193 185 531 35 48 23 24 126 74 147 21 49 212 160
leaf_count=419 238 140 110 23 360 32 176 855 672 223 492 101 55 402 165 154 193 185 531 35 48 23 24 126 74 147 21 49 212 160
internal_value=-0.000291563 0.112543 0.220863 -0.181836 -0.253198 0.0256832 -0.0470279 0.0613861 0.0144878 0.288313 0.242973 0.0305627 -0.147733 -0.0196038 -0.0943265 0.158305 0.33488 0.444115 -0.124056 0.0571015 0.159712 0.00173577 -0.310893 0.217092 0.350159 0.118928 0.313412 0.569454 -0.224392 -0.138974
internal_weight=6445 3977 1763 2468 1608 2214 860 1976 1527 1458 1235 365 1189 457 305 255 870 378 684 153 130 95 47 449 200 249 102 70 732 372
internal_count=6445 3977 1763 2468 1608 2214 860 1976 1527 1458 1235 365 1189 457 305 255 870 378 684 153 130 95 47 449 200 249 102 70 732 372
cat_boundaries=0 1 2 3 4 5 6 7 8 9 10 11 12 13 14 15 16
cat_threshold=2048 256 17736 4 1096 324 73860 1 18512 4 16384 257 1 41484 8192 279556
is_linear=0
shrinkage=0.1


Tree=22
num_leaves=31
num_cat=14
split_feature=1 3 3 3 3 2 0 2 7 2 11 6 0 2 2 0 11 0 6 0 7 7 7 7 8 3 8 7 11 1
split_gain=10728.6 3271.52 5369.03 2135.56 5815.22 1724.81 1670.04 1398.54 1091.56 1582.8 869.851 867.767 1407.5 814.667 776.388 750.918 1058.64 693.147 691.793 629.486 618.871 812.45 605.429 591.636 586.586 557.095 545.234 633.765 573.742 532.564
threshold=0 7.5000000000000009 20.500000000000004 7.5000000000000009 20.500000000000004 1 2 3 1.0000000180025095e-35 4 0.31419930206939634 5 6 7 8 9 -1.0000000180025095e-35 10 11 12 1.5000000000000002 35.500000000000007 4.5000000000000009 2.5000000000000004 0.0064713331878659434 16.500000000000004 0.063329325073691684 75.500000000000014 0.0043486479975557218 13
decision_type=9 2 2 2 2 1 9 1 2 1 2 1 9 1 1 9 2 9 1 9 2 2 2 2 2 2 2 2 2 9
left_child=3 6 7 13 5 17 -2 19 -8 15 -11 -4 -13 23 -14 16 -10 26 -17 25 -6 -22 -16 -1 -7 -3 27 -5 -29 -21
right_child=1 2 11 4 20 24 8 -9 9 10 -12 12 14 -15 22 18 -18 -19 -20 29 21 -23 -24 -25 -26 -27 -28 28 -30 -31
leaf_value=-0.52357603703674516 -0.26045455232407283 0.31539690356988176 0.13053166953265857 0.062472594017162923 -0.56706579472337448 0.7704670569381199 -0.30051077420122169 0.52052870562263565 -0.10872937426964442 0.15894566802422588 0.82850377388298524 -0.24382316539310059 -0.055509479630451941 -0.10090367020313012 0.020586501874706963 0.027200491145925682 0.39269463925932846 -0.17631310144485524 -0.15621415153979812 0.089752739455816008 -0.13746790061861078 -0.37514038647679121 0.50560950410942884 -0.27980352345304255 0.32309852561629415 0.78289298009872432 -0.010308051309303234 0.27823352129483714 0.90297374526659646 0.27721479722265857
leaf_weight=114 196 52 311 88 70 37 89 296 75 650 20 255 172 285 44 421 96 111 402 257 298 278 62 786 141 50 190 49 21 529
leaf_count=114 196 52 311 88 70 37 89 296 75 650 20 255 172 285 44 421 96 111 402 257 298 278 62 786 141 50 190 49 21 529
internal_value=-0.000223084 0.101336 0.190504 -0.163625 -0.07489 0.139506 0.00907284 0.32788 0.0404632 0.0589435 0.176301 -0.00221199 -0.0796665 -0.26108 0.0769127 -0.0217158 0.163226 0.0315588 -0.0616407 0.254931 -0.286299 -0.252178 0.278048 -0.307267 0.393958 0.49594 0.100936 0.241098 0.465656 0.217818
internal_weight=6445 3977 2028 2468 1283 637 1949 1184 1753 1664 670 844 533 1185 278 994 171 459 823 888 646 576 106 900 178 102 348 158 70 786
internal_count=6445 3977 2028 2468 1283 637 1949 1184 1753 1664 670 844 533 1185 278 994 171 459 823 888 646 576 106 900 178 102 348 158 70 786
cat_boundaries=0 1 2 3 4 5 6 7 8 9 10 11 12 13 14
cat_threshold=2048 261 72 316 256 1 16456 1828 260 73728 90240 1 67588 467529
is_linear=0
shrinkage=0.1


Tree=23
num_leaves=31
num_cat=14
split_feature=1 0 6 0 6 0 6 1 2 2 7 12 11 7 2 12 2 7 7 3 3 9 3 2 3 3 7 0 8 12
split_gain=8704.33 2900.55 3954.71 1930.22 3334.78 1746.03 1863.66 1448.43 1340.54 1186.36 972.36 845.557 836.378 897.519 806.431 852.767 799.98 757.15 611.083 578.464 1259.37 751.092 551.576 546.352 539.844 1038.34 721.567 530.091 504.467 861.115
threshold=0 1 2 3 4 5 6 7 8 9 2.5000000000000004 -0.041946163925658628 0.2933466333105364 2.5000000000000004 10 -0.00072820363772493012 11 1.5000000000000002 3.5000000000000004 6.5000000000000009 20.500000000000004 -0.1519833171539777 16.500000000000004 12 6.5000000000000009 20.500000000000004 33.500000000000007 13 0.0093796431827088914 -0.023761275089391534
decision_type=9 9 1 9 1 9 1 9 1 1 2 2 2 2 1 2 1 2 2 2 2 2 2 1 2 2 2 9 2 2
left_child=3 24 8 9 -5 7 10 11 -3 27 -7 -4 13 -10 -12 -16 18 -8 -6 -20 21 -21 -15 -19 -2 26 -26 28 -1 -30
right_child=1 2 5 4 16 6 17 -9 12 -11 14 -13 -14 22 15 -17 -18 23 19 20 -22 -23 -24 -25 25 -27 -28 -29 29 -31
leaf_value=0.38301125238108086 0.2071127241634225 0.085765022211465883 0.96655484804740321 -0.42743347219572314 -0.30827466493591354 -0.54593165916831876 -0.30707894544447623 0.029157267413476764 0.067713370201911066 0.25035427620877393 -0.25445800214489495 0.31011818081140519 0.88216547356410457 0.23107830511242247 0.20614857126516528 -0.17003304119911289 -0.16557462986929955 -0.022380576140425181 -0.074709772086534343 0.035634241998195648 -0.099121309071779254 0.72612698873877524 0.43182100324555939 0.17038869272801094 0.93238016290867576 0.21133960281036984 0.45249761858400195 -0.1216935438907718 0.22649435346561764 -0.32930033683776855
leaf_weight=43 190 855 26 494 47 76 62 425 188 128 394 80 22 307 99 154 883 346 122 23 64 50 247 246 47 119 94 501 63 50
leaf_count=43 190 855 26 494 47 76 62 425 188 128 394 80 22 307 99 154 883 346 122 23 64 50 247 246 47 119 94 501 63 50
internal_value=-0.000192942 0.0912844 0.060247 -0.147375 -0.207815 -0.0371236 -0.0962185 0.115755 0.175371 -0.0168087 -0.207563 0.430516 0.27098 0.256511 -0.167817 -0.0219634 -0.118317 0.0254023 0.0227173 0.0836586 0.224687 0.508574 0.320579 0.060223 0.327951 0.428869 0.612458 -0.0718318 0.0859856 -0.0194325
internal_weight=6445 3977 3527 2468 1683 1908 1377 531 1619 785 723 106 764 742 647 253 1189 654 306 259 137 73 554 592 450 260 141 657 156 113
internal_count=6445 3977 3527 2468 1683 1908 1377 531 1619 785 723 106 764 742 647 253 1189 654 306 259 137 73 554 592 450 260 141 657 156 113
cat_boundaries=0 1 2 3 4 5 6 7 8 9 10 11 12 13 14
cat_threshold=2048 8324 1 73876 4 67600 4 1574017 256 448 256 1182 256 8192
is_linear=0
shrinkage=0.1


Tree=24
num_leaves=31
num_cat=13
split_feature=1 0 6 0 3 3 3 3 3 0 0 2 3 2 6 7 2 2 9 8 7 7 7 11 0 7 7 11 2 3
split_gain=7122.78 2316.61 3099.35 2166.07 1538.03 4765.34 1133.76 1876.82 1812.64 1049.37 1017.7 966.075 821.572 781.502 761.986 745.716 958.214 682.965 673.596 1051.6 660.029 645.119 629.207 591.942 574.562 663.291 563.628 542.221 509.374 504.705
threshold=0 1 2 3 7.5000000000000009 20.500000000000004 16.500000000000004 10.500000000000002 20.500000000000004 4 5 6 7.5000000000000009 7 8 1.0000000180025095e-35 9 10 -0.23253003915849449 0.21305356901091319 13.500000000000002 3.5000000000000004 45.500000000000007 0.071105516319634285 11 49.500000000000007 3.5000000000000004 0.044382183604894286 12 20.500000000000004
decision_type=9 9 1 9 2 2 2 2 2 9 9 1 2 1 1 2 1 1 2 2 2 2 2 2 9 2 2 2 1 2
left_child=3 13 10 28 15 9 7 12 -8 22 -3 14 -4 18 -11 -5 -17 23 19 -2 -20 -13 -6 -12 25 -22 -19 -18 -1 -15
right_child=1 2 6 4 5 -7 8 -9 -10 11 17 21 -14 29 -16 16 27 26 20 -21 24 -23 -24 -25 -26 -27 -28 -29 -30 -31
leaf_value=-0.45754872987761885 1.0026082977652551 -0.28599948970927991 0.042328054446094728 -0.43993713625452735 0.81447289482586926 -0.19549318867143636 0.34726747864293395 -0.70097997039556503 0.048687087193014122 -0.16996494836086851 -0.22429596996790654 0.054207084930556662 0.29439867722908125 0.52592825476797467 0.1176644594910053 -0.18642998095621593 -0.074231808461288726 -0.1634300122658412 -0.25530840292572976 0.18604684161103291 -0.087158794506736428 0.43587089347044428 0.31653365215589835 0.20902978856312601 0.084599428232920493 0.51741889299348343 0.22926258139832079 0.21713528796723211 -0.16274166263844053 0.2211372117988947
leaf_weight=201 24 252 978 88 36 697 436 32 381 139 185 68 149 161 273 931 187 51 40 46 23 127 86 38 286 86 129 97 136 82
leaf_count=201 24 252 978 88 36 697 436 32 381 139 185 68 149 161 273 931 187 51 40 46 23 127 86 38 286 86 129 97 136 82
internal_value=-0.000178059 0.099822 0.0551101 -0.110352 -0.0800077 -0.00853919 0.117808 0.0542113 0.208027 0.170208 -0.133196 0.109463 0.0756542 0.254289 0.0201357 -0.158837 -0.138477 -0.0298104 0.174647 0.466011 0.131776 0.288008 0.428355 -0.143998 0.170974 0.357087 0.111789 0.0244244 -0.346695 0.406355
internal_weight=6445 3379 2631 3066 2729 1426 1976 1159 817 729 655 607 1127 748 412 1303 1215 403 505 70 435 195 122 223 395 109 180 284 337 243
internal_count=6445 3379 2631 3066 2729 1426 1976 1159 817 729 655 607 1127 748 412 1303 1215 403 505 70 435 195 122 223 395 109 180 284 337 243
cat_boundaries=0 1 2 3 4 5 6 7 8 9 10 11 12 13
cat_threshold=174592 73876 4 72 75904 16384 260 272 4 836 256 8208 256
is_linear=0
shrinkage=0.1


Tree=25
num_leaves=31
num_cat=11
split_feature=1 3 3 0 6 2 11 0 7 0 6 1 9 7 2 2 7 3 7 11 7 9 3 9 11 6 3 3 3 3
split_gain=5979.67 2226.74 3786.87 1574.4 3080.31 1182.95 986.518 949.727 1157.7 846.187 984.519 848.184 716.126 668.65 1006.36 568.01 607.875 573.314 535.773 791.754 515.939 499.617 476.165 639.227 560.898 447.502 1154.3 912.51 662.742 4798.88
threshold=0 7.5000000000000009 20.500000000000004 1 2 3 -0.011145756307722266 4 23.500000000000004 5 6 7 0.61964722907120651 1.5000000000000002 8 9 3.5000000000000004 7.5000000000000009 66.500000000000014 -0.0033044686584940935 116.50000000000001 -0.016859929448311162 6.5000000000000009 -0.11249472891024744 0.13652340096396817 10 11.500000000000002 8.5000000000000018 16.500000000000004 11.500000000000002
decision_type=9 2 2 9 1 1 2 9 2 9 1 9 2 2 1 1 2 2 2 2 2 2 2 2 2 1 2 2 2 2
left_child=3 6 7 4 -1 20 -2 25 -9 -8 -11 22 15 -4 -15 16 -6 -18 19 -10 -5 -19 23 24 -12 26 27 -3 29 -27
right_child=1 2 13 5 12 -7 9 8 18 10 11 -13 -14 14 -16 -17 17 21 -20 -21 -22 -23 -24 -25 -26 28 -28 -29 -30 -31
leaf_value=-0.41497309272642069 -0.116000103561669 0.10462347403878258 -0.30206436131098502 -0.10748988369202897 -0.38276751220226291 0.2118199865233594 0.2532393776098702 0.84423591243842289 0.49213331653958275 0.10499952973476355 0.79797174477328858 -0.16108383894586017 0.36699455417692661 -0.094261195702328743 0.13154802917747907 -0.13412200356653692 -0.041200973638674115 0.83195904464948756 0.46330578336690337 -0.34865375459194187 0.14705975507993416 0.16406218508879344 -0.25998574792821377 0.0425282309813933 0.090298020626817438 0.28465943888001061 0.023129486322720001 1.0163649318982726 0.3214096224782142 -1.2523076181826385
leaf_weight=419 537 21 73 592 20 176 159 63 21 614 24 393 32 401 370 1051 41 21 94 24 92 24 36 165 21 174 235 23 506 23
leaf_count=419 537 21 73 592 20 176 159 63 21 614 24 393 32 401 370 1051 41 21 94 24 92 24 36 165 21 174 235 23 506 23
internal_value=-0.000316673 0.075504 0.149049 -0.122306 -0.180698 -0.0123057 -0.00063439 0.264421 0.465588 0.0432405 0.0144562 -0.0723185 -0.0996599 -0.0128007 0.0145874 -0.112566 0.104 0.229295 0.327467 0.0437135 -0.0721967 0.475747 0.0730674 0.133642 0.467724 0.216099 0.111143 0.581216 0.260826 0.105217
internal_weight=6445 3977 2028 2468 1608 860 1949 1184 202 1412 1253 639 1189 844 771 1157 106 86 139 45 684 45 246 210 45 982 279 44 703 197
internal_count=6445 3977 2028 2468 1608 860 1949 1184 202 1412 1253 639 1189 844 771 1157 106 86 139 45 684 45 246 210 45 982 279 44 703 197
cat_boundaries=0 1 2 3 4 5 6 7 8 9 10 11
cat_threshold=2048 17736 4 324 16472 8336 1 2430088 256 1172 4
is_linear=0
shrinkage=0.1


Tree=26
num_leaves=31
num_cat=15
split_feature=1 2 7 3 3 2 0 6 0 6 0 0 6 11 8 6 7 7 2 7 1 4 7 0 3 1 11 7 8 11
split_gain=4843.59 1892.67 2391.66 1349.86 3728.28 996.937 922.928 1359.41 758.203 1772.25 622.923 574.267 714.203 567.537 508.523 503.013 492.872 488.948 681.203 454.639 426.732 718.301 832.574 424.549 416.636 409.792 402.547 469.686 420.711 398.975
threshold=0 1 4.5000000000000009 7.5000000000000009 20.500000000000004 2 3 4 5 6 7 8 9 -0.0034988486392673107 0.065319824953672168 10 1.5000000000000002 3.5000000000000004 11 14.500000000000002 12 2.5000000000000004 82.500000000000014 13 7.5000000000000009 14 0.10977135826357586 96.500000000000014 0.11742497260140691 -0.0083512411631895163
decision_type=9 1 2 2 2 1 9 1 9 1 9 9 1 2 2 1 2 2 1 2 9 2 2 9 2 9 2 2 2 2
left_child=3 6 8 11 5 10 20 26 9 -3 13 19 -13 -5 -15 -12 -11 -6 -19 -1 21 -2 -23 -14 -22 -4 27 -8 -28 -26
right_child=1 2 25 4 17 -7 7 -9 -10 16 15 12 23 14 -16 -17 -18 18 -20 -21 24 22 -24 -25 29 -27 28 -29 -30 -31
leaf_value=0.30031993894984854 -0.065745338271645942 0.10695214731524622 0.13843460378440306 -0.085251642741701189 -0.41318982669500387 0.32607043717215034 -0.23320752539702003 0.033266902782418999 0.2202819703778495 -0.41172040714922115 0.091571963449197061 -0.12415228597263793 -0.38466774395571579 0.54847571077893986 -0.012337555397640575 -0.15158038899396201 -0.12268114792292609 -0.26694398366314381 -0.037148775023221968 -0.098648521057937463 -0.028799062675755955 0.1323075462032009 0.77592347575859588 -0.18366564883540074 0.38479685180354867 0.27713954036421623 0.43754390960647949 0.03345462781719015 -0.08483046311242827 0.055051055433618469
leaf_weight=38 34 277 407 34 99 178 403 1204 105 117 183 469 273 61 22 159 119 307 240 115 184 37 44 290 64 738 21 79 58 86
leaf_count=38 34 277 407 34 99 178 403 1204 105 117 183 469 273 61 22 159 119 307 240 115 184 37 44 290 64 738 21 79 58 86
internal_value=-0.000252866 0.067986 0.145074 -0.110044 -0.0394151 0.132252 0.00622523 -0.0264891 -0.0126411 -0.063374 0.0489199 -0.187443 -0.213232 0.238481 0.399826 -0.0208625 -0.265976 -0.208691 -0.171679 0.000414587 0.132599 0.294405 0.481926 -0.291227 0.0699487 0.231465 -0.155208 -0.189501 0.0540285 0.195743
internal_weight=6445 3977 1763 2468 1283 637 2214 1765 618 513 459 1185 1032 117 83 342 236 646 547 153 449 115 81 563 334 1145 561 482 79 150
internal_count=6445 3977 1763 2468 1283 637 2214 1765 618 513 459 1185 1032 117 83 342 236 646 547 153 449 115 81 563 334 1145 561 482 79 150
cat_boundaries=0 1 2 3 4 5 6 7 8 9 10 11 12 13 14 15
cat_threshold=2048 256 261 73860 4 16464 1 73860 8320 1 1 256 1156 16448 794695
is_linear=0
shrinkage=0.1


Tree=27
num_leaves=31
num_cat=14
split_feature=1 3 3 0 6 2 6 0 0 9 10 10 6 0 3 3 3 3 3 2 11 1 11 9 6 1 12 7 0 3
split_gain=3941.94 1762.78 3046.92 1168.21 2272.05 950.417 755.811 1382.17 719.354 578.098 499.8 794.939 499.107 856.274 495.925 471.396 1493.18 702.515 568.313 466.814 460.705 449.563 439.36 564.338 421.725 516.759 473.993 415.631 401.831 393.584
threshold=0 7.5000000000000009 20.500000000000004 1 2 3 4 5 6 0.61964722907120651 0.07376418793710858 0.037794265000999167 7 8 16.500000000000004 20.500000000000004 17.500000000000004 11.500000000000002 7.5000000000000009 9 0.23049212039427355 10 0.018272211659436228 -0.21148533846686568 11 12 -0.020570086179935051 5.5000000000000009 13 16.500000000000004
decision_type=9 2 2 9 1 1 1 9 9 2 2 2 1 9 2 2 2 2 2 1 2 9 2 2 1 9 2 2 9 2
left_child=3 6 8 4 -1 10 20 22 14 15 11 28 -4 -14 -3 16 17 18 -6 -15 -2 -10 -8 -24 25 26 -9 -21 -5 -23
right_child=1 2 12 5 9 -7 7 24 21 -11 -12 -13 13 19 -16 -17 -18 -19 -20 27 -22 29 23 -25 -26 -27 -28 -29 -30 -31
leaf_value=-0.350699337656323 0.052869706593453886 0.22065304623144433 0.082262035876129222 0.10098199421080992 -0.14633214735148245 0.2109594459510801 0.032066952063137269 0.27200966637309004 0.27026576001887787 0.33938122177496555 -0.30704928844065316 0.47516980727513636 -0.20495021861397997 -0.056107044543375034 0.6492933476555951 -0.20946669690026584 0.16861150656316887 -0.66223062171290326 0.13828956078737975 0.01120994719862938 0.42404706780399598 -0.0087486741477496004 0.68909733939170836 0.1507068972357295 -0.050744404678113302 -0.25515765498335269 -0.15615058728626796 0.4078787785821727 -0.093684835324889609 0.18179419409934955
leaf_weight=419 750 41 311 128 570 156 249 41 497 32 71 30 255 172 79 262 221 24 80 50 35 146 25 88 358 333 70 56 475 421
leaf_count=419 750 41 311 128 570 156 249 41 497 32 71 30 255 172 79 262 221 24 80 50 35 146 25 88 358 333 70 56 475 421
internal_value=-0.000213692 0.0613469 0.126768 -0.0992605 -0.14953 -0.00462962 -0.00641123 -0.057551 0.230257 -0.0798962 -0.0546877 -0.0272457 -0.0184101 -0.0771512 0.464161 -0.0914925 -0.056957 -0.130919 -0.111302 0.0457994 0.069419 0.197656 0.103426 0.26982 -0.129881 -0.196615 0.00183351 0.201739 -0.0522415 0.13043
internal_weight=6445 3977 2028 2468 1608 860 1949 1164 1184 1189 704 633 844 533 120 1157 895 674 650 278 785 1064 362 113 802 444 111 106 603 567
internal_count=6445 3977 2028 2468 1608 860 1949 1164 1184 1189 704 633 844 533 120 1157 895 674 650 278 785 1064 362 113 802 444 111 106 603 567
cat_boundaries=0 1 2 3 4 5 6 7 8 9 10 11 12 13 14
cat_threshold=2048 17736 4 448 1 74116 2180 1 16456 260 1054118 4 2184320 8192
is_linear=0
shrinkage=0.1


Tree=28
num_leaves=31
num_cat=14
split_feature=1 0 6 2 7 0 2 7 1 2 3 3 0 8 9 0 6 9 10 12 8 9 0 6 3 9 11 2 12 7
split_gain=3220.81 1407.92 1343.66 1130.84 1860.47 1294.73 948.046 895.526 740.004 626.444 495.811 1330.96 490.708 503.695 723.303 463.032 689.612 446.421 585.497 413.892 382.681 557.367 362.773 730.092 523.8 351.914 536.742 349.96 417.771 347.534
threshold=0 1 2 3 4.5000000000000009 4 5 1.0000000180025095e-35 6 7 7.5000000000000009 20.500000000000004 8 0.073586287356052202 -0.13360324816790001 9 10 -0.23253003915849449 0.0039212641526139491 -0.10784433193880195 0.10534033973435554 -0.11249472891024744 11 12 21.500000000000004 -0.010843427066810104 -0.16094106492096924 13 0.069372370349033055 1.0000000180025095e-35
decision_type=9 9 1 1 2 9 1 2 9 1 2 2 9 2 2 9 1 2 2 2 2 2 9 1 2 2 2 1 2 2
left_child=3 17 6 5 -5 8 -3 -4 -1 22 -10 12 -12 -14 -15 16 -6 18 -2 -19 21 -11 23 -9 -24 26 -17 28 -18 -8
right_child=1 2 7 4 15 -7 29 9 10 20 11 -13 13 14 -16 25 27 19 -20 -21 -22 -23 24 -25 -26 -27 -28 -29 -30 -31
leaf_value=0.13433971638160366 0.23001648207505543 0.047882723680408731 -0.36905627796451934 -0.14945013283446648 -0.15034697714906475 -0.27845777319185439 -0.024491678675015768 -0.25552330557256936 -0.15456591168688152 0.53462270498275755 0.013868848690945729 -0.18703438376732104 0.50120831574752644 0.41778485029935841 -0.35206770598888398 -0.020289975404739383 0.19238956771790983 -0.25005028307437899 0.92852527976036081 0.21495073731662917 -0.1087422511551141 -0.0061598581567774589 0.3687276121349104 0.14557226233375378 -0.19538440108299257 0.091177257577017445 0.47647747558423847 0.055548875507483803 0.70337596833705907 0.25944281879011055
leaf_weight=145 30 845 73 479 130 390 48 64 753 20 296 331 53 26 23 29 80 20 20 446 518 405 93 156 20 93 87 329 20 423
leaf_count=145 30 845 73 479 130 390 48 64 753 20 296 331 53 26 23 29 80 20 20 446 518 405 93 156 20 93 87 329 20 423
internal_value=-0.00019662 0.0712988 0.0415612 -0.0698783 0.00517315 -0.116075 0.113608 -0.0284152 -0.0756879 -0.00892713 -0.0969998 -0.0388692 0.0843537 0.261865 0.0564255 0.101679 0.0505178 0.221175 0.50942 0.194994 -0.0505045 0.0192887 0.107113 0.0276338 0.247024 0.225318 0.352286 0.112564 0.267806 0.225715
internal_weight=6445 3181 2665 3264 1247 2017 1316 1349 1627 1276 1482 729 398 102 49 768 559 516 50 466 943 425 333 220 113 209 116 429 100 471
internal_count=6445 3181 2665 3264 1247 2017 1316 1349 1627 1276 1482 729 398 102 49 768 559 516 50 466 943 425 333 220 113 209 116 429 100 471
cat_boundaries=0 1 2 3 4 5 6 7 8 9 10 11 12 13 14
cat_threshold=436736 8340 1 256 92292 896 172032 1589 16388 16456 4 16384 4 1188
is_linear=0
shrinkage=0.1


Tree=29
num_leaves=31
num_cat=10
split_feature=1 3 3 2 7 2 0 6 7 2 0 11 1 4 7 7 2 11 7 3 3 1 10 11 10 11 10 10 11 3
split_gain=2689.5 1387.39 2433.87 916.639 809.91 643.942 642.112 836.057 613.179 958.409 574.673 455.679 453.583 424.312 469.352 413.569 552.469 391.069 379.406 378.086 3569.14 375.49 455.238 359.702 336.944 331.94 311.528 307.674 307.372 301.31
threshold=0 7.5000000000000009 20.500000000000004 1 4.5000000000000009 2 3 4 1.0000000180025095e-35 5 6 0.2933466333105364 7 1.0000000180025095e-35 129.50000000000003 1.5000000000000002 8 -0.026736570255571118 3.5000000000000004 16.500000000000004 11.500000000000002 9 0.16070746550705539 -0.043313160643240013 0.12467378626038468 -0.0074142073222793698 -0.099814338268380556 0.14787010064911676 0.12539187393828236 11.500000000000002
decision_type=9 2 2 1 2 1 9 1 2 1 9 2 9 2 2 2 1 2 2 2 2 9 2 2 2 2 2 2 2 2
left_child=3 8 5 6 -5 29 13 -8 -2 10 -10 12 24 -1 27 -4 -17 -6 -11 20 -14 22 -12 -18 28 -25 -20 -15 -7 -3
right_child=1 2 15 4 17 11 7 -9 9 18 21 -13 19 14 -16 16 23 -19 26 -21 -22 -23 -24 25 -26 -27 -28 -29 -30 -31
leaf_value=0.31980507608615993 -0.25192239380846121 0.52408868171274658 -0.24854932656026865 -0.13902415430400028 -0.095907528641390377 0.19242353365924966 -0.086198553693754537 -0.25604240155187696 -0.18831328647738357 -0.045409475211412288 0.045816169674654558 0.62665141305886207 0.20277850043130458 -0.054939562012677835 0.37818925116832058 -0.079888142676629734 -0.085449813657932083 0.11362198586813164 0.45045335124700503 0.1389060004394333 -0.93677983283996591 -0.048417572310011939 0.53524064809083949 0.53786659829318528 0.64466746240854267 0.11515135317755386 0.14995699482456001 -0.41671085524559026 0.59865981593728068 0.28614568631794002
leaf_weight=33 99 70 73 268 111 271 609 553 202 91 382 20 128 394 24 401 89 451 39 398 35 817 20 20 20 261 299 25 20 222
leaf_count=33 99 70 73 268 111 271 609 553 202 91 382 20 128 394 24 401 89 451 39 398 35 817 20 20 20 261 299 25 20 222
internal_value=-0.000181118 0.0506681 0.108697 -0.0819939 0.00397536 0.201191 -0.125316 -0.165603 -0.00945352 0.00352184 -0.0361685 0.152993 0.143883 -0.0255841 -0.0518903 -0.0210561 0.000483496 0.072238 0.132739 0.0848563 -0.0419119 -0.00962957 0.0684626 0.0873863 0.239917 0.145238 0.18463 -0.076525 0.220344 0.331823
internal_weight=6445 3977 2028 2468 830 1184 1638 1162 1949 1850 1421 892 872 476 443 844 771 562 429 561 163 1219 402 370 311 281 338 419 291 292
internal_count=6445 3977 2028 2468 830 1184 1638 1162 1949 1850 1421 892 872 476 443 844 771 562 429 561 163 1219 402 370 311 281 338 419 291 292
cat_boundaries=0 1 2 3 4 5 6 7 8 9 10
cat_threshold=2048 289 1667 73860 1 1808 88 1082500 256 2245729
is_linear=0
shrinkage=0.1


Tree=30
num_leaves=31
num_cat=10
split_feature=1 0 6 0 3 3 7 1 2 2 7 11 3 3 6 10 7 2 12 9 7 11 0 9 12 8 3 11 10 10
split_gain=2175.6 1180.49 1256.68 1275.75 906.904 2553.04 813.287 793.619 759.213 705.291 674.397 653.123 651.367 1244.55 484.263 489.01 460.678 446.16 435.075 422.97 645.039 440.431 417.072 801.435 621.353 409.565 383.954 632.685 373.468 499.913
threshold=0 1 2 3 7.5000000000000009 20.500000000000004 2.5000000000000004 4 5 6 47.500000000000007 0.2933466333105364 16.500000000000004 10.500000000000002 7 0.16070746550705539 1.0000000180025095e-35 8 0.013940269689973075 -0.22199930506919352 86.500000000000014 0.013379905599865296 9 -0.014372966815197423 -0.013816469765594247 0.14287441022659006 6.5000000000000009 0.018272211659436228 -0.033484596106078186 0.05402071478661457
decision_type=9 9 1 9 2 2 2 9 1 1 2 2 2 2 1 2 2 1 2 2 2 2 9 2 2 2 2 2 2 2
left_child=4 26 10 7 16 9 -5 -4 -8 22 11 12 13 -3 15 -10 -1 -18 -17 20 21 -9 23 24 -6 -21 27 -2 -11 -30
right_child=1 2 3 6 5 -7 8 19 14 28 -12 -13 -14 -15 -16 18 17 -19 -20 25 -22 -23 -24 -25 -26 -27 -28 -29 29 -31
leaf_value=-0.35597043479426527 -0.043188278821687548 0.097619546516511446 -0.025464557286392416 -0.28902931462360332 0.30907406685873867 -0.15591348504226643 0.096521071459640548 0.34844599361531436 -0.18846572696214969 0.097489856780859932 0.022924423585136106 0.65810254311561589 0.2369910415891511 -0.70675564229488375 -0.01562543622733626 0.50599448382854462 0.0059621256776154043 -0.15174189392443097 -0.15360740065574646 0.18472129320139652 -0.084529645144939436 0.93782153243110289 0.0016725419956731471 0.7797136495059187 -0.26242276016622784 -0.10069448985770101 0.40992617387520647 0.53678927087673445 0.5217641385456363 0.044983990288114756
leaf_weight=89 62 503 358 158 52 646 275 32 456 58 676 25 395 20 448 20 234 862 20 286 20 21 355 22 30 61 114 27 91 29
leaf_count=89 62 503 358 158 52 646 275 32 456 58 676 25 395 20 448 20 234 862 20 286 20 21 355 22 30 61 114 27 91 29
internal_value=-0.000212133 0.0455219 0.0324916 -0.0174385 -0.0737945 -0.0158358 -0.0750187 0.0843539 -0.0478953 0.126221 0.0991528 0.153798 0.140064 0.0668595 -0.0900344 -0.159058 -0.137169 -0.119402 0.176194 0.176376 0.399369 0.581972 0.0553589 0.222394 0.0999899 0.134547 0.27487 0.13276 0.289572 0.406542
internal_weight=6445 3977 3774 2155 2468 1283 1377 778 1219 637 1619 943 918 523 944 496 1185 1096 40 420 73 53 459 104 82 347 203 89 178 120
internal_count=6445 3977 3774 2155 2468 1283 1377 778 1219 637 1619 943 918 523 944 496 1185 1096 40 420 73 53 459 104 82 347 203 89 178 120
cat_boundaries=0 1 2 3 4 5 6 7 8 9 10
cat_threshold=2048 8196 1 67728 123398 1265 261 4 155 73744
is_linear=0
shrinkage=0.1


Tree=31
num_leaves=31
num_cat=11
split_feature=2 7 1 0 6 0 3 0 1 0 9 3 3 3 3 6 12 1 7 11 11 11 7 7 8 8 10 6 3 3
split_gain=1831.43 2295.29 1093.84 786.738 1353.24 746.19 819.016 738.62 671.007 575.162 516.603 485.582 825.597 438.684 935.995 403.15 430.413 393.509 657.766 576.927 388.233 371.209 735.234 338.139 330.49 502.517 313.217 301.915 300.414 708.526
threshold=0 4.5000000000000009 1 2 3 4 16.500000000000004 5 6 7 -0.16468470791838596 7.5000000000000009 20.500000000000004 20.500000000000004 7.5000000000000009 8 0.0010477557230651683 9 81.500000000000014 -1.0000000180025095e-35 -0.040358285845660362 0.12539187393828236 75.500000000000014 1.5000000000000002 0.0063472109604764846 0.0040037820714198527 -0.0048044983241521608 10 20.500000000000004 16.500000000000004
decision_type=1 2 9 9 1 9 2 9 9 9 2 2 2 2 2 1 2 9 2 2 2 2 2 2 2 2 2 1 2 2
left_child=2 3 7 4 28 8 10 -1 -3 17 -7 27 21 14 -5 -10 20 18 -4 -20 -17 -13 -23 -6 25 -9 -16 -11 29 -2
right_child=1 5 9 13 23 6 -8 24 15 11 -12 12 -14 -15 26 16 -18 -19 19 -21 -22 22 -24 -25 -26 -27 -28 -29 -30 -31
leaf_value=-0.24026410510497437 -0.035935580123232329 0.20689974766877511 -0.04271545580381321 0.0083871252270358975 -0.35832415073212376 0.56764417601128414 0.62722351670265208 -0.026845470882187635 0.12721105014863318 0.0047175914345082837 0.030976686008851714 0.091886237731939838 -0.084122291098361945 -0.042153003401294048 0.35305379020671052 -0.11581039040329609 -0.12599997327034904 0.015936925033199007 0.1324912714958191 0.6937927938522177 0.11576292096031092 0.69598152147185421 -0.0045190708005222787 -0.16070944146556751 -0.098667952627402966 0.39562089299162229 0.8818809771821613 -0.1237061090802363 -0.15714693108090649 0.29432572004804902
leaf_weight=298 227 475 36 66 166 24 65 458 532 321 71 430 310 98 24 94 172 112 30 47 315 31 29 181 1184 30 21 426 81 91
leaf_count=298 227 475 36 66 166 24 65 458 532 321 71 430 310 98 24 94 172 112 30 47 315 31 29 181 1184 30 21 426 81 91
internal_value=-0.000202255 0.0623902 -0.0454606 -0.0620497 -0.109356 0.130733 0.332896 -0.0965913 0.107591 0.0116064 0.166556 -0.0104733 0.0435969 0.106919 0.248165 0.063743 0.00672487 0.157402 0.284921 0.475104 0.0625407 0.124399 0.357406 -0.255246 -0.0697084 -0.000874178 0.59984 -0.06852 0.0147804 0.0585732
internal_weight=6445 2703 3742 955 746 1748 160 1970 1588 1772 95 1547 800 209 111 1113 581 225 113 77 409 490 60 347 1672 488 45 747 399 318
internal_count=6445 2703 3742 955 746 1748 160 1970 1588 1772 95 1547 800 209 111 1113 581 225 113 77 409 490 60 347 1672 488 45 747 399 318
cat_boundaries=0 1 2 3 4 5 6 7 8 9 10 11
cat_threshold=256 68361 17744 1 16600 1368 1098888 73728 1 17414 1
is_linear=0
shrinkage=0.1


Tree=32
num_leaves=31
num_cat=10
split_feature=0 7 1 3 3 11 12 7 2 6 1 3 3 3 3 0 6 7 11 0 7 11 10 11 3 7 6 0 7 9
split_gain=1739.74 1974.53 1758.85 1044.17 1636.43 824.866 727.183 591.662 832.725 480.855 549.464 454.889 425.384 5639.57 719.201 438.426 939.354 424.977 430.446 417.296 370.619 368.83 362.359 520.839 508.691 348.431 316.112 505.76 491.382 511.061
threshold=0 33.500000000000007 1 7.5000000000000009 20.500000000000004 -0.077807633036991647 1.0000000180025095e-35 1.5000000000000002 2 3 4 6.5000000000000009 11.500000000000002 16.500000000000004 10.500000000000002 5 6 113.50000000000001 0.018272211659436228 7 64.500000000000014 0.23049212039427355 -0.079947961530429379 0.14720080873246819 5.5000000000000009 35.500000000000007 8 9 73.500000000000014 -0.22704994068232445
decision_type=9 2 9 2 2 2 2 2 1 1 9 2 2 2 2 9 1 2 2 9 2 2 2 2 2 2 1 9 2 2
left_child=1 -1 7 9 12 -3 17 -2 19 21 11 22 14 -14 -5 16 -15 -7 -19 -9 -18 -4 23 -11 -24 -17 -6 28 29 -28
right_child=2 5 3 4 26 6 -8 8 -10 10 -12 -13 13 15 -16 25 20 18 -20 -21 -22 -23 24 -25 -26 -27 27 -29 -30 -31
leaf_value=1.011415930332676 -0.20843508901508476 -0.42232636836442083 0.024773023918160032 0.21003127214470424 0.055099986488899633 0.062002349627299572 0.77947559356689455 -0.074992410506811089 0.036505529877500095 0.6501957161208759 -0.10450660137417567 -0.34570783042907716 -0.87344490447134349 -0.099295223236083988 0.71400160398334267 0.50028147719255311 0.2707030220355135 0.12387680429965259 0.73625706217505726 -0.22094409200609949 0.089326678739720694 0.36672677700266698 -0.037185398746961321 -0.028584050238132475 0.3578639699191582 0.22281135158373577 0.56954185678200286 -0.16470416194916201 -0.22378871216015384 0.054077747876883721
leaf_weight=31 301 22 714 246 298 127 21 1252 643 26 817 25 53 125 32 82 323 24 22 235 173 33 159 20 41 101 22 269 55 153
leaf_count=31 301 22 714 246 298 127 21 1252 643 26 817 25 53 125 32 82 323 24 22 235 173 33 159 20 41 101 22 269 55 153
internal_value=-0.000184733 0.254773 -0.0107389 0.0320374 0.0834325 0.157976 0.223783 -0.0768835 -0.0586543 -0.0218999 -0.0643165 0.0585433 0.160554 0.125686 0.268042 0.191549 0.143389 0.156329 0.416754 -0.0993799 0.207441 0.0398794 0.102005 0.355074 0.0437997 0.329156 -0.0263955 -0.0750642 0.0353977 0.118879
internal_weight=6445 247 6198 3767 1932 216 194 2431 2130 1835 1088 271 1135 857 278 804 621 173 46 1487 496 747 246 46 200 183 797 499 230 175
internal_count=6445 247 6198 3767 1932 216 194 2431 2130 1835 1088 271 1135 857 278 804 621 173 46 1487 496 747 246 46 200 183 797 499 230 175
cat_boundaries=0 1 2 3 4 5 6 7 8 9 10
cat_threshold=8193 67584 258 1 2098561 16400 4 82068 1 67728
is_linear=0
shrinkage=0.1


Tree=33
num_leaves=31
num_cat=9
split_feature=3 3 0 7 1 1 2 3 3 6 10 8 7 3 2 7 7 2 8 12 8 6 10 6 8 7 12 8 8 10
split_gain=1440.38 3558.41 909.158 950.05 866.399 662.111 485.876 460.812 3334.41 543.455 434.928 419.622 387.038 384.583 354.831 550.378 349.296 335.05 322.985 319.652 538.651 292.079 271.611 271.565 258.059 249.19 906.9 244.011 357.268 363.966
threshold=7.5000000000000009 20.500000000000004 0 33.500000000000007 1 2 3 16.500000000000004 11.500000000000002 4 0.16070746550705539 1.0000000180025095e-35 1.5000000000000002 10.500000000000002 5 2.5000000000000004 64.500000000000014 6 0.035687100487377207 -0.0061694721250841961 0.07933435123654714 7 0.19436313462100221 8 0.0040037820714198527 45.500000000000007 0.0009657802618960867 0.23173461899806747 0.20865589485723204 -0.037740233633683347
decision_type=2 2 9 2 9 9 1 2 2 1 2 2 2 2 1 2 2 1 2 2 2 1 2 1 2 2 2 2 2 2
left_child=4 2 6 18 11 12 7 8 13 -9 -5 -1 -3 -2 -6 -16 25 -14 -4 20 -7 24 -17 -10 -21 -11 -27 28 29 -22
right_child=1 5 3 10 14 19 -8 9 23 16 -12 -13 17 -15 15 22 -18 -19 -20 21 27 -23 -24 -25 -26 26 -28 -29 -30 -31
leaf_value=0.0040764022830196405 0.067607925005216646 -0.31115595478760572 0.73518792871724481 0.22112643650928795 -0.032619432627308653 0.50731463700532919 0.20005104594405682 -0.020982160488671717 -0.45316566021546073 0.19602968237293816 -0.21008887606171461 -0.1363141780218787 -0.13637124062061309 0.4063182141631842 -0.12047927424907685 0.099000074591158949 0.082630273417975658 0.0044205066040158272 0.3921862979457803 -0.018426386392619239 -0.12410135925450223 0.050889423334159738 0.45219814848640694 -0.89550207955496652 -0.27435468435287474 0.10971395601518452 0.96811719834804544 -0.075847351613144084 0.52173850564729596 0.2951941616631843
leaf_weight=264 207 95 44 233 1214 30 368 231 23 216 26 1100 615 40 125 408 273 240 73 83 47 163 23 35 75 32 20 84 21 37
leaf_count=264 207 95 44 233 1214 30 368 231 23 216 26 1100 615 40 125 408 273 240 73 83 47 163 23 35 75 32 20 84 21 37
internal_value=-0.000248283 0.0457453 0.13952 0.277301 -0.0488395 -0.0688614 0.10105 0.0656936 -0.0377633 0.107418 0.177838 -0.108347 -0.118424 0.12246 -0.0023559 0.0631319 0.162243 -0.098394 0.521178 0.0201512 0.113672 -0.043025 0.117848 -0.720093 -0.139911 0.243342 0.439869 0.0511892 0.152818 0.0605883
internal_weight=6445 3311 1821 376 3134 1490 1445 1077 305 772 259 1364 950 247 1770 556 541 855 117 540 219 321 431 58 158 268 52 189 105 84
internal_count=6445 3311 1821 376 3134 1490 1445 1077 305 772 259 1364 950 247 1770 556 541 855 117 540 219 321 431 58 158 268 52 189 105 84
cat_boundaries=0 1 2 3 4 5 6 7 8 9
cat_threshold=17488 34818 600197 309 4 1296 786 4 4
is_linear=0
shrinkage=0.1


Tree=34
num_leaves=31
num_cat=10
split_feature=0 7 1 2 7 11 12 9 6 0 0 6 12 8 9 7 7 11 3 3 1 7 12 2 12 9 7 1 8 11
split_gain=1378.27 1551.65 1208.09 784.856 999.876 670.586 586.731 581.545 470.26 1361.05 436.672 873.429 526.058 607.457 600.978 364.078 342.231 350.557 295.62 689.83 319.2 528.017 404.557 274.603 269.389 284.087 336.864 268.788 264.1 262.179
threshold=0 33.500000000000007 1 2 1.0000000180025095e-35 -0.077807633036991647 1.0000000180025095e-35 0.61964722907120651 3 4 5 6 -0.00072820363772493012 0.071686540405919985 -0.21987381794846597 4.5000000000000009 113.50000000000001 0.018272211659436228 7.5000000000000009 20.500000000000004 7 64.500000000000014 0.0011710093050480981 8 -0.027385907506834718 -0.06413930694921198 7.5000000000000009 9 0.10276328473188595 -0.084718979298309988
decision_type=9 2 9 1 2 2 2 2 1 9 9 1 2 2 2 2 2 2 2 2 9 2 2 1 2 2 2 9 2 2
left_child=1 -1 7 18 -5 -3 16 8 23 -10 -6 12 13 -12 -15 -11 28 -18 27 20 21 22 -20 24 -2 -26 -27 29 -7 -4
right_child=2 5 3 4 10 6 -8 -9 9 15 11 -13 -14 14 -16 -17 17 -19 19 -21 -22 -23 -24 -25 25 26 -28 -29 -30 -31
leaf_value=0.89749072242167705 -0.11344350853136607 -0.3822866437110034 -0.15359721092972906 -0.13740020929412408 0.22917501058733261 -0.026909083252151807 0.69942587500526798 0.28478444594403973 -0.0031436112059480686 -0.34423692727533101 0.46552977934479717 0.13023497560061514 -0.16571604076113244 0.35779867121151515 -0.10866047485184123 -0.17104836209580113 0.10907933885852497 0.6617178586396304 0.25176669569878746 -0.082452093053785369 0.042316099841241517 0.092229552986995825 0.83638681292533867 -0.044321600367323438 0.41067481709493175 -0.10374298453330995 0.31689756548765935 -0.083737514213998498 0.30880506730848745 0.073515092520427858
leaf_weight=31 42 22 64 198 223 96 21 46 622 156 32 940 192 35 131 547 24 22 29 399 506 104 20 773 37 45 33 777 31 247
leaf_count=31 42 22 64 198 223 96 21 46 622 156 32 940 192 35 131 547 24 22 29 399 506 104 20 773 37 45 33 777 31 247
internal_value=-0.000217949 0.226713 -0.00961178 0.0243065 0.0738111 0.14094 0.200275 -0.0669128 -0.0743838 -0.112642 0.101215 0.0774543 -0.0477746 0.0665928 -0.0103107 -0.206542 0.139684 0.373385 -0.0162411 0.021321 0.0841517 0.206263 0.490387 -0.0198756 0.0971229 0.182471 0.0742203 -0.0529167 0.0550369 0.0259439
internal_weight=6445 247 6198 3897 1751 216 194 2301 2255 1325 1553 1330 390 198 166 703 173 46 2146 1058 659 153 49 930 157 115 78 1088 127 311
internal_count=6445 247 6198 3897 1751 216 194 2301 2255 1325 1553 1330 390 198 166 703 173 46 2146 1058 659 153 49 930 157 115 78 1088 127 311
cat_boundaries=0 1 2 3 4 5 6 7 8 9 10
cat_threshold=8193 2048 256 1 65684 67716 4 1081476 1684 2491456
is_linear=0
shrinkage=0.1


Tree=35
num_leaves=31
num_cat=11
split_feature=0 7 3 3 1 2 11 12 1 0 6 3 3 6 0 4 9 4 1 7 2 7 10 12 7 11 10 0 3 3
split_gain=1116.16 1256.84 1041.7 2626.78 746.293 722.219 543.174 475.252 459.362 457.088 433.382 422.549 1901.03 669.831 382.003 366.445 492.292 355.273 317.203 377.874 313.961 430.806 294.214 443.231 277.207 283.951 275.4 265.558 287.002 1913.91
threshold=0 33.500000000000007 7.5000000000000009 20.500000000000004 1 2 -0.077807633036991647 1.0000000180025095e-35 3 4 5 11.500000000000002 16.500000000000004 6 7 4.5000000000000009 -0.095184439282865713 2.5000000000000004 8 64.500000000000014 9 3.5000000000000004 -0.087497368345079471 -0.023761275089391534 113.50000000000001 0.018272211659436228 0.19436313462100221 10 16.500000000000004 11.500000000000002
decision_type=9 2 2 2 9 1 2 2 9 9 1 2 2 1 9 2 2 2 9 2 1 2 2 2 2 2 2 9 2 2
left_child=1 -1 4 5 10 18 -3 24 -5 11 -2 -7 -13 17 -12 16 22 -14 19 -4 -6 -22 -10 -24 -8 -26 -23 -20 29 -29
right_child=2 6 3 8 20 9 7 -9 15 -11 14 12 13 -15 -16 -17 -18 -19 27 -21 21 26 23 -25 25 -27 -28 28 -30 -31
leaf_value=0.80774164329613418 -0.031266466165401456 -0.34405797814781014 0.39814627359310789 -0.10387215523102172 -0.030859753376749757 0.31443429038576459 0.04953319460857572 0.62948328398522879 0.023227129057049753 0.35172782101449962 -0.050917253338654211 -0.78558335252430134 -0.40274655747002569 0.21356590787142957 -0.18233245329086525 -0.14456262381396967 -0.0028912504775482316 0.077010151938619945 0.17616792530600045 0.083006597600447443 -0.074597316545310557 0.10701067436262723 0.69391305212796273 0.1361179238763349 0.098171406735976546 0.59554607597264375 0.4521217300891876 0.0795239726668521 0.056239541937742256 -0.58648933555398675
leaf_weight=31 635 22 60 1028 878 115 127 21 30 152 374 23 29 301 647 101 228 33 112 104 143 308 28 29 24 22 25 188 571 56
leaf_count=31 635 22 60 1028 878 115 127 21 30 152 374 23 29 301 647 101 228 33 112 104 143 308 28 29 24 22 25 188 571 56
internal_value=-0.000174388 0.204042 -0.008628 0.0311935 -0.050833 0.11379 0.126846 0.180247 -0.0685634 0.196405 -0.0955575 0.14332 0.0960534 0.151915 -0.136479 0.0206896 0.074332 -0.147392 0.0619744 0.186905 0.00453919 0.0691253 0.27671 0.410123 0.125716 0.336046 0.13292 0.0381135 0.0172362 -0.0733315
internal_weight=6445 247 6198 3188 3010 1744 216 194 1444 653 1656 501 386 363 1021 416 315 62 1091 164 1354 476 87 57 173 46 333 927 815 244
internal_count=6445 247 6198 3188 3010 1744 216 194 1444 653 1656 501 386 363 1021 416 315 62 1091 164 1354 476 87 57 173 46 333 927 815 244
cat_boundaries=0 1 2 3 4 5 6 7 8 9 10 11
cat_threshold=8193 51238 260 998018 16400 1 4 68740 1081476 768 67712
is_linear=0
shrinkage=0.1


Tree=36
num_leaves=31
num_cat=10
split_feature=0 6 0 2 2 1 10 1 7 3 1 9 2 7 7 7 8 12 9 9 9 12 10 4 3 3 3 6 7 7
split_gain=989.512 2103.66 1443.45 858.46 801.074 559.429 937.197 508.469 504.551 496.285 466.203 403.86 368.792 363.944 362.989 358.309 330.52 324.435 316.09 307.067 1173.03 361.301 305.95 303.597 244.712 252.871 335.489 243.705 243.232 375.866
threshold=0 1 2 3 4 5 0.16070746550705539 6 1.5000000000000002 20.500000000000004 7 -0.23253003915849449 8 117.50000000000001 4.5000000000000009 3.5000000000000004 0.071686540405919985 7.1476644827677939e-05 0.61964722907120651 -0.13564833440104662 -0.075045124656711912 -0.11027830303549406 0.14787010064911676 5.5000000000000009 7.5000000000000009 20.500000000000004 19.500000000000004 9 66.500000000000014 71.500000000000014
decision_type=9 1 9 1 1 9 2 9 2 2 9 2 1 2 2 2 2 2 2 2 2 2 2 2 2 2 2 1 2 2
left_child=3 2 14 10 5 -4 13 18 -6 11 22 -10 -9 17 -2 -14 -13 19 27 21 -21 -7 -1 28 -5 26 -26 -3 -12 -30
right_child=1 7 4 24 8 6 -8 12 9 -11 23 16 15 -15 -16 -17 -18 -19 -20 20 -22 -23 -24 -25 25 -27 -28 -29 29 -31
leaf_value=0.0026373873306759473 -0.4937023957894332 -0.011691803290382481 -0.160742200676772 0.13540339070873766 -0.16712139195834216 0.17268564760684968 0.55124554305241025 0.023800487447851869 0.68213848363269458 -0.071543809827768576 0.051564791890216712 0.36724946036934858 -0.0014491949550254823 0.36100806415081027 -0.24238763328338431 0.16456950621249586 0.013116487400962952 -0.28409352357188861 0.26664675697684287 0.72308144362076465 -0.080916111717043937 -0.33478135935803682 -0.28145331487059594 -0.26664176385849719 0.31984618458212638 0.1945472219202202 0.78280589632366016 -0.11575259837567023 0.58248590812411005 0.15866875873942829
leaf_weight=725 69 1070 561 104 52 20 29 1434 22 53 210 60 182 20 344 455 47 60 36 23 86 47 40 20 49 64 23 285 23 232
leaf_count=725 69 1070 561 104 52 20 29 1434 22 53 210 60 182 20 344 455 47 60 36 23 86 47 40 20 49 64 23 285 23 232
internal_value=-0.000132137 -0.0216354 -0.120899 0.0710454 -0.0578493 -0.103075 0.0120398 0.02111 0.103182 0.186081 0.0367921 0.291926 0.0523706 -0.0485718 -0.277652 0.115325 0.211696 -0.0832819 -0.0256249 -0.0148234 0.0887347 -0.183299 -0.0120594 0.112534 0.24084 0.339177 0.467736 -0.0335791 0.131262 0.196895
internal_weight=6445 4955 1493 1490 1080 846 285 3462 234 182 1250 129 2071 256 413 637 107 236 1391 176 109 67 765 485 240 136 72 1355 465 255
internal_count=6445 4955 1493 1490 1080 846 285 3462 234 182 1250 129 2071 256 413 637 107 236 1391 176 109 67 765 485 240 136 72 1355 465 255
cat_boundaries=0 1 2 3 4 5 6 7 8 9 10
cat_threshold=75909 4 16896 456 1876 240192 264450 2889760 1792 1
is_linear=0
shrinkage=0.1


Tree=37
num_leaves=31
num_cat=10
split_feature=3 3 0 7 2 2 1 1 7 7 3 3 12 1 10 1 7 9 7 8 2 7 7 8 0 12 3 9 7 2
split_gain=900.507 2167.23 538.598 534.597 553.546 434.481 422.297 399.966 397.868 315.925 311.99 2089.92 423.004 304.278 395.253 303.392 590.062 301.438 272.009 259.907 258.429 239.941 266.617 234.954 218.658 216.8 204.165 203.777 201.891 268.262
threshold=7.5000000000000009 20.500000000000004 0 1.0000000180025095e-35 1 2 3 4 43.500000000000007 1.0000000180025095e-35 16.500000000000004 11.500000000000002 0.0088538917928072877 5 0.16972473411188879 6 64.500000000000014 -0.05798942311067927 1.5000000000000002 0.53157475570067458 7 121.50000000000001 85.500000000000014 0.035687100487377207 8 -0.078786696734376202 10.500000000000002 0.0025819657948408649 4.5000000000000009 9
decision_type=2 2 9 2 1 1 9 9 2 2 2 2 2 9 2 9 2 2 2 2 1 2 2 2 9 2 2 2 2 1
left_child=3 2 8 -1 6 10 -5 18 23 -7 11 26 -13 14 25 16 17 -12 -3 27 -20 22 28 -2 -8 -6 -4 -11 -9 -30
right_child=1 7 5 4 13 9 24 21 -10 19 15 12 -14 -15 -16 -17 -18 -19 20 -21 -22 -23 -24 -25 -26 -27 -28 -29 29 -31
leaf_value=-0.20205445158495966 0.61938754053492295 -0.25323000368319065 0.050871629732679217 0.011075431634158065 0.35828861723205563 -0.048220404982566835 -0.19244178615711832 -0.08961834999759799 0.16839786642313712 0.19515929231709117 0.27942526891827585 -0.35059268540806243 -0.89258244236310336 -0.0058319654909778744 0.54748086918145422 0.049579451866930718 0.082554159296935881 0.82845924109220503 -0.1082463718187809 0.53050609670934223 0.014576226416975261 0.35614727307111027 -0.16856897377542088 0.27422718736456664 -0.071705656742361568 0.061041754711294707 0.29795304112121812 -0.0063690537619486192 -0.022992196131108256 0.15264806392108973
leaf_weight=188 38 95 204 622 27 65 175 103 169 419 20 36 24 621 20 588 79 20 615 21 240 20 77 41 1212 269 40 57 167 173
leaf_count=188 38 95 204 622 27 65 175 103 169 419 20 36 24 621 20 588 79 20 615 21 240 20 77 41 1212 269 40 57 167 173
internal_value=-0.000140171 0.0362264 0.10941 -0.0385606 -0.0281272 0.08591 -0.0575663 -0.0532143 0.245113 0.15632 0.0456225 -0.0386427 -0.567389 0.0352309 0.113631 0.0825007 0.222321 0.553942 -0.0917362 0.186216 -0.0748654 0.0159589 0.00318168 0.440254 -0.0882076 0.0881555 0.0913768 0.171027 0.0330345 0.0701911
internal_weight=6445 3311 1821 3134 2946 1573 2009 1490 248 562 1011 304 60 937 316 707 119 40 950 497 855 540 520 79 1387 296 244 476 443 340
internal_count=6445 3311 1821 3134 2946 1573 2009 1490 248 562 1011 304 60 937 316 707 119 40 950 497 855 540 520 79 1387 296 244 476 443 340
cat_boundaries=0 1 2 3 4 5 6 7 8 9 10
cat_threshold=75904 1284 325 3097696 600197 104073 49284 786 336 1280
is_linear=0
shrinkage=0.1


Tree=38
num_leaves=31
num_cat=11
split_feature=0 7 6 0 6 0 2 1 10 11 10 7 10 12 2 11 11 7 7 2 7 4 3 3 7 1 2 12 9 8
split_gain=845.542 964.88 771.466 1508.56 747.893 669.708 657.41 475.509 468.53 472.185 798.027 434.332 342.29 687.756 331.017 320.289 295.972 310.606 286.91 330.697 278.614 274.712 274.679 345.036 260.117 249.869 248.26 235.283 218.798 267.515
threshold=0 33.500000000000007 1 2 3 4 5 6 0.082419528864346989 -0.077807633036991647 0.0010130739978376408 94.500000000000014 0.16070746550705539 0.0054749665860476474 7 -0.34784006549529961 0.2933466333105364 1.0000000180025095e-35 3.5000000000000004 8 4.5000000000000009 1.5000000000000002 7.5000000000000009 20.500000000000004 127.50000000000001 9 10 -0.10008422846213873 -0.20383860852031746 0.0083258773873585452
decision_type=9 2 1 9 1 9 1 9 2 2 2 2 2 2 1 2 2 2 2 1 2 2 2 2 2 9 1 2 2 2
left_child=1 -1 14 6 5 20 27 11 9 -3 24 28 26 -14 25 -9 17 -16 -6 21 -5 -20 -17 -24 -11 -2 -7 -4 -8 -30
right_child=2 8 3 4 18 12 7 15 -10 10 -12 -13 13 -15 16 22 -18 -19 19 -21 -22 -23 23 -25 -26 -27 -28 -29 29 -31
leaf_value=0.70649640973537198 0.14034811118031265 -0.29111018024739765 0.49242382185533651 -0.4384443220237027 -0.15640899587739657 0.012797783861389836 0.33385584467711549 0.36603103287163236 -0.35115284562110904 0.075274339516625835 0.75968738327855645 0.47776554839031116 0.54321777677536021 -0.10360916232069334 -0.097146180259821191 -0.086557441313975858 0.419539581067287 0.099261882999973516 0.39503376669086077 -0.031261057818275213 -0.2182670737911479 0.061888354733217882 0.099390190511587123 -0.050319699397859387 0.45438032717931842 -0.0012233324311241951 -0.14046817244365531 0.1391635812235866 0.24624358224868775 -0.16174369467629326
leaf_weight=31 125 21 20 69 141 138 24 21 20 131 23 37 25 48 91 464 26 699 34 620 344 91 273 353 21 1635 521 329 25 45
leaf_count=31 125 21 20 69 141 138 24 21 20 131 23 37 25 48 91 464 26 699 34 620 344 91 273 353 21 1635 521 329 25 45
internal_value=-0.000153049 0.17759 -0.00751082 -0.037276 -0.0941249 -0.147968 0.0356624 0.00116786 0.109904 0.156951 0.210718 0.174238 -0.0863711 0.117907 0.0343115 -0.0206114 0.0865034 0.0766377 -0.025604 -0.000847622 -0.249023 0.141207 -0.0282495 0.0149691 0.127651 0.00956758 -0.11031 0.154967 0.0732996 -0.016034
internal_weight=6445 247 6198 3622 2031 1145 1591 1242 216 196 175 131 732 73 2576 1111 816 790 886 745 413 125 1090 626 152 1760 659 349 94 70
internal_count=6445 247 6198 3622 2031 1145 1591 1242 216 196 175 131 732 73 2576 1111 816 790 886 745 413 125 1090 626 152 1760 659 349 94 70
cat_boundaries=0 1 2 3 4 5 6 7 8 9 10 11
cat_threshold=8193 1 67732 4 16896 683 1836096 904 1201 434240 51
is_linear=0
shrinkage=0.1


Tree=39
num_leaves=31
num_cat=7
split_feature=3 3 7 2 0 9 4 2 6 1 11 1 3 3 11 9 11 0 7 9 3 3 12 11 10 11 7 11 8 3
split_gain=693.892 1690.58 391.672 398.158 449.363 1131.11 398.996 373.596 344.827 335.376 301.449 297.065 271.995 1756.96 267.249 472.898 363.225 411.567 333.899 317.663 308.37 1289.97 402.009 265.783 241.949 235.116 233.972 225.825 241.42 501.068
threshold=7.5000000000000009 20.500000000000004 1.0000000180025095e-35 0 1 -0.20793238258139868 1.5000000000000002 2 3 4 0.25434415555633694 5 11.500000000000002 16.500000000000004 0.10963644813061899 -0.25131114922114067 0.09877963885580171 6 6.5000000000000009 -0.014372966815197423 16.500000000000004 11.500000000000002 0.011547706232186634 -0.0039695574556057661 1.0000000180025095e-35 -0.054541005322404461 66.500000000000014 -0.00021892909243083296 0.19813925140715322 4.5000000000000009
decision_type=2 2 2 1 9 2 2 1 1 9 2 9 2 2 2 2 2 9 2 2 2 2 2 2 2 2 2 2 2 2
left_child=2 7 -1 11 5 -5 -7 14 -6 25 -10 26 23 -14 16 -16 17 19 -17 -2 21 -19 -23 -9 -8 -3 -4 -28 29 -29
right_child=1 9 3 4 8 6 24 12 10 -11 -12 -13 13 -15 15 18 -18 20 -20 -21 -22 22 -24 -25 -26 -27 27 28 -30 -31
leaf_value=-0.17380921572169408 0.13025204270602542 -0.17864692850960692 -0.085466871489963597 0.9083985185623169 0.063367378187382792 -0.19923858791589738 0.42837497154871623 0.49341869435527114 -0.040411413976236397 0.014414649570904187 -0.43673268308863045 -0.077224663378922268 -0.63590135872364051 0.18614220466801532 0.61952235232040831 0.49525446047385535 -0.37615395087748765 0.045731102299760101 0.072319218100580784 0.47287372388925991 0.06673511732577099 -0.27977542877197265 -0.84285694758097329 0.19612667938596326 -0.020650395750999452 -0.057583368506282574 -0.061322456559686517 -0.003470281964724826 -0.088544327400776807 0.31398975148650948
leaf_weight=188 94 206 169 20 467 33 30 44 475 559 20 1353 28 364 21 21 20 224 168 38 651 32 21 95 20 725 111 97 49 102
leaf_count=188 94 206 169 20 467 33 30 44 475 559 20 1353 28 364 21 21 20 224 168 38 651 32 21 95 20 725 111 97 49 102
internal_value=-0.000140817 0.0317822 -0.0338668 -0.0249363 0.0239012 0.212667 0.070643 0.0964186 0.00171038 -0.0472129 -0.0564244 -0.0524359 0.1669 0.127425 0.0656041 0.169333 0.046042 0.0540079 0.119312 0.212767 0.0288225 -0.0592384 -0.502883 0.290234 0.248765 -0.0834742 0.0113401 0.0572281 0.110289 0.159248
internal_weight=6445 3311 3134 2946 1065 103 83 1821 962 1490 495 1881 531 392 1290 210 1080 1060 189 132 928 277 53 139 50 931 528 359 248 199
internal_count=6445 3311 3134 2946 1065 103 83 1821 962 1490 495 1881 531 392 1290 210 1080 1060 189 132 928 277 53 139 50 931 528 359 248 199
cat_boundaries=0 1 2 3 4 5 6 7
cat_threshold=260 9492 284 1 895105 2507876 73728
is_linear=0
shrinkage=0.1


Tree=40
num_leaves=31
num_cat=8
split_feature=0 6 2 0 1 11 1 11 12 1 11 11 9 9 9 4 2 10 7 12 7 11 7 3 9 7 7 12 11 10
split_gain=653.406 1894.79 553.768 539.583 377.529 364.455 327.835 350.166 323.546 318.509 309.797 520.569 253.523 383.643 246.324 238.514 237.623 255.073 229.204 223.396 216.686 368.119 237.083 211.688 203.885 309.301 632.679 459.142 281.571 278.356
threshold=0 1 2 3 4 -0.34784006549529961 5 0.055861315599041415 -0.10210721521103704 6 0.039650264339399645 0.0056400418314291609 -0.11897868457896917 -0.0043109726752617698 0.61964722907120651 1.5000000000000002 7 0.094115201944854801 2.5000000000000004 0.0033056468641578644 14.500000000000002 0.2933466333105364 1.0000000180025095e-35 6.5000000000000009 -0.1213190915552048 116.50000000000001 119.50000000000001 -1.0000000180025095e-35 0.2933466333105364 0.012612870234507472
decision_type=9 1 1 9 9 2 9 2 2 9 2 2 2 2 2 2 1 2 2 2 2 2 2 2 2 2 2 2 2 2
left_child=2 3 4 18 10 -6 7 -5 -4 14 11 -1 -10 15 -3 -14 -8 23 -2 -17 21 22 -11 -18 28 29 -27 -28 -7 -26
right_child=1 9 8 6 5 24 16 -9 12 20 -12 -13 13 -15 -16 19 17 -19 -20 -21 -22 -23 -24 -25 25 26 27 -29 -30 -31
leaf_value=0.16313473962142433 -0.44091302527321707 -0.02740483107361032 0.52204004610362265 -0.028306059892820097 0.39960549318272137 -0.076018301152342233 -0.16040291991033503 0.34671689692665553 -0.027285419879971368 -0.068683889204949403 -0.080476444909969969 0.74071928694844247 0.03212276276733194 0.065189165380727124 0.23762591464651958 0.44481139046936691 -0.18320537724378569 0.20091613132506608 -0.20182595500601053 0.13722219279205258 0.011549519142695065 0.49049188562092327 0.085787966173137387 0.017371834420761012 0.036069249359468494 0.65367651814999794 -0.20974197132246838 0.28916925742075994 0.22693813506400951 -0.11854916259132582
leaf_weight=71 45 1355 23 93 23 436 353 34 76 113 30 20 28 149 36 83 97 40 368 33 1114 21 823 115 591 23 35 39 33 145
leaf_count=71 45 1355 23 93 23 436 353 34 76 113 30 20 28 149 36 83 97 40 368 33 1114 21 823 115 591 23 35 39 33 145
internal_value=-0.000136481 -0.0202491 0.050114 -0.131808 0.0210282 0.00496958 -0.0765591 0.0668315 0.154213 0.0165886 0.183074 0.290076 0.135465 0.17768 -0.020399 0.294077 -0.107257 -0.0295287 -0.222489 0.357308 0.0413305 0.076429 0.0671391 -0.0744017 -0.00196354 0.0277293 0.195579 0.0531977 -0.0547015 0.00560774
internal_weight=6445 4607 1838 1145 1446 1325 732 127 392 3462 121 91 369 293 1391 144 605 252 413 116 2071 957 936 212 1302 833 97 74 469 736
internal_count=6445 4607 1838 1145 1446 1325 732 127 392 3462 121 91 369 293 1391 144 605 252 413 116 2071 957 936 212 1302 833 97 74 469 736
cat_boundaries=0 1 2 3 4 5 6 7 8
cat_threshold=75925 4 340 16896 1115200 2117764 264450 256
is_linear=0
shrinkage=0.1


Tree=41
num_leaves=31
num_cat=10
split_feature=0 7 6 0 7 2 1 2 10 11 7 7 1 3 7 9 12 9 7 11 1 2 7 8 11 11 12 1 7 4
split_gain=588.445 699.348 532.455 996.804 523.746 472.21 454.015 415.708 349.314 383.66 596.285 575.144 332.855 323.465 362.434 261.655 500.894 245.118 484.381 263.232 243.202 233.805 288.665 224.556 223.648 348.43 212.975 212.394 201.616 253.648
threshold=0 33.500000000000007 1 2 2.5000000000000004 3 4 5 0.082419528864346989 0.017166157469861734 116.50000000000001 83.500000000000014 6 1.5000000000000002 1.0000000180025095e-35 -0.075045124656711912 -1.0000000180025095e-35 -0.22199930506919352 86.500000000000014 -0.015296656988633358 7 8 1.0000000180025095e-35 0.53157475570067458 0.23049212039427355 0.28612008188733207 -0.024577731902530625 9 94.500000000000014 1.5000000000000002
decision_type=9 2 1 9 2 1 9 1 2 2 2 2 9 2 2 2 2 2 2 2 9 1 2 2 2 2 2 9 2 2
left_child=1 -1 20 7 -5 23 -7 12 9 15 11 -11 -4 -9 -15 -3 -17 18 19 -14 -2 24 -23 27 -22 -26 -24 -6 -19 -30
right_child=2 8 3 4 5 6 -8 13 -10 10 -12 -13 17 14 -16 16 -18 28 -20 -21 21 22 26 -25 25 -27 -28 -29 29 -31
leaf_value=0.59829322791868644 0.17087490627461155 0.2937145392789885 -0.026941223150339502 -0.20812986165996683 0.12845846245262196 -0.13832368691081096 -0.022230514806337084 -0.20977716587838674 -0.30771928906440738 0.45988972479743623 0.77551370859146118 -0.18106029970305307 0.23158882384498916 -0.097714893745653564 0.26665785954539412 -0.34541317441978969 0.12874092858816896 0.011229963559704792 -0.13223077583312989 0.67708680289132261 -0.014887540818544782 -0.10843792457863229 -0.0052745843311960148 0.33690901460746925 0.46795090746879575 -0.01274008705819908 0.099620379634168865 -0.031346672552709398 0.49101493624704223 0.065365710996446155
leaf_weight=31 105 27 920 267 113 737 640 21 20 28 20 28 36 33 158 37 56 314 25 21 1308 97 262 24 25 38 741 250 21 42
leaf_count=31 105 27 920 267 113 737 640 21 20 28 20 28 36 33 158 37 56 314 25 21 1308 97 262 24 25 38 741 250 21 42
internal_value=-0.000147721 0.148131 -0.00628572 -0.0310139 -0.077223 -0.0578467 -0.0849154 0.0282822 0.0903825 0.131005 0.306809 0.139415 0.00775939 0.155415 0.203703 0.0196625 -0.059901 0.0764033 0.234759 0.39572 0.0284591 0.0216284 0.0557822 0.0396375 -0.00597991 0.17801 0.0722201 0.0210751 0.0439864 0.207249
internal_weight=6445 247 6198 3622 2031 1764 1377 1591 216 196 76 56 1379 212 191 120 93 459 82 57 2576 2471 1100 387 1371 63 1003 363 377 63
internal_count=6445 247 6198 3622 2031 1764 1377 1591 216 196 76 56 1379 212 191 120 93 459 82 57 2576 2471 1100 387 1371 63 1003 363 377 63
cat_boundaries=0 1 2 3 4 5 6 7 8 9 10
cat_threshold=8193 1 67732 697 232450 1492 125484 163904 256 17544
is_linear=0
shrinkage=0.1


Tree=42
num_leaves=31
num_cat=8
split_feature=3 3 8 1 0 7 1 7 2 10 7 10 7 7 0 7 7 11 8 7 4 6 2 10 0 7 10 7 9 3
split_gain=542.533 1360.46 321.694 300.643 289.51 368.889 264.981 259.991 565.721 253.535 240.945 217.098 200.93 221.226 292.102 222.906 296.12 201.571 271.691 189.748 189.489 240.366 182.534 232.856 176.318 195.529 175.062 173.807 172.366 170.996
threshold=7.5000000000000009 20.500000000000004 0.007919526900498795 0 1 33.500000000000007 2 4.5000000000000009 3 0.16070746550705539 87.500000000000014 0.56130751434955606 137.50000000000003 85.500000000000014 4 68.500000000000014 10.500000000000002 0.081873619674320719 0.16677101832757263 14.500000000000002 3.5000000000000004 5 6 0.19436313462100221 7 6.5000000000000009 0.065847626573433252 12.500000000000002 0.61964722907120651 16.500000000000004
decision_type=2 2 2 9 9 2 9 2 1 2 2 2 2 2 9 2 2 2 2 2 2 1 1 2 9 2 2 2 2 2
left_child=2 4 6 -4 28 -6 -1 -3 12 -7 19 22 13 14 15 16 -9 26 27 -8 21 -12 24 -24 25 -5 -16 -19 29 -2
right_child=1 7 3 11 5 9 10 8 -10 -11 20 -13 -14 -15 17 -17 -18 18 -20 -21 -22 -23 23 -25 -26 -27 -28 -29 -30 -31
leaf_value=-0.031213224331862528 0.0035937448511937035 -0.12168902631012002 -0.092143464474701869 0.14670212060213089 0.31580619417194633 0.13491314984458327 0.11509208174024016 0.32941220402717591 0.13791896049300897 -0.19432054583269817 0.59426889166883801 0.30866025701165201 0.26266550183296206 -0.13830734708409506 -0.064050046334458627 0.41415760993957518 -0.039569249458011546 0.053857703208923337 -0.061079654187950139 -0.036241925920143074 0.048797548867084761 0.15047206609294966 0.018464521641182528 0.36965918205678466 -0.025304777998260666 -0.18697835352633976 -0.23655761129398278 0.46576609189311668 0.28387675992080141 0.08102262778339131
leaf_weight=449 397 326 953 20 117 233 173 29 180 26 23 20 20 251 399 20 87 20 68 159 33 26 337 20 777 144 69 21 35 1013
leaf_count=449 397 326 953 20 117 233 173 29 180 26 23 20 20 251 399 20 87 20 68 159 33 26 337 20 777 144 69 21 35 1013
internal_value=-0.00012046 0.028107 -0.0299421 -0.0496922 0.0860901 0.164072 0.0220306 -0.042757 -0.0206506 0.101863 0.0786303 -0.0181602 -0.0505451 -0.0575676 -0.0291445 0.0985862 0.0526761 -0.059921 0.0615122 0.0426159 0.234034 0.358785 -0.0233359 0.0371001 -0.0461679 -0.137878 -0.0894839 0.264835 0.0642188 0.0592217
internal_weight=6445 3311 3134 2271 1821 376 863 1490 1164 259 414 1318 984 964 713 136 116 577 109 332 82 49 1298 357 941 164 468 41 1445 1410
internal_count=6445 3311 3134 2271 1821 376 863 1490 1164 259 414 1318 984 964 713 136 116 577 109 332 82 49 1298 357 941 164 468 41 1445 1410
cat_boundaries=0 1 2 3 4 5 6 7 8
cat_threshold=1050690 17488 2165536 1930 75904 4 1300 2256
is_linear=0
shrinkage=0.1


Tree=43
num_leaves=31
num_cat=6
split_feature=0 7 6 0 7 2 1 9 3 3 3 1 11 8 4 7 11 7 3 12 9 11 8 3 7 3 3 3 3 8
split_gain=450.254 564.862 440.923 770.765 428.984 394.92 331.262 372.693 319.284 483.966 402.265 315.699 309.366 356.239 491.001 421.807 419.07 422.636 362.844 249.751 249.552 220.809 203.604 203.35 214.226 195.258 1899.15 428.822 273.753 241.869
threshold=0 33.500000000000007 1 2 4.5000000000000009 3 4 -0.27162626165836384 7.5000000000000009 18.500000000000004 9.5000000000000018 5 -0.077807633036991647 0.16901573942430245 3.5000000000000004 79.500000000000014 0.017166157469861734 92.500000000000014 7.5000000000000009 -0.075294647603604631 -0.11897868457896917 -0.092285847299661231 0.29108783715307424 6.5000000000000009 94.500000000000014 16.500000000000004 11.500000000000002 20.500000000000004 7.5000000000000009 0.0063472109604764846
decision_type=9 2 1 9 2 1 9 2 2 2 2 9 2 2 2 2 2 2 2 2 2 2 2 2 2 2 2 2 2 2
left_child=1 -1 25 6 -5 19 20 -8 23 10 -10 -7 -3 14 16 -16 -14 -18 -17 -6 -4 -22 -21 24 -9 26 28 -27 29 -2
right_child=2 12 3 4 5 11 7 8 9 -11 -12 -13 13 -15 15 18 17 -19 -20 22 21 -23 -24 -25 -26 27 -28 -29 -30 -31
leaf_value=0.53402110684302551 0.078826550033519321 -0.27783346094868405 -0.064984525813243363 -0.1650581123125025 0.33992600827928515 0.01303290071365721 0.49242791041083961 -0.018664800081501849 0.18911934525538715 0.060514157029170103 0.6969207739600769 -0.094471538063042093 0.028440028376746598 0.47850513358910879 -0.52568062484264377 -0.23665695190429689 0.15632743934790294 0.77875504940748219 0.30860816110735356 0.075590537982278105 0.32340221941890196 0.021072697097622637 -0.21518937759101392 -0.24148817248642446 0.27580188356960816 0.11965645727876213 -0.71496009694205398 -0.0055804185628008885 0.13154293515544851 -0.022224226624826905
leaf_weight=31 317 22 423 378 31 372 23 140 39 136 26 1050 57 24 20 26 24 20 23 172 25 717 28 32 30 557 36 537 192 937
leaf_count=31 317 22 423 378 31 372 23 140 39 136 26 1050 57 24 20 26 24 20 23 172 25 717 28 32 30 557 36 537 192 937
internal_value=-0.00011008 0.129594 -0.00547926 -0.0279814 -0.0686131 -0.0469736 0.0241664 0.0985888 0.078558 0.167789 0.39224 -0.0664534 0.0775515 0.117853 0.0669373 -0.138677 0.207406 0.439249 0.0192838 0.0726721 -0.0036547 0.031259 0.0348813 -0.0102309 0.0332999 0.0261388 0.00248421 0.0581828 0.0203459 0.00332051
internal_weight=6445 247 6198 3622 2031 1653 1591 426 403 201 65 1422 216 194 170 69 101 44 49 231 1165 742 200 202 170 2576 1482 1094 1446 1254
internal_count=6445 247 6198 3622 2031 1653 1591 426 403 201 65 1422 216 194 170 69 101 44 49 231 1165 742 200 202 170 2576 1482 1094 1446 1254
cat_boundaries=0 1 2 3 4 5 6
cat_threshold=8193 1 67732 1193 125198 2121900
is_linear=0
shrinkage=0.1


Tree=44
num_leaves=31
num_cat=7
split_feature=3 3 3 3 0 8 0 6 3 3 12 7 4 8 1 7 2 8 8 0 11 8 9 11 4 11 1 10 11 4
split_gain=391.701 1002.98 254.835 3147.79 403.749 355.51 318.019 366.02 992.662 295.271 260.31 258.635 266.921 432.158 241.574 239.213 338.227 314.993 237.607 226.37 346.74 372.869 223.795 223.288 219.944 208.781 183.792 373.525 634.444 180.323
threshold=7.5000000000000009 20.500000000000004 11.500000000000002 16.500000000000004 0 0.088590241664025973 1 2 18.500000000000004 9.5000000000000018 -0.031642121609986355 37.500000000000007 2.5000000000000004 0.13829541685491259 3 2.5000000000000004 4 0.17822333468853135 0.007919526900498795 5 0.11874572388152223 0.17373201514300748 -0.16756605835600905 0.15235563270876504 4.5000000000000009 -0.21611660751679987 6 -0.012632917225848026 0.032212594711207805 1.5000000000000002
decision_type=2 2 2 2 9 2 9 1 2 2 2 2 2 2 9 2 1 2 2 9 2 2 2 2 2 2 9 2 2 2
left_child=15 2 4 5 9 -4 23 8 -8 10 -2 12 13 -6 -3 -1 18 -18 -17 20 21 -20 -7 -5 25 -16 -27 28 -28 -19
right_child=1 14 3 6 11 22 7 -9 -10 -11 -12 -13 -14 -15 24 16 17 29 19 -21 -22 -23 -24 -25 -26 26 27 -29 -30 -31
leaf_value=-0.10084674122750839 -0.083035983641942354 -0.067890977574391234 -0.27539224347402885 0.17185212130315311 0.042694569780276373 -0.44296581561748805 0.50063965416930878 0.10030045716390218 -0.12621230831231961 0.52847737089181557 0.2959621156402234 -0.0080949052251915246 0.075619077656426059 0.59971112966537476 0.34661960655992685 0.023451188829396889 0.021184396431857277 0.43775467087304404 0.10422315616096843 -0.05639473002957554 0.40398357797552037 -0.37393423716227214 -0.84380674242973341 0.5194623002409936 -0.1115222295102748 -0.029863909855408311 0.72452722080051901 0.012892711788660636 0.055709705311754669 0.13808125545711894
leaf_weight=371 24 928 43 243 26 26 29 737 196 39 74 187 117 30 22 655 230 31 73 1669 27 21 30 20 110 233 23 137 37 57
leaf_count=371 24 928 43 243 26 26 29 737 196 39 74 187 117 30 22 655 230 31 73 1669 27 21 30 20 110 233 23 137 37 57
internal_value=-0.000111708 0.0238731 0.0736587 0.0507391 0.134716 -0.491648 0.0945728 0.0655374 -0.0454181 0.275639 0.203146 0.0714462 0.161554 0.341096 -0.0369723 -0.0254511 -0.0153274 0.0802239 -0.0279686 -0.0469405 0.0813987 -0.00259924 -0.657702 0.191023 0.0150226 0.0461513 0.0307785 0.0989937 0.31209 0.243648
internal_weight=6445 3311 1821 1324 497 99 1225 962 225 137 98 360 173 56 1490 3134 2763 318 2445 1790 121 94 56 263 562 452 430 197 60 88
internal_count=6445 3311 1821 1324 497 99 1225 962 225 137 98 360 173 56 1490 3134 2763 318 2445 1790 121 94 56 263 562 452 430 197 60 88
cat_boundaries=0 1 2 3 4 5 6 7
cat_threshold=73748 67780 4 858497 1814 8452 172550
is_linear=0
shrinkage=0.1


Tree=45
num_leaves=31
num_cat=10
split_feature=7 2 0 9 2 9 9 4 7 1 0 9 11 7 10 7 1 4 2 9 0 7 7 7 6 1 3 3 12 11
split_gain=361.214 472.104 293.181 606.414 397.145 364.211 377.222 455.242 264.379 251.133 260.96 376.49 311.383 249.387 224.901 261.613 223.8 217.773 214.07 226.062 199.104 197.797 183.045 177.006 194.723 316.894 191.262 219.924 188.829 168.639
threshold=1.0000000180025095e-35 0 1 -0.2291956316687867 2 -0.00091690444562941723 -0.060781723664661662 2.5000000000000004 6.5000000000000009 3 4 -0.19842795322440304 0.038066457668076821 4.5000000000000009 -0.16414341867606327 75.500000000000014 5 2.5000000000000004 6 -0.0079173378368443421 7 13.500000000000002 14.500000000000002 122.50000000000001 8 9 1.0000000180025095e-35 16.500000000000004 0.17633173866823754 -0.026736570255571118
decision_type=2 1 9 2 1 2 2 2 2 9 9 2 2 2 2 2 9 2 1 2 9 2 2 2 1 9 2 2 2 2
left_child=-1 9 3 -3 5 6 7 -5 17 20 11 -11 -13 16 15 -12 -4 -6 -15 -20 -2 -10 -21 24 25 -16 -26 -28 -29 -22
right_child=1 2 13 4 8 -7 -8 -9 21 10 14 12 -14 18 23 -17 -18 -19 19 22 29 -23 -24 -25 26 -27 27 28 -30 -31
leaf_value=-0.090833853891259864 -0.12510001613796431 0.54154979532415215 -0.092188529947313164 0.55342081650382002 -0.011853944439488123 -0.058690768811437824 0.67716343872822249 -0.067376906562734526 -0.32012163181053965 0.46395153025786079 0.46864002137868249 0.15100816748851892 -0.23129666397968929 0.097169836842522436 -0.14415137796362831 -0.004181145936250687 0.037646940362584945 0.29737104818923399 -0.025715850974758349 0.10328406755322145 -0.071453879271560813 0.068402102738618853 -0.12109806504009701 0.19265768777925607 0.24474288864682117 0.026961629333950229 -0.042662301620232386 0.047104484028227277 0.31149912988391493 -0.0091943858973297325
leaf_weight=411 211 33 272 21 79 27 26 27 38 30 22 101 27 556 226 25 245 32 504 321 586 20 41 43 36 200 355 210 31 1689
leaf_count=411 211 33 272 21 79 27 26 27 38 30 22 101 27 556 226 25 245 32 504 321 586 20 41 43 36 200 355 210 31 1689
internal_value=-0.000124455 0.00605413 0.0423213 0.132518 0.0874337 0.232651 0.370391 0.204222 -0.0123864 -0.0154595 0.0199631 0.13646 0.0703657 0.0276189 0.00288954 0.217139 -0.031716 0.077292 0.0493857 0.017384 -0.0340739 -0.186148 0.0778706 -0.00623021 -0.0143136 -0.0665676 0.0209083 0.00738808 0.0811138 -0.0251209
internal_weight=6445 6034 2242 303 270 101 74 48 169 3792 1306 158 128 1939 1148 47 517 111 1422 866 2486 58 362 1101 1058 426 632 596 241 2275
internal_count=6445 6034 2242 303 270 101 74 48 169 3792 1306 158 128 1939 1148 47 517 111 1422 866 2486 58 362 1101 1058 426 632 596 241 2275
cat_boundaries=0 1 2 3 4 5 6 7 8 9 10
cat_threshold=260 74004 643 2693931 75776 313474 1249 320 4 181252
is_linear=0
shrinkage=0.1


Tree=46
num_leaves=31
num_cat=9
split_feature=0 10 7 10 11 6 0 6 0 11 11 4 2 4 11 8 8 7 1 10 4 12 8 1 1 7 4 8 11 7
split_gain=319.95 509.149 719.236 356.51 572.864 350.881 561.621 374.405 552.165 357.239 300.41 292.579 248.608 244.484 261.288 411.324 227.504 228.734 207.517 374.67 289.614 193.444 440.716 184.931 181.655 234.374 217.61 201.293 272.213 176.471
threshold=0 0.10004674926903408 67.500000000000014 -0.013687046010590178 0.0043486479975557218 1 2 3 4 0.029043479304786974 -0.054231063703676259 2.5000000000000004 5 1.5000000000000002 0.081873619674320719 0.045560522534825114 0.2361476427270893 25.500000000000004 6 -0.0027122803419013393 3.5000000000000004 -0.0029257481956451244 0.19393918745718344 7 8 95.500000000000014 5.5000000000000009 0.21305356901091319 -0.24033258203615337 40.500000000000007
decision_type=9 2 2 2 2 1 9 1 9 2 2 2 1 2 2 2 2 2 9 2 2 2 2 9 9 2 2 2 2 2
left_child=1 2 -1 11 10 23 12 8 18 -10 -5 -4 16 -14 15 -15 24 -18 19 -8 -21 22 -11 -2 25 -7 27 28 -26 -25
right_child=5 -3 3 4 -6 6 7 -9 9 21 -12 -13 13 14 -16 -17 17 -19 -20 20 -22 -23 -24 29 26 -27 -28 -29 -30 -31
leaf_value=0.5691074199146694 0.14769355890503075 -0.33444287776947024 -0.35076446303954495 -0.25074003824964164 0.67156197485469638 0.04080287300345331 -0.13136939325115898 -0.010906924963581879 -0.26542862141279561 0.42739009970710395 0.19410704450001792 0.052937470530641496 -0.057793935360386975 0.2800753204581829 0.49089348614215855 -0.077024176608432429 0.37385054390877487 0.056298179665244918 -0.061231789483291499 0.071740573017220741 0.50487365011985486 -0.15860457337104353 -0.10850482744475205 0.041444436659118546 0.36274803355336194 0.38278952112793924 -0.21773518594326796 -0.21002964894382326 -0.0098236702238056958 -0.012367597037215032
leaf_weight=36 105 23 26 20 21 101 44 886 248 21 63 58 55 78 24 55 30 93 562 38 26 149 57 1379 20 25 54 49 1007 1092
leaf_count=36 105 23 26 20 21 101 44 886 248 21 63 58 55 78 24 55 30 93 562 38 26 149 57 1379 20 25 54 49 1007 1092
internal_value=-0.000142989 0.109194 0.159621 0.0812087 0.204969 -0.00466889 -0.0247421 -0.0594236 -0.0974847 -0.178697 0.086915 -0.0720179 0.01978 0.118074 0.187204 0.132403 0.00392761 0.13375 -0.0366941 0.085361 0.247701 -0.0918135 0.0357746 0.023537 -0.00875462 0.100668 -0.0216549 -0.0120157 -0.00256814 0.0175923
internal_weight=6445 247 224 188 104 6198 3622 2031 1145 475 83 84 1591 212 157 133 1379 123 670 108 64 227 78 2576 1256 126 1130 1076 1027 2471
internal_count=6445 247 224 188 104 6198 3622 2031 1145 475 83 84 1591 212 157 133 1379 123 670 108 64 227 78 2576 1256 126 1130 1076 1027 2471
cat_boundaries=0 1 2 3 4 5 6 7 8 9
cat_threshold=8193 1 67732 4 1096 1492 21632 163904 3932480
is_linear=0
shrinkage=0.1


Tree=47
num_leaves=31
num_cat=7
split_feature=3 3 1 3 3 8 0 0 6 3 3 12 7 7 4 8 1 10 8 9 2 11 3 8 12 4 6 3 7 3
split_gain=298.677 787.936 220.019 203.75 2515.42 279.697 277.404 255.449 266.585 797.683 224.057 201.789 199.092 192.437 212.87 351.955 188.514 185.492 177.512 176.521 175.027 239.284 191.922 173.254 171.085 168.674 147.36 429.685 240.185 230.906
threshold=7.5000000000000009 20.500000000000004 0 11.500000000000002 16.500000000000004 0.088590241664025973 1 2 3 18.500000000000004 9.5000000000000018 -0.031642121609986355 2.5000000000000004 37.500000000000007 2.5000000000000004 0.13829541685491259 4 0.10004674926903408 1.0000000180025095e-35 -0.16756605835600905 5 -9.3195440272337527e-05 22.500000000000004 0.1841944830095204 -0.0002415632351161349 4.5000000000000009 6 4.5000000000000009 73.500000000000014 5.5000000000000009
decision_type=2 2 9 2 2 2 9 9 1 2 2 2 2 2 2 2 9 2 2 2 1 2 2 2 2 2 1 2 2 2
left_child=2 3 12 6 5 -5 10 17 9 -9 11 -2 -1 14 15 -8 -3 -6 25 -7 21 23 -23 -18 -13 26 27 -14 -28 -30
right_child=1 16 -4 4 7 19 13 8 -10 -11 -12 24 18 -15 -16 -17 20 -19 -20 -21 -22 22 -24 -25 -26 -27 28 -29 29 -31
leaf_value=-0.1471857985883559 -0.078602001008888089 -0.059752288136767785 0.0015785572265556427 -0.24857693051182947 0.14360786802462189 -0.39696938028702372 0.035428815392347483 0.45248366614867908 0.087343504288286897 -0.10944254870873363 0.45676255745765487 0.46168250877123618 0.0066589997874365913 -0.0019519247288970068 0.067641996716459596 0.53810740950206915 0.52417769096791744 0.39085954989705773 -0.056172151610193344 -0.75296499530474348 -0.022542517996798989 -0.040725652534853329 0.2559046611767905 0.11292454115381199 0.14317909438783924 -0.087831285016404262 -0.12328566027701729 0.5599908893523009 0.44458703339099892 0.016374186207266415
leaf_weight=190 24 945 1742 43 228 26 26 29 737 196 39 26 36 187 117 30 20 35 963 30 387 88 29 21 48 72 54 23 20 34
leaf_count=190 24 945 1742 43 228 26 26 29 737 196 39 26 36 187 117 30 20 35 963 30 387 88 29 21 48 72 54 23 20 34
internal_value=-0.000115275 0.0208287 -0.0222421 0.0649557 0.0444616 -0.440394 0.119552 0.0836458 0.0576579 -0.0370165 0.236759 0.173366 -0.0516921 0.0665229 0.144384 0.304721 -0.033101 0.170046 -0.0370275 -0.587681 0.0139513 0.0993592 0.0327981 0.313536 0.255086 0.0401117 0.0952728 0.222365 0.0258429 0.174972
internal_weight=6445 3311 3134 1821 1324 99 497 1225 962 225 137 98 1392 360 173 56 1490 263 1202 56 545 158 117 41 74 239 167 59 108 54
internal_count=6445 3311 3134 1821 1324 99 497 1225 962 225 137 98 1392 360 173 56 1490 263 1202 56 545 158 117 41 74 239 167 59 108 54
cat_boundaries=0 1 2 3 4 5 6 7
cat_threshold=18690 73748 67780 4 858561 595 1
is_linear=0
shrinkage=0.1


Tree=48
num_leaves=31
num_cat=4
split_feature=7 2 11 9 9 3 1 11 3 1 11 11 9 3 10 12 8 7 12 12 12 7 7 12 4 12 6 10 8 10
split_gain=284.791 365.358 257.592 249.528 225.297 228.465 220.772 202.752 185.66 176.785 386.873 408.381 625.338 302.378 155.933 214.477 564.461 150.757 175.825 145.175 190.921 123.821 333.39 341.132 393.35 308.972 291.293 150.802 148.191 561.181
threshold=1.0000000180025095e-35 0 -1.0000000180025095e-35 -0.2956954137979515 -0.28550113898147056 18.500000000000004 1 0.025751088164120906 1.5000000000000002 2 0.12539187393828236 0.16279699378151072 -0.23253003915849449 1.0000000180025095e-35 -0.041018848830823754 -0.029191382706060153 0.20131184270043131 1.5000000000000002 0.023333467312317377 -0.036588249647068118 -0.029191382706060153 4.5000000000000009 10.500000000000002 -0.0061694721250841961 2.5000000000000004 -0.078786696734376202 3 0.082419528864346989 0.088590241664025973 -0.078171486031310647
decision_type=2 1 2 2 2 2 9 2 2 9 2 2 2 2 2 2 2 2 2 2 2 2 2 2 2 2 1 2 2 2
left_child=-1 3 6 -2 5 -4 -3 8 -5 10 13 -12 -13 -6 -10 16 -16 -17 -19 -8 -21 27 23 24 25 -23 -26 -11 29 -24
right_child=1 2 4 7 9 -7 19 -9 14 21 11 12 -14 -15 15 17 -18 18 -20 20 -22 22 28 -25 26 -27 -28 -29 -30 -31
leaf_value=-0.080660346425263041 0.40916150433942677 -0.058369956540744686 -0.2588893462934842 -0.070840627984965557 0.29907623572569147 0.065568536892533308 -0.047926665384991046 -0.007065775705760279 -0.050630054715626198 -0.11055233309885898 0.50733662216258901 0.54767120307466644 -0.043845253592090953 0.0080613772708066946 0.57089044998089478 0.31993077181536578 -0.074451775006625961 0.070427592291863975 0.36033729558641259 0.35322667133240476 0.041051578315051455 0.18370458504983359 0.38487220895596042 0.035075296963922857 -0.14208597108100851 0.70401042830944061 0.30237235401211116 0.15310631716251374 -0.0482354132758816 -0.0010367186554193898
leaf_weight=411 20 1275 60 68 38 34 195 367 59 164 35 24 70 591 33 29 23 426 22 21 292 21 39 272 30 25 29 25 632 1115
leaf_count=411 20 1275 60 68 38 34 195 367 59 164 35 24 70 591 33 29 23 426 22 21 292 21 39 272 30 25 29 25 632 1115
internal_value=-0.000116272 0.00536991 -0.00594723 0.0587704 0.010995 -0.141532 -0.0364253 0.0525191 0.0856519 0.0156052 0.0572407 0.21575 0.10718 0.0256426 0.103627 0.120703 0.305839 0.0989676 0.0846642 0.0194192 0.0619962 0.00193528 0.00872587 0.0941771 0.247279 0.466479 0.0763766 -0.0756769 -0.00931171 0.0120053
internal_weight=6445 6034 4987 1047 3204 94 1783 1027 660 3110 758 129 94 629 592 533 56 477 448 508 313 2352 2163 377 105 46 59 189 1786 1154
internal_count=6445 6034 4987 1047 3204 94 1783 1027 660 3110 758 129 94 629 592 533 56 477 448 508 313 2352 2163 377 105 46 59 189 1786 1154
cat_boundaries=0 1 2 3 4
cat_threshold=241 642696 1754176 1
is_linear=0
shrinkage=0.1


Tree=49
num_leaves=31
num_cat=8
split_feature=0 10 7 10 6 0 6 0 11 1 2 11 8 7 7 3 3 11 3 3 10 7 7 1 11 11 10 9 8 12
split_gain=247.932 393.495 581.016 469.811 287.506 450.252 296.714 426.183 283.271 202.789 216.474 204.53 196.936 396.015 572.876 196.328 254.885 189.019 180.163 259.014 172.019 163.22 161.988 158.219 234.739 200.163 156.968 201.544 232.071 153.065
threshold=0 0.10004674926903408 14.500000000000002 0.037794265000999167 1 2 3 4 0.029043479304786974 5 6 0.039650264339399645 0.013478166205983322 83.500000000000014 96.500000000000014 6.5000000000000009 18.500000000000004 -0.34784006549529961 20.500000000000004 18.500000000000004 -0.025756837273165068 17.500000000000004 4.5000000000000009 7 0.0024520281878998912 0.2933466333105364 0.13038214617237895 -0.0096005788051717559 0.045560522534825114 -0.0029257481956451244
decision_type=9 2 2 2 1 9 1 9 2 9 1 2 2 2 2 2 2 2 2 2 2 2 2 9 2 2 2 2 2 2
left_child=1 2 -1 12 -2 9 7 18 21 11 17 -6 15 -14 -15 -4 -17 -11 19 -7 -16 -9 -21 24 -19 -25 27 28 -12 -10
right_child=4 -3 3 -5 5 6 -8 8 29 10 26 -13 13 14 20 16 -18 23 -20 22 -22 -23 -24 25 -26 -27 -28 -29 -30 -31
leaf_value=0.65483505964279187 0.021434271245768587 -0.29386910044628645 -0.308051663178664 0.55034299373626705 0.22481516746525793 -0.04248665559837491 -0.01013212380871654 -0.32518851441730345 0.032301519257135883 0.27927438957350598 0.36865285968053202 -0.12289803723494214 0.38055174904756056 -0.40186645616590977 -0.022252285480499269 0.23484075234995949 -0.23616317361593248 -0.039451592232713981 -0.13038081370590146 -0.12535688726231456 0.3625531150744512 -0.16217096644618056 0.18992394983599134 -0.016340976547975297 -0.33493677217513329 0.27639880347996953 -0.15830716321180607 0.022534022170068332 0.099257706611681346 -0.14060449595750629
leaf_weight=20 2576 23 26 20 87 411 886 112 78 21 42 21 39 25 21 27 20 82 151 20 26 136 88 872 40 24 29 239 134 149
leaf_count=20 2576 23 26 20 87 411 886 112 78 21 42 21 39 25 21 27 20 82 151 20 26 136 88 872 40 24 29 239 134 149
internal_value=-0.000113701 0.0961347 0.140471 0.0900436 -0.00409784 -0.0222678 -0.0533206 -0.0872055 -0.158571 0.0175973 0.00749844 0.143882 0.0400111 0.123909 -0.0151053 -0.0875604 0.0344135 -0.0175248 -0.0337402 -0.00627331 0.190619 -0.235792 0.131539 -0.0238195 -0.126004 -0.00840592 0.0651513 0.0823363 0.163545 -0.0811919
internal_weight=6445 247 224 204 6198 3622 2031 1145 475 1591 1483 108 184 111 72 73 47 1039 670 519 47 248 108 1018 122 896 444 415 176 227
internal_count=6445 247 224 204 6198 3622 2031 1145 475 1591 1483 108 184 111 72 73 47 1039 670 519 47 248 108 1018 122 896 444 415 176 227
cat_boundaries=0 1 2 3 4 5 6 7 8
cat_threshold=8193 1 67732 4 1096 1573888 1300 98596
is_linear=0
shrinkage=0.1


Tree=50
num_leaves=31
num_cat=5
split_feature=7 2 7 9 12 10 3 1 8 7 11 0 10 10 0 4 7 12 6 10 7 8 7 3 7 7 8 12 8 12
split_gain=227.796 301.006 245.471 256.941 328 255.015 215.707 228.029 318.582 256.422 199.607 351.971 470.739 358.2 271.053 254.042 244.357 284.508 233.166 217.705 339.994 261.992 241.292 190.794 171.711 169.526 164.936 158.556 526.621 157.75
threshold=1.0000000180025095e-35 0 14.500000000000002 -0.2291956316687867 -0.11658787507893016 -0.12521718774343901 1.5000000000000002 1 0.12784021317730468 2.5000000000000004 -0.037750267283982203 2 0.10004674926903408 0.19974379849986279 3 1.5000000000000002 67.500000000000014 -0.0018687515342015063 4 -0.013687046010590178 96.500000000000014 0.0050924439841492841 85.500000000000014 20.500000000000004 3.5000000000000004 26.500000000000004 0.11396779317703346 0.17633173866823754 0.24183157227740018 -0.024577731902530625
decision_type=2 1 2 2 2 2 2 9 2 2 2 9 2 2 9 2 2 2 1 2 2 2 2 2 2 2 2 2 2 2
left_child=-1 2 3 4 -2 -5 -7 26 9 -9 14 12 16 -14 15 -3 17 25 27 20 22 -21 -18 -17 -20 -12 -8 -13 -29 -11
right_child=1 10 -4 5 -6 6 7 8 -10 29 11 18 13 -15 -16 23 19 -19 24 21 -22 -23 -24 -25 -26 -27 -28 28 -30 -31
leaf_value=-0.072137347617245523 0.61551080621778975 0.36862791573693016 -0.22755977631761481 -0.16825198943531791 0.10514749117633876 -0.10395006616160554 -0.10698079244322974 0.52787859525818093 0.025405843591560492 0.45352017670869832 0.28939289027138759 0.014641230306123904 -0.49654733850842431 0.074688507810882904 -0.052939864327265863 0.14060591902794703 0.01004098745829919 0.067592903697176993 -0.13256399544599631 0.060755787878218351 0.21695559369890313 0.39479577862299409 -0.39464776493035836 -0.17171677997516049 -0.016297726957054882 0.63820416222919119 0.14774514533197269 0.055335702364760875 0.59549930512905125 0.15405453084489612
leaf_weight=411 20 29 26 43 34 53 73 26 115 20 38 1605 21 23 1117 53 34 38 136 59 38 39 26 31 1925 22 39 185 20 146
leaf_count=411 20 29 26 43 34 53 73 26 115 20 38 1605 21 23 1117 53 34 38 136 59 38 39 26 31 1925 22 39 185 20 146
internal_value=-0.000102331 0.00480426 0.0717121 0.0866474 0.294171 0.0648877 0.0861271 0.11017 0.152078 0.235871 -0.00264212 0.00770901 0.104031 -0.197947 -0.0380847 0.10422 0.152763 0.281693 -0.000967679 0.0882984 -0.0170932 0.19369 -0.165324 0.025344 -0.0239698 0.41729 -0.0167831 0.0252189 0.108035 0.190135
internal_weight=6445 6034 595 569 54 515 472 419 307 192 5439 4209 338 44 1230 113 294 98 3871 196 98 98 60 84 2061 60 112 1810 205 166
internal_count=6445 6034 595 569 54 515 472 419 307 192 5439 4209 338 44 1230 113 294 98 3871 196 98 98 60 84 2061 60 112 1810 205 166
cat_boundaries=0 1 2 3 4 5
cat_threshold=49 296001 8209 2180 1
is_linear=0
shrinkage=0.1


Tree=51
num_leaves=31
num_cat=6
split_feature=3 3 3 3 8 0 0 3 7 7 1 8 4 7 6 7 9 8 11 7 2 1 9 4 11 9 4 7 7 8
split_gain=222.257 586.752 166.885 2016.05 216.869 188.257 186.435 283.972 285.313 211.43 166.457 205.099 161.001 267.772 228.049 189.948 160.206 155.219 179.795 152.382 362.049 152.871 136.627 168.427 135.925 134.033 122.069 154.635 437.671 120.728
threshold=7.5000000000000009 20.500000000000004 11.500000000000002 16.500000000000004 0.088590241664025973 0 1 8.5000000000000018 7.5000000000000009 37.500000000000007 2 1.0000000180025095e-35 3.5000000000000004 82.500000000000014 3 13.500000000000002 -0.20136476803307254 0.26681947452551952 -0.040358285845660362 4.5000000000000009 4 5 0.17874969990092107 2.5000000000000004 0.10703344798225685 -0.16756605835600905 4.5000000000000009 73.500000000000014 67.500000000000014 0.13840600429566594
decision_type=2 2 2 2 2 9 9 2 2 2 9 2 2 2 1 2 2 2 2 2 1 9 2 2 2 2 2 2 2 2
left_child=10 2 6 4 -4 -5 9 -8 -9 24 11 12 13 14 15 -1 17 -7 -19 -3 -21 -22 -13 -24 -2 -6 27 28 -23 -29
right_child=1 19 3 5 25 16 7 8 -10 -11 -12 22 -14 -15 -16 -17 -18 18 -20 20 21 26 23 -25 -26 -27 -28 29 -30 -31
leaf_value=0.36951156553740683 0.10172617401465447 -0.088999889560466616 -0.22766467526901601 0.19485039629231571 -0.36008109266941368 -0.098488059354395696 0.075463785157938099 0.12355548635773038 0.5823667833412236 -0.00014487795033781792 0.0014769727774553111 -0.071877669651302878 -0.05552194014160057 0.3186664123360704 -0.09994286464414362 -0.029734377427534625 0.073926949678787657 -0.080464869625866409 0.34355708032846455 0.097407093923730564 -0.070193494645682766 0.039385130960349145 0.30431951528245754 -0.062608082091500025 0.3133249566675379 -0.67028861025969189 -0.096743365963195257 -0.15722668023323114 0.50705184641739598 0.082090545456324313
leaf_weight=26 137 326 43 108 26 110 56 23 33 209 1746 1064 118 41 66 22 967 20 20 233 589 154 22 29 39 30 77 53 23 35
leaf_count=26 137 326 43 108 26 110 56 23 33 209 1746 1064 118 41 66 22 967 20 20 233 589 154 22 29 39 30 77 53 23 35
internal_value=-0.000100312 0.0179667 0.0560457 0.0374981 -0.396569 0.0725778 0.105456 0.215458 0.393926 0.0661415 -0.0191877 -0.0448697 0.0324932 0.0994983 0.0206747 0.186524 0.0584876 -0.0371456 0.131546 -0.0285715 -0.0116474 -0.0395616 -0.0642139 0.0956744 0.148615 -0.526264 0.0136887 0.046293 0.100155 -0.0620437
internal_weight=6445 3311 1821 1324 99 1225 497 112 56 385 3134 1388 273 155 114 48 1117 150 40 1490 1164 931 1115 51 176 56 342 265 177 88
internal_count=6445 3311 1821 1324 99 1225 497 112 56 385 3134 1388 273 155 114 48 1117 150 40 1490 1164 931 1115 51 176 56 342 265 177 88
cat_boundaries=0 1 2 3 4 5 6
cat_threshold=67588 82112 1067010 1 629 2705794
is_linear=0
shrinkage=0.1


Tree=52
num_leaves=31
num_cat=7
split_feature=3 3 1 10 10 3 3 8 6 10 0 7 9 0 6 3 10 7 7 12 10 12 10 9 2 7 11 4 1 4
split_gain=180.746 476.377 144.48 362.963 166.491 134.527 1634.23 176.023 212.651 242.407 168.262 187.172 162.253 160.752 198.565 602.472 152.74 136.14 190.926 552.446 144.378 145.449 167.977 131.082 129.839 197.761 128.92 176.709 128.07 141.224
threshold=7.5000000000000009 20.500000000000004 0 0.33327119557966439 0.2046028587675793 11.500000000000002 16.500000000000004 0.17976232513535359 1 1.0000000180025095e-35 2 87.500000000000014 -0.20001758355746643 3 4 18.500000000000004 0.10004674926903408 64.500000000000014 45.500000000000007 0.0009657802618960867 -0.029407069914699144 -0.022320652695927781 0.0015133580892717523 -0.0021839695193122304 5 3.5000000000000004 0.10703344798225685 2.5000000000000004 6 4.5000000000000009
decision_type=2 2 9 2 2 2 2 2 1 2 9 2 2 9 1 2 2 2 2 2 2 2 2 2 1 2 2 2 9 2
left_child=2 5 3 24 -4 10 7 8 -7 -10 11 12 -2 16 15 -15 -8 18 20 -20 -16 -22 23 -23 25 -1 -12 -28 -3 -30
right_child=1 28 4 -5 -6 6 13 -9 9 -11 26 -13 -14 14 17 -17 -18 -19 19 -21 21 22 -24 -25 -26 -27 27 -29 29 -31
leaf_value=-0.017948716530068354 0.52099004756836664 -0.04938729228255672 -0.025825119913022106 0.41403467614542361 -0.14452366250020171 -0.52318773891614834 0.1092226294919097 -0.56924506340708048 0.036549812129565644 -0.4192763930559158 0.025559535124299024 0.017870586579665542 0.20696365257823157 0.38854049562380233 -0.0027757534937784614 -0.099811253516117526 0.3335863430957709 0.01442787080070161 0.026304994942620397 0.69627712637186057 0.32663600333034992 0.31716566987153966 -0.0027972891181707385 0.1054523660025249 -0.0080526477861073611 0.25542521634522608 0.41145094179294328 0.069198335982703918 0.033283398152443071 -0.093043387034440123
leaf_weight=55 21 892 1901 22 126 23 228 28 28 20 290 40 76 29 138 196 35 273 32 20 31 41 100 102 979 51 22 48 490 108
leaf_count=55 21 892 1901 22 126 23 228 28 28 20 290 40 76 29 138 196 35 273 32 20 31 41 100 102 979 51 22 48 490 108
internal_value=-5.55963e-05 0.0162371 -0.0172685 0.0118032 -0.0330405 0.0505481 0.0338955 -0.356912 -0.273175 -0.153378 0.0949106 0.186292 0.274949 0.0654791 0.0448906 -0.0368681 0.133986 0.0704599 0.103427 0.283987 0.080638 0.122649 0.0966264 0.166153 0.00375616 0.103789 0.0534749 0.176763 -0.0256961 0.0102963
internal_weight=6445 3311 3134 1107 2027 1821 1324 99 71 48 497 137 97 1225 962 225 263 737 464 52 412 274 243 143 1085 106 360 70 1490 598
internal_count=6445 3311 3134 1107 2027 1821 1324 99 71 48 497 137 97 1225 962 225 263 737 464 52 412 274 243 143 1085 106 360 70 1490 598
cat_boundaries=0 1 2 3 4 5 6 7
cat_threshold=2332361 1 73748 67780 4 97 886977
is_linear=0
shrinkage=0.1


Tree=53
num_leaves=31
num_cat=5
split_feature=7 2 11 9 3 9 11 1 12 8 4 12 8 2 11 7 7 0 8 9 4 8 12 2 10 9 7 7 7 11
split_gain=173.912 246.53 174.824 168.012 161.498 157.03 168.562 151.823 156.125 208.175 383.42 143.169 129.383 127.559 160.415 136.4 143.079 132.57 138.733 126.229 227.282 235.699 182.895 128.166 222.79 248.648 177.139 287.31 161.707 141.262
threshold=1.0000000180025095e-35 0 -1.0000000180025095e-35 -0.28550113898147056 18.500000000000004 -0.2956954137979515 0.10059578255348653 1 0.1528714598900566 0.26171587846569438 3.5000000000000004 -0.087782731001277245 0.11396779317703346 2 -0.15187777148732182 93.500000000000014 124.50000000000001 3 0.035057416608822584 -0.25131114922114067 4.5000000000000009 0.25074709636056208 -0.15621050735339606 4 0.031462478159090507 -0.20569029212749865 5.5000000000000009 6.5000000000000009 9.5000000000000018 0.031397472337304284
decision_type=2 1 2 2 2 2 2 9 2 2 2 2 2 1 2 2 2 9 2 2 2 2 2 1 2 2 2 2 2 2
left_child=-1 5 7 4 -4 -2 11 8 13 10 -10 -7 -8 14 -3 17 -17 -15 -19 20 21 -5 -21 24 26 -26 -24 -28 -27 -29
right_child=1 2 3 19 -6 6 12 -9 9 -11 -12 -13 -14 15 -16 16 -18 18 -20 22 -22 -23 23 -25 25 28 27 29 -30 -31
leaf_value=-0.063000220051737749 0.32606960073113445 0.26551844701170924 -0.2214967789252599 -0.079597752269667893 0.05129613163059249 -0.16853450364791431 -0.19678901706245686 0.015036817859343963 0.5532852317020297 -0.11979037859978586 -0.06592390444129706 0.069856238387623837 0.0020770298442929179 -0.0578895462198636 -0.019968196473739767 0.057424254194160723 -0.15044611425593843 -0.35485979281365876 -0.12503553220033381 -0.24053003948567242 0.42687372080981734 0.31567427282306282 -0.028888106677154808 0.0020170818350011481 0.24914778643711047 -0.21541536638318604 0.37232347615063194 0.028695588299644088 0.036727826128055051 0.17425450789115321
leaf_weight=411 20 26 60 48 34 26 42 526 20 26 20 811 148 656 81 144 43 30 211 29 20 22 92 2455 22 67 42 155 41 117
leaf_count=411 20 26 60 48 34 26 42 526 20 26 20 811 148 656 81 144 43 30 211 29 20 22 92 2455 22 67 42 155 41 117
internal_value=-5.89491e-05 0.00422823 -0.00506744 0.00888962 -0.122827 0.0480938 0.0431488 -0.0301763 -0.0488272 0.100495 0.243681 0.062451 -0.0418828 -0.057512 0.04518 -0.0674432 0.00962519 -0.0842617 -0.147523 0.0128708 0.129574 0.0446306 0.00939287 0.0118161 0.0556222 -0.0572749 0.0931416 0.128895 -0.119694 0.0913073
internal_weight=6445 6034 4987 3204 94 1047 1027 1783 1257 66 40 837 190 1191 107 1084 187 897 241 3110 90 70 3020 2991 536 130 406 314 108 272
internal_count=6445 6034 4987 3204 94 1047 1027 1783 1257 66 40 837 190 1191 107 1084 187 897 241 3110 90 70 3020 2991 536 130 406 314 108 272
cat_boundaries=0 1 2 3 4 5
cat_threshold=241 646784 512 18572 1034
is_linear=0
shrinkage=0.1


Tree=54
num_leaves=31
num_cat=6
split_feature=0 7 12 6 0 7 1 8 10 8 10 9 11 10 10 1 3 11 2 7 8 7 10 12 12 12 10 12 3 11
split_gain=173.224 307.854 209.502 196.381 322.693 216.768 219.856 270.033 183.649 205.32 440.105 158.874 155.821 147.216 220.4 170.357 207.584 243.058 143.058 200.526 187.054 152.368 151.689 442.465 197.596 196.636 157.713 149.386 143.13 133.97
threshold=0 14.500000000000002 1.0000000180025095e-35 1 2 4.5000000000000009 3 0.20131184270043131 0.010014832608446539 0.013478166205983322 -0.016859428745348692 0.61964722907120651 0.078673478767349411 0.22996500068205245 0.27373206468993411 4 1.5000000000000002 0.12539187393828236 5 4.5000000000000009 0.2361476427270893 25.500000000000004 -0.087773263138061483 -0.089253232987587111 -0.036588249647068118 -0.029191382706060153 -0.11999801773067545 -0.021738150377086606 1.5000000000000002 0.071105516319634285
decision_type=9 2 2 1 9 2 9 2 2 2 2 2 2 2 2 9 2 2 1 2 2 2 2 2 2 2 2 2 2 2
left_child=1 -1 8 13 18 -6 7 29 9 -3 12 -8 -11 15 -15 16 -2 -18 20 -20 22 -22 26 -24 -25 -26 -5 -27 -21 -7
right_child=3 2 -4 4 5 6 11 -9 -10 10 -12 -13 -14 14 -16 -17 17 -19 19 28 21 -23 23 24 25 27 -28 -29 -30 -31
leaf_value=0.41632901811599732 0.34300022763510546 -0.073691901585885455 0.3188790707588196 -0.018286425806581973 -0.11323407271879396 0.046124313581128451 -0.058456523211474577 -0.084728093414792219 -0.19982943377074075 -0.10170141778341153 0.51181728744506838 0.1746489564329386 0.20767982226830944 0.40004560680439072 0.054526502774097034 0.0042806508934339375 0.022394746107359729 0.39049528727307914 -0.00046071857871378175 -0.087818618331636705 0.32253283149496254 0.056448949520946839 0.3473355511895248 -0.10507708468964112 0.25417067994994502 -0.17355186438653619 -0.28901878920121071 0.0084569706557156062 0.19227812906338587 0.20299577600714092
leaf_weight=25 30 70 25 48 378 258 1151 145 34 41 25 30 27 24 80 2248 174 20 170 21 28 93 35 194 31 48 39 745 139 69
leaf_count=25 30 70 25 48 378 258 1151 145 34 41 25 30 27 24 80 2248 174 20 170 21 28 93 35 194 31 48 39 745 139 69
internal_value=-5.939e-05 0.0803914 0.0461819 -0.00338972 -0.0184067 -0.0446964 -0.0292939 0.0282598 0.0115756 0.0556724 0.153043 -0.052094 0.0211411 0.0177118 0.134262 0.0128084 0.0940026 0.0603433 0.0153381 0.0729534 -0.000194945 0.118022 -0.0127443 -0.00225923 -0.0142787 0.0070986 -0.139649 -0.00255996 0.155515 0.0792256
internal_weight=6445 247 222 6198 3622 2031 1653 472 197 163 93 1181 68 2576 104 2472 224 194 1591 330 1261 121 1140 1053 1018 824 87 793 160 327
internal_count=6445 247 222 6198 3622 2031 1653 472 197 163 93 1181 68 2576 104 2472 224 194 1591 330 1261 121 1140 1053 1018 824 87 793 160 327
cat_boundaries=0 1 2 3 4 5 6
cat_threshold=8193 1 67732 2646148 1286208 1428
is_linear=0
shrinkage=0.1


Tree=55
num_leaves=31
num_cat=10
split_feature=0 7 12 6 0 6 0 10 12 11 8 9 4 3 7 9 7 2 8 1 1 2 11 11 11 7 10 11 1 11
split_gain=140.309 249.362 169.697 159.085 261.382 213.157 316.478 173.106 414.785 157.754 229.684 603.681 340.096 455.018 408.635 154.592 147.549 143.421 125.266 123.374 122.841 152.887 154.021 307.558 150.015 146.929 258.992 131.786 144.691 133.767
threshold=0 14.500000000000002 1.0000000180025095e-35 1 2 3 4 0.16070746550705539 -0.0055177627186143155 -0.063832101648202993 0.10276328473188595 -0.18013126898633161 3.5000000000000004 19.500000000000004 95.500000000000014 -0.014800077865976357 38.500000000000007 5 0.51603914502743031 6 7 8 0.066701453097480254 0.11606605447527513 0.039650264339399645 10.500000000000002 -0.0040214641804469818 -0.34784006549529961 9 0.081068449301637771
decision_type=9 2 2 1 9 1 9 2 2 2 2 2 2 2 2 2 2 1 2 9 9 1 2 2 2 2 2 2 9 2
left_child=1 -1 9 -2 20 6 17 -8 -9 -3 12 -12 13 14 -11 -14 -10 18 -6 -7 24 27 -23 -24 25 -5 -27 -22 29 -29
right_child=3 2 -4 4 5 19 7 8 16 10 11 -13 15 -15 -16 -17 -18 -19 -20 -21 21 22 23 -25 -26 26 -28 28 -30 -31
leaf_value=0.37469610905647283 0.015942255460871572 -0.24864416668812434 0.2869911506175995 -0.013349766256632629 -0.10479649031209037 -0.039457689167040413 -0.044375175347517087 0.48085158237002112 0.10951036497436722 0.030165934877004474 -0.1337431345667158 0.62450098310198099 -0.36660564462343853 -0.26418110883754231 0.57602572093407323 -0.029904934883117674 -0.23392310007051989 -0.21133646139241238 0.15645062755793335 0.034379301007172881 0.23778901423327625 0.03050079996656916 0.44618356653622221 0.0069049840616817407 -0.11741329048361099 0.55068584752402139 0.11509666595703516 -0.084202646693691263 -0.0073361592512745204 -0.37132199585437775
leaf_weight=25 2576 21 25 27 223 455 659 22 29 32 21 21 30 23 24 25 22 170 20 431 20 412 28 37 21 21 39 86 880 20
leaf_count=25 2576 21 25 27 223 455 659 22 29 32 21 21 30 23 24 25 22 170 20 431 20 412 28 37 21 21 39 86 880 20
internal_value=-5.2787e-05 0.0723523 0.0415637 -0.00305006 -0.016566 -0.0402267 -0.0689224 -0.02781 0.117921 0.0104181 0.0413289 0.245379 -0.0226271 0.110301 0.264106 -0.21356 -0.0386374 -0.137781 -0.0800024 -0.00359656 0.0138043 0.00594353 0.0519814 0.196133 0.112094 0.180376 0.267553 -0.0161824 -0.021498 -0.126447
internal_weight=6445 247 222 6198 3622 2031 1145 732 73 197 176 42 134 79 56 55 51 413 243 886 1591 1483 477 65 108 87 60 1006 986 106
internal_count=6445 247 222 6198 3622 2031 1145 732 73 197 176 42 134 79 56 55 51 413 243 886 1591 1483 477 65 108 87 60 1006 986 106
cat_boundaries=0 1 2 3 4 5 6 7 8 9 10
cat_threshold=8193 1 67732 4 16896 264 121856 1573888 1808 98340
is_linear=0
shrinkage=0.1


Tree=56
num_leaves=31
num_cat=7
split_feature=3 3 7 7 0 8 1 8 12 3 7 9 4 12 1 8 9 3 7 0 2 11 12 7 0 1 8 11 11 10
split_gain=144.447 383.935 121.61 127.269 176.926 206.181 120.112 126.413 303.087 241.1 195.593 154.087 128.652 162.773 160.805 425.118 387.179 178.472 353.367 121.397 157.613 172.147 128.031 110.891 166.365 163.277 115.601 142.802 184.954 283.175
threshold=7.5000000000000009 20.500000000000004 137.50000000000003 85.500000000000014 0 0.20865589485723204 1 0.063329325073691684 -0.0012133829575915816 19.500000000000004 45.500000000000007 0.61964722907120651 3.5000000000000004 0.0054749665860476474 2 0.0063472109604764846 -0.015643387984522795 19.500000000000004 39.500000000000007 3 4 0.068465698657648635 -0.09256210001389302 2.5000000000000004 5 6 0.228668526934551 0.081873619674320719 0.032212594711207805 -0.014457617376981539
decision_type=2 2 2 2 9 2 9 2 2 2 2 2 2 2 9 2 2 2 2 9 1 2 2 2 9 9 2 2 2 2
left_child=-1 6 3 4 5 -3 7 8 9 10 -2 19 14 -14 15 17 -16 18 -10 20 21 -9 -21 -6 25 -25 27 28 29 -27
right_child=1 2 -4 -5 23 -7 -8 11 12 -11 -12 -13 13 -15 16 -17 -18 -19 -20 22 -22 -23 -24 24 -26 26 -28 -29 -30 -31
leaf_value=-0.015469869954684105 0.6428020752611614 0.034036988173109281 0.22176402211189272 -0.091338449640132768 -0.1079670286178589 0.33830562514066698 0.0089599465751911776 0.034641337728029804 -0.23759069509804248 0.012250377982854844 0.24753707858823959 0.29775041504339739 0.080443388999499876 0.30822023483591954 0.41954830648197289 -0.25365640740778489 -0.0022749658941916408 0.33395756972224816 0.2438430808724896 0.27888727936731428 -0.027429219195596717 0.31754294703404112 0.061960271471931089 -0.034934648243294189 -0.1209376786162074 0.42334345414613683 -0.06299431977261391 0.26873744599986821 -0.14619139198746001 0.045124872901633514
leaf_weight=3134 21 204 20 251 160 25 624 76 30 22 31 22 124 42 31 59 73 23 31 33 394 30 155 442 120 24 56 40 35 113
leaf_count=3134 21 204 20 251 160 25 624 76 30 22 31 22 124 42 31 59 73 23 31 33 394 30 155 442 120 24 56 40 35 113
internal_value=-8.22249e-05 0.0144828 -0.0231625 -0.0264948 -0.0131431 0.0644401 0.0452854 0.0636157 0.103386 0.289757 0.407163 0.0372328 0.0699924 0.138074 0.0242374 -0.0447927 0.112631 0.0965767 0.00707237 0.0289022 0.00211299 0.104819 0.0949855 -0.0314226 -0.0170456 0.00218612 0.0624621 0.0985479 0.0589689 0.111382
internal_weight=6445 3311 1490 1470 1219 229 1821 1197 487 74 52 710 413 166 247 143 104 84 61 688 500 106 188 990 830 710 268 212 172 137
internal_count=6445 3311 1490 1470 1219 229 1821 1197 487 74 52 710 413 166 247 143 104 84 61 688 500 106 188 990 830 710 268 212 172 137
cat_boundaries=0 1 2 3 4 5 6 7
cat_threshold=75904 1681798 2048 90112 1572 16404 633346
is_linear=0
shrinkage=0.1


Tree=57
num_leaves=31
num_cat=6
split_feature=7 2 1 2 9 1 0 7 8 8 4 9 9 11 9 10 7 11 12 10 3 0 11 8 3 8 7 7 10 4
split_gain=133.263 374.345 172.773 245.347 116.926 111.845 211.618 281.472 298.863 400.272 264.523 134.81 132.182 165.282 122.219 120.598 117.924 114.102 110.784 171.734 175.382 114.608 238.067 138.913 176.17 173.763 159.365 122.152 405.289 144.953
threshold=4.5000000000000009 0 1 2 0.61964722907120651 3 4 68.500000000000014 0.029766930869170021 0.003119273492624221 2.5000000000000004 -0.1897242449083692 -0.17621028406570624 0.055861315599041415 -0.16045655316716165 -0.15288321499232133 10.500000000000002 -0.37828953706399376 0.26264254817630983 -0.083352061199519975 6.5000000000000009 5 0.063619999544440115 0.0064713331878659434 4.5000000000000009 0.013478166205983322 85.500000000000014 99.500000000000014 0.0044559249814585646 1.5000000000000002
decision_type=2 1 9 1 2 9 9 2 2 2 2 2 2 2 2 2 2 2 2 2 2 9 2 2 2 2 2 2 2 2
left_child=2 5 3 -1 -3 11 7 10 9 -9 -7 -2 13 -13 -10 -14 -12 -8 21 -20 -21 23 27 24 -17 26 -25 -23 29 -29
right_child=1 4 -4 -5 -6 6 17 8 14 -11 16 12 15 -15 -16 18 -18 -19 19 20 -22 22 -24 25 -26 -27 -28 28 -30 -31
leaf_value=-0.018705290987317522 -0.06634618492774022 0.061508862473869996 0.019279132967936988 -0.14112527111720996 0.30613794989883902 -0.16341494254346164 0.20853562153016147 0.069338406920433054 0.23627932071685792 0.65507752448320389 0.331919588077636 0.027160402354986776 -0.19633791138018883 0.37150339897722007 -0.066481380860010791 -0.090336416264839264 0.04592985337519128 -0.0026134633205646268 -0.089301389140578419 0.41711553856730466 0.016158264875411988 -0.019063412229881085 0.27916103002748321 -0.081770235496262722 0.059053205280097526 -0.03413432588478299 -0.33314044522611719 0.19955004841089249 0.4000260898843408 -0.1180954807894487
leaf_weight=510 486 847 444 239 20 53 26 20 24 28 21 46 35 20 30 107 46 1633 26 24 20 357 35 75 301 831 38 20 32 51
leaf_count=510 486 847 444 239 20 53 26 20 24 28 21 46 35 20 30 107 46 1633 26 24 20 357 35 75 301 831 38 20 32 51
internal_value=-0.000101053 0.00675227 -0.0302718 -0.0591132 0.0663863 -0.00517812 0.0132107 0.102704 0.229463 0.41102 0.00351744 -0.0189894 -0.00767841 0.131507 0.0680789 -0.0123845 0.135568 0.000691516 -0.0090259 0.114459 0.234862 -0.0137059 0.027196 -0.0286701 0.019875 -0.0499552 -0.166302 0.00861593 0.104553 -0.0286179
internal_weight=6445 5252 1193 749 867 4385 1881 222 102 48 120 2504 2018 66 54 1952 67 1659 1917 70 44 1847 495 1352 408 944 113 460 103 71
internal_count=6445 5252 1193 749 867 4385 1881 222 102 48 120 2504 2018 66 54 1952 67 1659 1917 70 44 1847 495 1352 408 944 113 460 103 71
cat_boundaries=0 1 2 3 4 5 6
cat_threshold=786 281224 849 2701571 10304 26944
is_linear=0
shrinkage=0.1


Tree=58
num_leaves=31
num_cat=7
split_feature=3 3 3 1 10 1 2 4 4 11 8 6 3 3 8 1 7 7 0 10 7 4 8 1 10 3 10 7 7 8
split_gain=115.558 312.833 115.739 179.454 414.21 148.034 155.467 159.073 138.177 129.575 296.609 160.967 105.851 1277.13 158.951 142.378 149.935 139.141 119.295 218.964 149.65 124.186 247.489 105.535 190.281 302.46 211.178 153.679 131.892 265.27
threshold=7.5000000000000009 20.500000000000004 22.500000000000004 0 -0.015928441718641519 1 2 2.5000000000000004 4.5000000000000009 -0.0012733494458861915 0.22321102049531941 3 11.500000000000002 16.500000000000004 0.088590241664025973 4 64.500000000000014 1.0000000180025095e-35 5 0.0010130739978376408 37.500000000000007 2.5000000000000004 0.13829541685491259 6 0.16070746550705539 4.5000000000000009 0.0060144861214931978 4.5000000000000009 14.500000000000002 0.0010132690484310695
decision_type=2 2 2 9 2 9 1 2 2 2 2 1 2 2 2 9 2 2 9 2 2 2 2 9 2 2 2 2 2 2
left_child=23 12 5 4 -4 6 7 -3 -9 10 -7 -11 18 14 -14 -15 17 -17 20 -20 21 22 -2 24 26 -26 -1 -25 29 -29
right_child=1 2 3 -5 -6 9 -8 8 -10 11 -12 -13 13 15 -16 16 -18 -19 19 -21 -22 -23 -24 27 25 -27 -28 28 -30 -31
leaf_value=0.032141758240309092 0.024137290567159655 -0.081903873870567412 0.4237618783435651 -0.015916247790889994 0.0014159559150752814 0.31723134503131961 -0.077052456935420177 0.269892954826355 -0.042120226675813853 -0.10328316003741587 -0.096547668079535173 0.074374251009202474 -0.17493073940277101 -0.0098661303297073281 -0.43056652231940201 -0.027066810376627344 0.022324942626452397 0.12231495853739034 0.09237223256709455 0.39907986413348806 -0.007010243073636087 0.059250687896195114 0.43752001042167343 -0.081712595306233926 -0.026422223664820194 0.48197272999042817 -0.088744030847029892 0.16932185928241533 -0.030298850537005817 -0.0063932361850224514
leaf_weight=636 28 49 35 305 69 41 695 40 22 102 30 102 43 278 56 71 364 512 79 33 209 118 30 398 25 22 187 107 1323 436
leaf_count=636 28 49 35 305 69 41 695 40 22 102 30 102 43 278 56 71 364 512 79 33 209 118 30 398 25 22 187 107 1323 436
internal_value=-0.000112756 0.0129147 -0.0210665 0.0242439 0.130959 -0.0382099 -0.0593949 0.0483949 0.159179 0.0251275 0.142395 -0.0144545 0.0407191 0.0259476 -0.319533 0.053868 0.0719225 0.104123 0.0800703 0.167763 0.0489314 0.118142 0.237956 -0.0138759 0.0156703 0.21155 0.00467439 -0.0251878 -0.0132666 0.028232
internal_weight=6445 3311 1490 409 104 1081 806 111 62 275 71 204 1821 1324 99 1225 947 583 497 112 385 176 58 3134 870 47 823 2264 1866 543
internal_count=6445 3311 1490 409 104 1081 806 111 62 275 71 204 1821 1324 99 1225 947 583 497 112 385 176 58 3134 870 47 823 2264 1866 543
cat_boundaries=0 1 2 3 4 5 6 7
cat_threshold=542080 605608 524 4 3412995 82112 2331721
is_linear=0
shrinkage=0.1


Tree=59
num_leaves=31
num_cat=7
split_feature=11 0 10 9 8 9 8 12 0 3 4 7 3 7 4 6 0 2 8 1 3 7 10 12 4 3 2 10 11 12
split_gain=114.572 230.99 347.105 298.836 265.233 340.849 287.185 278.086 228.549 197.396 368.485 345.2 241.667 208.464 207.708 182.925 351.436 179.944 169.911 232.618 252.593 377.088 158.868 274.57 209.784 156.803 154.905 215.304 154.129 153.204
threshold=-0.043313160643240013 0 0.080950209544893875 -0.20383860852031746 0.16901573942430245 -0.14635065812801137 0.21305356901091319 -0.057342966261673851 1 19.500000000000004 3.5000000000000004 95.500000000000014 7.5000000000000009 57.500000000000007 3.5000000000000004 2 3 4 0.20131184270043131 5 6.5000000000000009 85.500000000000014 0.094115201944854801 0.0080039039437109546 5.5000000000000009 12.500000000000002 6 0.048226487694258267 0.05896432865693161 -0.051008328760498524
decision_type=2 9 2 2 2 2 2 2 9 2 2 2 2 2 2 1 9 1 2 9 2 2 2 2 2 2 1 2 2 2
left_child=8 2 4 -4 5 25 -6 -7 29 10 11 13 -12 -9 -11 16 -3 22 19 20 21 -19 24 -24 -18 -2 27 -10 -5 -1
right_child=1 15 3 28 6 7 -8 9 26 14 12 -13 -14 -15 -16 -17 17 18 -20 -21 -22 -23 23 -25 -26 -27 -28 -29 -30 -31
leaf_value=-0.14860015224665404 -0.31681092908749214 -0.11830500562245237 0.19818008080124858 -0.075080086614774624 0.63071640491485592 0.44725088987212919 0.094819558560848241 0.42924099311232572 0.011512413726676806 -0.1618500476298125 -0.1665503439307213 0.59844930260269735 0.22064869988847666 0.032146089657759051 0.201053573936224 0.016194662885360516 0.010186452495386382 0.040497009263786139 -0.14232891631397335 -0.037373073539481716 -0.016448305985451172 0.43557882994413383 0.49653063764174776 0.0014021779720981918 0.31121100366115573 0.027258775852344652 -0.051271862549503514 0.36548952069133522 -0.43377813100814822 0.15292930668263446
leaf_weight=20 26 317 20 23 20 26 20 20 122 46 40 27 27 39 24 2850 313 61 110 770 123 40 21 24 25 27 1112 20 25 107
leaf_count=20 26 317 20 23 20 26 20 20 122 46 40 27 27 39 24 2850 313 61 110 770 123 40 21 24 25 27 1112 20 25 107
internal_value=-0.000117436 0.00684526 0.0778638 -0.126584 0.120791 0.0887409 0.362768 0.137754 -0.025649 0.10167 0.165308 0.302287 -0.0105149 0.166755 -0.0374259 0.00042059 -0.0244973 -0.00367897 -0.0241803 -0.0113488 0.0763689 0.196965 0.0545278 0.232462 0.0324516 -0.14153 -0.0386177 0.057331 -0.261902 0.0977477
internal_weight=6445 5064 410 68 342 302 40 249 1381 223 153 86 67 59 70 4654 1804 1487 1104 994 224 101 383 45 338 53 1254 142 48 127
internal_count=6445 5064 410 68 342 302 40 249 1381 223 153 86 67 59 70 4654 1804 1487 1104 994 224 101 383 45 338 53 1254 142 48 127
cat_boundaries=0 1 2 3 4 5 6 7
cat_threshold=8209 2180 4 16896 119 2385218 641
is_linear=0
shrinkage=0.1


Tree=60
num_leaves=31
num_cat=8
split_feature=8 9 9 12 6 8 12 1 0 10 10 9 7 7 8 2 12 1 8 2 6 9 11 7 8 6 4 12 9 9
split_gain=102.309 182.07 278.629 191.866 335.053 177.426 265.257 252.248 233.894 385.944 219.869 310.019 215.438 408.195 216.162 204.758 533.97 275.591 206.157 153.902 152.315 146.87 217.379 150.961 191.134 188.08 207.359 145.455 137.208 132.94
threshold=0.007919526900498795 -0.019880778273411722 -0.016859929448311162 0.19566988797904036 0 0.063329325073691684 -0.020336425272253853 1 2 0.014366456314149069 -0.099814338268380556 -0.15010045399865227 94.500000000000014 74.500000000000014 0.035687100487377207 3 -0.0005462282453714295 4 0.036827268320215184 5 6 -0.26669372215732107 0.12539187393828236 75.500000000000014 0.12688408820435174 7 2.5000000000000004 -0.033717449670346476 -0.029786966989810326 0.13735741915826333
decision_type=2 2 2 2 1 2 2 9 9 2 2 2 2 2 2 1 2 9 2 1 1 2 2 2 2 1 2 2 2 2
left_child=-1 5 20 19 -5 6 12 -7 21 10 -10 -12 13 14 -2 16 -8 18 -17 29 -3 -9 -23 24 -24 26 -26 -16 -18 -4
right_child=1 2 3 4 -6 7 15 8 9 -11 11 -13 -14 -15 27 17 28 -19 -20 -21 -22 22 23 -25 25 -27 -28 -29 -30 -31
leaf_value=0.020695095196785366 0.48013390487302909 -0.27832751116702253 -0.017056118790060283 0.4815755739808083 -0.078068523238534526 -0.028100448561879411 0.60904656198807061 -0.092759553468931707 0.27824984697455707 0.46698364522308111 -0.29036816523543429 0.14815792308041925 0.38818261785166608 -0.21699729808445634 -0.083042424747889698 0.0054557880981323812 -0.027961393926913544 -0.071182852643121616 0.28389612127198943 -0.048332459409498624 -0.064716025988852219 -0.00061497014436642068 0.38902474341585358 -0.0062440211015443014 -0.0056987622185893684 -0.07070875086954663 0.3854435250614629 0.25794584661208353 0.24813071737686793 0.19534808454605251
leaf_weight=1726 23 71 68 20 23 1929 20 112 33 32 28 38 35 29 22 65 72 278 45 853 63 570 34 60 23 35 33 29 24 52
leaf_count=1726 23 71 68 20 23 1929 20 112 33 32 28 38 35 29 22 65 72 278 45 853 63 570 34 60 23 35 33 29 24 52
internal_value=-0.000137803 -0.00775755 -0.0423609 -0.0244849 0.182231 0.00339232 0.0510003 -0.00704988 0.0335831 0.153372 0.0674943 -0.0378834 0.173841 0.101006 0.225629 0.0173654 0.127959 -0.0185194 0.109416 -0.0336204 -0.177898 0.0139411 0.0299542 0.12414 0.186725 0.11114 0.224796 0.110853 0.0410616 0.0692176
internal_weight=6445 4719 1150 1016 43 3569 642 2927 998 131 99 66 138 103 74 504 116 388 110 973 134 867 755 185 125 91 56 51 96 120
internal_count=6445 4719 1150 1016 43 3569 642 2927 998 131 99 66 138 103 74 504 116 388 110 973 134 867 755 185 125 91 56 51 96 120
cat_boundaries=0 1 2 3 4 5 6 7 8
cat_threshold=1 338126 82120 675 90252 232 4 1
is_linear=0
shrinkage=0.1


Tree=61
num_leaves=31
num_cat=6
split_feature=7 2 2 1 7 10 1 11 10 3 0 4 9 7 7 7 12 12 12 1 8 3 10 10 11 10 10 7 3 7
split_gain=107.489 277.384 142.147 197.786 141.939 135.704 107.988 165.236 154.759 147.669 132.118 113.243 102.124 95.0764 103.487 91.6734 164.597 127.107 108.735 97.7099 89.9547 131.777 85.5542 307.79 114.198 148.455 100.916 91.2722 123.9 87.1748
threshold=4.5000000000000009 0 1 2 2.5000000000000004 0.11850688627222111 3 0.02709917700859317 -0.013938153897332696 4.5000000000000009 4 4.5000000000000009 -0.2956954137979515 137.50000000000003 133.50000000000003 6.5000000000000009 -0.080063104773454422 -0.056048093787543378 0.17633173866823754 5 0.0059532043963448633 20.500000000000004 0.097132733114240144 0.009176520191078277 0.046929020533831384 -0.1228114807074074 -0.026868939965529141 8.5000000000000018 9.5000000000000018 14.500000000000002
decision_type=2 1 1 9 2 2 9 2 2 2 9 2 2 2 2 2 2 2 2 9 2 2 2 2 2 2 2 2 2 2
left_child=2 13 6 4 -4 -5 10 8 -8 -10 11 -1 -3 14 -2 16 -14 -18 20 -17 21 -19 23 24 26 -26 -21 -28 -29 -30
right_child=1 12 3 5 -6 -7 7 -9 9 -11 -12 -13 15 -15 -16 19 17 18 -20 22 -22 -23 -24 -25 25 -27 27 28 29 -31
leaf_value=-0.078552858473709491 -0.0041720098175107708 0.26590590609804443 -0.028250055040258012 -0.15589730729709794 0.24336133026159726 0.089635113984346398 -0.10274921960451387 -0.051104231966802707 0.40031186798587443 0.11770622256461163 -0.0037061821314420501 -0.33068556604178057 -0.13681162349613649 0.19851033396047096 -0.20821424984931947 -0.051644109644905095 0.35402638663848246 0.27623999087616452 0.27160539941396566 -0.13992666111999127 0.038147891331035862 -0.034459674879908565 -0.056794572695498424 0.28922750246538609 0.003222862867017587 0.32643816509732493 -0.059453269454792873 -0.0074102252610583801 0.33293803998827937 0.076026087573596413
leaf_weight=79 4337 23 74 226 26 25 22 78 25 71 544 23 28 23 25 117 21 43 32 43 174 20 63 54 30 27 72 67 25 28
leaf_count=79 4337 23 74 226 26 25 22 78 25 71 544 23 28 23 25 117 21 43 32 43 174 20 63 54 30 27 72 67 25 28
internal_value=-0.000146926 0.00600808 -0.0272434 -0.0796538 0.0385172 -0.126406 -0.00439712 0.0588268 0.136478 0.191301 -0.0241839 -0.123316 0.057341 -0.00426249 -0.00534144 0.0523367 0.0947235 0.117079 0.0985808 0.0267113 0.0752188 0.177605 0.0491861 0.0699047 0.029345 0.156325 -0.00145441 0.0295576 0.0829641 0.197211
internal_weight=6445 5252 1193 351 100 251 842 196 118 96 646 102 867 4385 4362 844 318 290 269 526 237 63 409 346 292 57 235 192 120 53
internal_count=6445 5252 1193 351 100 251 842 196 118 96 646 102 867 4385 4362 844 318 290 269 526 237 63 409 346 292 57 235 192 120 53
cat_boundaries=0 1 2 3 4 5 6
cat_threshold=786 881 2625794 313866 3216 2936840
is_linear=0
shrinkage=0.1


Tree=62
num_leaves=31
num_cat=5
split_feature=3 3 1 12 12 12 11 8 7 4 8 7 8 12 11 7 0 7 3 4 7 11 6 7 7 3 1 11 10 2
split_gain=98.5152 246.282 89.8128 112.707 115.648 135.138 95.169 165.155 149.034 270.443 253.529 266.094 140.209 128.02 156.928 289.374 162.268 178.814 177.116 144.47 141.871 109.971 91.1393 91.7827 121.407 84.0196 136.391 276.069 177.999 134.435
threshold=7.5000000000000009 20.500000000000004 0 0.48452778313389405 0.23921595552342009 0.17633173866823754 0.10703344798225685 0.087645792508921974 66.500000000000014 3.5000000000000004 0.24724963677954195 12.500000000000002 0.10121648133570108 0.014571851551599064 -0.00021892909243083296 65.500000000000014 1 46.500000000000007 18.500000000000004 2.5000000000000004 56.500000000000007 0.16279699378151072 2 44.500000000000007 5.5000000000000009 22.500000000000004 3 -0.026736570255571118 -0.01531300789334576 4
decision_type=2 2 9 2 2 2 2 2 2 2 2 2 2 2 2 2 9 2 2 2 2 2 1 2 2 2 9 2 2 1
left_child=-1 2 3 4 5 6 7 13 9 10 11 -8 -9 14 15 -2 18 -18 19 20 -16 -11 -20 24 -24 29 27 -27 -29 -3
right_child=1 25 -4 -5 -6 -7 8 12 -10 21 -12 -13 -14 -15 16 -17 17 -19 22 -21 -22 -23 23 -25 -26 26 -28 28 -30 -31
leaf_value=-0.012848618753470157 0.44217010949505497 0.067953900845090218 0.0048643234640540194 0.23212639755185915 -0.13160530241472382 0.27399573252639836 -0.032348137678435217 -0.2545965494757349 -0.023545843866818093 0.13930093333668386 0.59793236936841698 0.45282270476222042 0.0042466990629483519 -0.085654354964693397 -0.34990546408641554 -0.035560514458588197 0.32896989758288409 0.080379104309786981 -0.035037706237892777 0.024895876075606796 -0.0011882082372903825 -0.17404991699648756 0.037945593804121019 0.03630808563727253 0.31627838563567606 -0.13771810374897103 -0.014624445914985643 0.40914423263842059 0.096296790682456723 -0.044647434112242881
leaf_weight=3134 32 111 614 34 35 27 26 22 51 24 21 20 429 45 28 21 46 78 43 64 20 21 25 53 42 29 305 31 44 970
leaf_count=3134 32 111 614 34 35 27 26 22 51 24 21 20 429 45 28 21 46 78 43 64 20 21 25 53 42 29 305 31 44 970
internal_value=-0.000140822 0.0118876 0.036558 0.0522076 0.0474377 0.0529443 0.0475722 0.0354361 0.118155 0.18268 0.31003 0.178596 -0.0083798 0.0751965 0.0912104 0.252881 0.0697354 0.159718 0.0225342 -0.0734623 -0.204607 -0.00692946 0.0898775 0.134639 0.212423 -0.0182631 0.0203423 0.113392 0.225607 -0.0328696
internal_weight=6445 3311 1821 1207 1173 1138 1111 948 163 112 67 46 451 497 452 53 399 124 275 112 48 45 163 120 67 1490 409 104 75 1081
internal_count=6445 3311 1821 1207 1173 1138 1111 948 163 112 67 46 451 497 452 53 399 124 275 112 48 45 163 120 67 1490 409 104 75 1081
cat_boundaries=0 1 2 3 4 5
cat_threshold=1681862 16528 4 545920 28
is_linear=0
shrinkage=0.1


Tree=63
num_leaves=31
num_cat=7
split_feature=6 0 1 1 7 3 9 8 10 7 10 12 3 8 10 10 4 11 11 12 11 6 11 12 2 12 10 12 0 12
split_gain=87.3025 239.167 141.855 132.114 250.904 241.16 242.198 288.146 200.588 145.917 123.845 119.36 145.358 119.214 113.639 172.551 113.23 99.224 215.238 109.144 97.1319 90.0929 141.167 97.9527 89.4728 193.448 185.259 230.917 175.827 185.377
threshold=0 1 2 3 99.500000000000014 2.5000000000000004 -0.20383860852031746 0.011252350275485658 0.0060144861214931978 117.50000000000001 0.37238276194005443 -0.15621050735339606 5.5000000000000009 0.20512506835704269 0.22996500068205245 0.27373206468993411 4.5000000000000009 0.071105516319634285 0.09877963885580171 -0.072298125262977603 0.25806509403407396 4 0.029382799212658465 -0.030451616200949511 5 -0.11511107643955507 -0.14630633449115668 -0.12158645039389988 6 -0.029191382706060153
decision_type=1 9 9 9 2 2 2 2 2 2 2 2 2 2 2 2 2 2 2 2 2 1 2 2 1 2 2 2 9 2
left_child=11 3 13 4 5 -2 -7 -8 -9 -6 -4 12 -1 17 20 -16 -17 21 -19 -20 -13 23 -23 -3 26 -26 -5 -28 29 -27
right_child=1 2 10 24 9 6 7 8 -10 -11 -12 14 -14 -15 15 16 -18 18 19 -21 -22 22 -24 -25 25 28 27 -29 -30 -31
leaf_value=-0.057616078816354277 -0.19071784883737564 0.16858141362667084 -0.047511105054494233 -0.23231131301985847 -0.31912777480624976 0.44518482719681096 0.29234103035434322 0.090873432685695005 -0.27262805290520192 0.058288301974534988 -0.21818465331135403 0.0088101683216720069 0.2786227092353834 -0.059070125426462096 0.34845160208642484 -0.039820499949295214 0.21418405557767703 0.36693190476642207 0.20617170774123889 -0.06877847058432443 -0.16934744066769078 0.021794513518953236 0.26198882646858695 -0.065028559082453807 0.30858322141262207 0.046449538457150365 0.27665830167203115 -0.0092937436248547289 0.06160101896230849 -0.22591103327040579
leaf_weight=20 20 20 1260 36 21 28 59 63 20 20 44 2385 36 220 24 54 26 26 22 42 31 194 28 175 26 49 29 1078 338 51
leaf_count=20 20 20 1260 36 21 28 59 63 20 20 44 2385 36 220 24 54 26 26 22 42 31 194 28 175 26 49 29 1078 338 51
internal_value=-0.000124638 -0.0096214 -0.0331782 0.0164998 0.0856244 0.137744 0.176387 0.123384 0.00328271 -0.135022 -0.0528646 0.0141389 0.158537 0.00237088 0.0109301 0.113282 0.042731 0.0290784 0.124303 0.0257357 0.00652421 0.00852627 0.0520893 -0.0410686 0.00609531 0.0426474 -0.00898419 -0.00180268 0.027835 -0.0840494
internal_weight=6445 3869 2031 1838 231 190 170 142 83 41 1304 2576 56 727 2520 104 80 507 90 64 2416 417 222 195 1607 464 1143 1107 438 100
internal_count=6445 3869 2031 1838 231 190 170 142 83 41 1304 2576 56 727 2520 104 80 507 90 64 2416 417 222 195 1607 464 1143 1107 438 100
cat_boundaries=0 1 2 3 4 5 6 7
cat_threshold=1 75925 2646444 1181220 4 300 2064
is_linear=0
shrinkage=0.1


Tree=64
num_leaves=31
num_cat=8
split_feature=7 2 2 1 7 10 0 11 10 10 10 2 1 8 11 11 9 6 4 7 2 4 3 3 11 11 7 7 8 9
split_gain=89.1775 208.42 113.889 155.696 118.657 109.524 98.8933 107.418 102.035 143.654 120.599 96.8237 95.0469 123.549 87.904 190.636 127.743 133.101 93.5603 90.3857 191.914 127.276 93.9082 80.4322 95.1095 78.4674 75.5816 79.7684 74.0575 543.583
threshold=4.5000000000000009 0 1 2 2.5000000000000004 0.11850688627222111 3 -0.21611660751679987 -0.010033955388041986 -0.072684206806237397 0.031462478159090507 4 5 0.092031308290997024 0.093067343552021661 0.10977135826357586 -0.2291956316687867 6 2.5000000000000004 6.5000000000000009 7 5.5000000000000009 9.5000000000000018 5.5000000000000009 -0.016710637455943506 0.035200512805212504 137.50000000000003 133.50000000000003 0.088590241664025973 -0.11078356440121499
decision_type=2 1 1 9 2 2 9 2 2 2 2 1 9 2 2 2 2 1 2 2 1 2 2 2 2 2 2 2 2 2
left_child=2 26 6 4 25 -5 8 -8 9 -1 -10 -9 -13 -14 19 -16 -17 18 -18 -3 22 23 -21 -22 -25 -4 27 28 29 -2
right_child=1 14 3 5 -6 -7 7 11 10 -11 -12 12 13 -15 15 16 17 -19 -20 20 21 -23 -24 24 -26 -27 -28 -29 -30 -31
leaf_value=-0.041058124666628636 0.50517573627558621 0.080984663196777898 0.039004568032060677 -0.13966777209250208 0.22036451137839605 0.080912579834461207 0.19839354314166924 0.053586315958764542 0.067421823397886993 -0.40281102373486477 -0.21441101442641497 -0.05787075797181114 0.1226083107603093 -0.047418868017179532 0.32700228704249157 0.21154363114386798 0.25529036692654095 -0.12081768010207948 -0.026953958663279598 -0.010248778980129804 -0.028037580021622557 0.29989461284130814 -0.16805767280189959 0.21947119669654433 0.03895482279376352 -0.18628835237839006 0.17739341213651327 -0.18247510735690595 -0.015367332277260752 0.0053305765769902968
leaf_weight=23 22 265 52 226 26 25 29 231 49 21 22 296 84 87 34 40 24 47 23 78 108 20 73 39 116 22 23 25 2347 1968
leaf_count=23 22 265 52 226 26 25 29 231 49 21 22 296 84 87 34 40 24 47 23 78 108 20 73 39 116 22 23 25 2347 1968
internal_value=-0.000102616 0.00550365 -0.0247834 -0.0716973 0.033267 -0.113188 -0.00432373 0.00967832 -0.0865339 -0.213713 -0.0199067 0.00197637 -0.024182 0.0341086 0.0499997 0.115526 0.0618682 -0.00182344 0.117171 0.0349661 0.00686718 0.0547712 -0.0811653 0.0382132 0.0843751 -0.0279744 -0.00340035 -0.00436143 -0.00333472 0.0108565
internal_weight=6445 5252 1193 351 100 251 842 727 115 44 71 698 467 171 867 168 134 94 47 699 434 283 151 263 155 74 4385 4362 4337 1990
internal_count=6445 5252 1193 351 100 251 842 727 115 44 71 698 467 171 867 168 134 94 47 699 434 283 151 263 155 74 4385 4362 4337 1990
cat_boundaries=0 1 2 3 4 5 6 7 8
cat_threshold=786 881 2625794 80 272 657930 1 1036
is_linear=0
shrinkage=0.1


Tree=65
num_leaves=31
num_cat=6
split_feature=7 2 7 12 11 3 3 7 10 4 6 4 3 7 2 1 12 9 10 12 10 12 1 8 12 4 10 7 1 4
split_gain=84.2011 102.569 152.003 146.075 131.363 116.298 158.352 245.088 131.777 234.954 108.412 219.233 105.094 102.67 101.98 134.904 84.9127 147.915 645.408 159.185 88.926 88.0145 160.409 155.863 122.177 250.273 101.672 101.98 96.6317 259.957
threshold=1.0000000180025095e-35 0 14.500000000000002 -0.14141601761104736 0.039650264339399645 1.5000000000000002 3.5000000000000004 6.5000000000000009 0.00043834955599935147 4.5000000000000009 1 1.5000000000000002 16.500000000000004 8.5000000000000018 2 3 0.1703352545915279 -0.11567903318253399 -0.033484596106078186 0.20108356820170883 -0.056948424983961098 0.0013517330493357683 4 0.0075812039224838574 0.0009657802618960867 3.5000000000000004 0.30892606600993705 8.5000000000000018 5 2.5000000000000004
decision_type=2 1 2 2 2 2 2 2 2 2 1 2 2 2 1 9 2 2 2 2 2 2 9 2 2 2 2 2 9 2
left_child=14 2 3 -2 5 -5 7 -7 10 -10 11 -8 -12 -14 -1 -16 21 20 19 -19 -18 24 23 -23 28 -26 -25 -28 29 -3
right_child=1 16 -4 4 -6 6 8 -9 9 -11 12 -13 13 -15 15 -17 17 18 -20 -21 -22 22 -24 26 25 -27 27 -29 -30 -31
leaf_value=0.023884723431920302 0.30567473133227657 0.26610848320275549 -0.18389662079513075 -0.079661316439813501 -0.024621052020046389 0.4714229187518359 0.41448683301219713 0.024035735428333285 0.076182623197221092 0.44331493649793707 -0.11557396267307923 0.040233363421996023 0.0054192131316220318 0.24819550849497318 -0.16070821143298722 -0.015025482590902937 0.0037378622743655257 0.24077234848430665 0.5879294421685779 0.0058488631625070071 -0.19493793074718932 0.20009212217160632 0.010401804083484564 -0.094370845023009353 0.34812908486045641 -0.099153516204519718 0.18612820765486471 -0.055910620161769342 -0.0038535077086575102 -0.022528851364391395
leaf_weight=146 21 50 30 49 229 25 20 24 72 23 64 72 135 20 110 155 71 33 23 229 33 21 511 482 29 22 27 49 3587 83
leaf_count=146 21 50 30 49 229 25 20 24 72 23 64 72 135 20 110 155 71 33 23 229 33 21 511 482 29 22 27 49 3587 83
internal_value=-9.30191e-05 0.00289007 0.0363851 0.0456322 0.0381821 0.0667177 0.0824816 0.252295 0.0619869 0.165067 0.0304994 0.121593 -0.00776817 0.0367452 -0.0438885 -0.0791425 -0.00217702 0.0427756 0.0800255 0.0354385 -0.0593035 -0.00577881 -0.030807 -0.0662122 0.00145554 0.155184 -0.077421 0.0300769 -0.000652026 0.0799687
internal_weight=6445 6034 784 754 733 504 455 49 406 95 311 92 219 155 411 265 5250 389 285 262 104 4861 1090 579 3771 51 558 76 3720 133
internal_count=6445 6034 784 754 733 504 455 49 406 95 311 92 219 155 411 265 5250 389 285 262 104 4861 1090 579 3771 51 558 76 3720 133
cat_boundaries=0 1 2 3 4 5 6
cat_threshold=113 1 256 2052 3411232 1179680
is_linear=0
shrinkage=0.1


Tree=66
num_leaves=31
num_cat=6
split_feature=3 3 0 11 3 3 7 7 9 1 10 7 7 3 6 9 7 12 6 2 8 8 11 4 12 12 8 1 11 7
split_gain=75.3052 202.98 92.1911 279.693 135.889 1024.44 191.144 224.191 152.347 131.054 126.624 145.844 519.691 111.067 285.221 195.586 151.831 108.18 106.555 86.2465 136.025 217.872 151.077 126.92 78.7447 230.188 219.018 128.041 115.077 105.078
threshold=7.5000000000000009 20.500000000000004 0 0.15441907191378565 11.500000000000002 16.500000000000004 63.500000000000007 6.5000000000000009 -0.20383860852031746 1 0.031462478159090507 64.500000000000014 45.500000000000007 8.5000000000000018 2 -0.087632450945114043 6.5000000000000009 0.0011710093050480981 3 4 0.05101807561996629 0.19418017880124397 0.038956743572730386 3.5000000000000004 -0.033717449670346476 -0.030451616200949511 0.12784021317730468 5 0.12817875666462 87.500000000000014
decision_type=2 2 9 2 2 2 2 2 2 9 2 2 2 2 1 2 2 2 1 1 2 2 2 2 2 2 2 9 2 2
left_child=24 2 3 -2 13 6 7 -6 -7 10 11 12 19 -4 15 -15 -16 -12 -19 -10 23 22 -22 -21 -1 26 -26 28 29 -27
right_child=1 -3 4 -5 5 8 -8 -9 9 -11 17 -13 -14 14 16 -17 -18 18 -20 20 21 -23 -24 -25 25 27 -28 -29 -30 -31
leaf_value=-0.038706805368827639 0.058614795043070926 -0.016961891200602829 0.020038522890565662 0.44377435460686687 -0.17789405681192877 -0.072109891301877199 -0.13202180516335271 -0.59983468493994552 0.026204380786544842 -0.010214255274810151 -0.13793828700048227 0.027966364217221297 0.525590753939844 0.50197334587574005 0.2165537452073516 0.13448547964294752 -0.022948717954818922 0.24238340334878083 -0.066061114092978337 0.15225643697194757 -0.17734918419737369 0.31993680358678106 0.15455450681038202 0.46427210759032855 0.43736820402352711 -0.0018142136363965664 0.0097788838297128682 -0.024648115073788373 0.185602551450332 0.088797330642529079
leaf_weight=782 329 1490 197 20 20 124 31 34 132 285 48 202 31 28 37 30 93 21 24 32 32 25 24 22 23 656 25 1447 42 159
leaf_count=782 329 1490 197 20 20 124 31 34 132 285 48 202 31 28 37 30 93 21 24 32 32 25 24 22 23 656 25 1447 42 159
internal_value=-0.000106262 0.0104102 0.032807 0.0784394 0.0213102 0.00337265 -0.32994 -0.44356 0.0316477 0.0463014 0.0724143 0.0935646 0.13803 0.0725082 0.12749 0.311893 0.0452174 -0.0335102 0.0778797 0.0930328 0.145647 0.074476 -0.0351047 0.279374 -0.0112167 -0.0020767 0.214665 -0.00659216 0.0239031 0.0158634
internal_weight=6445 3311 1821 349 1472 1087 85 54 1002 878 593 500 298 385 188 58 130 93 45 267 135 81 56 54 3134 2352 48 2304 857 815
internal_count=6445 3311 1821 349 1472 1087 85 54 1002 878 593 500 298 385 188 58 130 93 45 267 135 81 56 54 3134 2352 48 2304 857 815
cat_boundaries=0 1 2 3 4 5 6
cat_threshold=67784 60044 4 1 292 2065994
is_linear=0
shrinkage=0.1


Tree=67
num_leaves=31
num_cat=5
split_feature=7 2 1 2 4 8 7 1 11 11 9 8 12 2 9 4 11 10 9 11 10 7 10 3 4 12 9 10 3 11
split_gain=73.3729 160.953 107.004 137.441 124.135 104.69 198.245 90.6275 149.7 319.414 322.902 122.211 121.274 86.1303 169.582 279.771 86.0883 85.6361 85.3398 145.937 81.5402 81.4078 78.0308 77.0282 136.375 73.0862 77.8587 73.753 70.049 98.0271
threshold=4.5000000000000009 0 1 2 3.5000000000000004 0.0059532043963448633 1.5000000000000002 3 0.078673478767349411 0.16455947142384639 -0.096759659581475685 0.0036451309180229874 -0.09256210001389302 4 -0.05798942311067927 3.5000000000000004 -0.24033258203615337 -0.016859428745348692 -0.14840679601761858 0.00059985853926119699 -0.076592174432382296 6.5000000000000009 0.26230651962890877 5.5000000000000009 3.5000000000000004 0.0018551212200665723 -0.031199973364970993 -0.016859428745348692 19.500000000000004 0.10963644813061899
decision_type=2 1 9 1 2 2 2 9 2 2 2 2 2 1 2 2 2 2 2 2 2 2 2 2 2 2 2 2 2 2
left_child=2 -2 3 17 28 6 -6 8 11 10 -10 21 -11 14 15 -13 -5 20 19 -18 -1 -3 -9 -23 -25 26 27 -15 -4 -30
right_child=1 7 4 16 5 -7 -8 22 9 12 -12 13 -14 25 -16 -17 18 -19 -20 -21 -22 23 -24 24 -26 -27 -28 -29 29 -31
leaf_value=-0.16069094274468998 -0.0028370101151136188 0.272230012252413 0.014240791768717924 0.17076111142100259 0.44510451540350915 0.026034345793391558 0.064018804770569468 -0.0071523133369375885 0.66055921614170077 0.13792212270200252 0.16414655305837331 0.29160610336278164 -0.18712465654719959 0.17847780631411644 -0.18371365493196146 -0.1249775890358969 -0.2403681724720324 -0.20311627164921342 -0.0103273234503543 -0.027541534200652824 0.089940548896789554 -0.0014365893112108956 0.19623332131654025 0.02520208357434188 0.35790896071544426 -0.029221410610539428 0.2123237053495507 -0.061250888443354405 -0.16155195057392122 0.091617194544523953
leaf_weight=27 4385 29 133 22 20 121 43 332 20 24 38 28 22 21 57 38 48 85 486 98 25 53 20 28 22 59 43 33 65 20
leaf_count=27 4385 29 133 22 20 121 43 332 20 24 38 28 22 21 57 38 48 85 486 98 25 53 20 28 22 59 43 33 65 20
internal_value=-9.69795e-05 0.00498829 -0.0224841 -0.0435132 0.0194916 0.0804623 0.184998 0.0440903 0.0706992 0.179251 0.335323 0.0449512 -0.017535 0.00744357 -0.0530515 0.0517549 -0.023342 -0.131667 -0.0304681 -0.0975119 -0.040195 0.124229 0.00428204 0.0825584 0.171593 0.0550157 0.111924 0.0319769 -0.0310757 -0.101983
internal_weight=6445 5252 1193 791 402 184 63 867 515 104 58 411 46 279 123 66 654 137 632 146 52 132 352 103 50 156 97 54 218 85
internal_count=6445 5252 1193 791 402 184 63 867 515 104 58 411 46 279 123 66 654 137 632 146 52 132 352 103 50 156 97 54 218 85
cat_boundaries=0 1 2 3 4 5
cat_threshold=786 313992 1162 1608072 1036
is_linear=0
shrinkage=0.1


Tree=68
num_leaves=31
num_cat=7
split_feature=6 0 11 6 0 8 11 7 11 4 4 4 11 10 2 4 1 11 8 4 10 4 11 4 0 11 3 12 12 3
split_gain=69.5793 189.116 121.177 120.133 236.909 220.713 129.098 179.115 137.643 146.929 136.978 119.65 111.515 121.706 158.053 163.977 137.941 122.225 122.062 310.332 254.939 238.451 405.837 143.192 228.576 121.379 119.434 254.851 377.728 106.169
threshold=0 1 -0.34784006549529961 2 3 0.01715809247118032 0.028221429818474569 88.500000000000014 0.10977135826357586 2.5000000000000004 1.5000000000000002 3.5000000000000004 -0.10016423954885399 0.13038214617237895 4 1.5000000000000002 5 0.27144792741245583 0.16901573942430245 4.5000000000000009 -0.13539868829688215 2.5000000000000004 0.060097822148779553 5.5000000000000009 6 0.066701453097480254 19.500000000000004 -1.0000000180025095e-35 -0.023761275089391534 1.0000000180025095e-35
decision_type=1 9 2 1 9 2 2 2 2 2 2 2 2 2 1 2 9 2 2 2 2 2 2 2 9 2 2 2 2 2
left_child=-1 2 -2 4 -3 11 -7 8 10 -10 -8 -6 -4 14 16 -16 -14 -15 20 21 -18 -20 -23 24 26 -17 27 28 -22 -26
right_child=1 3 12 -5 5 6 7 -9 9 -11 -12 -13 13 17 15 25 18 -19 19 -21 23 22 -24 -25 29 -27 -28 -29 -30 -31
leaf_value=0.01264598627846613 0.22118387037355985 -0.011682344673146659 -0.048518188364070021 -0.0020106364661879191 -0.32645653393424928 -0.13402103687319175 0.25433425715785812 0.25201471226120536 0.0053049375955015431 -0.25182974731922148 -0.033254352434357599 -0.092349896158146511 -0.089504193893041137 -0.10506998160469139 -0.047544472850859165 0.13640734524161993 -0.32004973901943728 0.15627910296122235 0.21307928075082599 0.38446976871540151 0.28057331966631338 0.16508935391902924 -0.38319886724154156 -0.14256189336278 -0.1760707393031696 0.38732558088377123 -0.0011803714668049534 0.39181482765409686 -0.26195189158121746 0.018781870143795315
leaf_weight=2576 28 670 264 886 61 179 22 22 40 50 67 34 100 121 40 98 22 21 40 33 33 27 27 49 29 24 34 45 21 782
leaf_count=2576 28 670 264 886 61 179 22 22 40 50 67 34 100 121 40 98 22 21 40 33 33 27 27 49 29 24 34 45 21 782
internal_value=-8.77213e-05 -0.00856589 0.0146619 -0.0295133 -0.0510525 -0.104147 -0.0722564 -0.017252 -0.0503462 -0.137548 0.037835 -0.242671 0.0115481 0.0218052 0.0307282 0.120709 0.0178758 -0.0664198 0.0279739 0.120643 0.0166544 0.0280236 -0.109055 0.0241141 0.0327657 0.185768 0.149297 0.216057 0.0695913 0.0116704
internal_weight=6445 3869 1838 2031 1145 475 380 201 179 90 89 95 1810 1546 1404 162 1242 142 1142 127 1015 94 54 993 944 122 133 99 54 811
internal_count=6445 3869 1838 2031 1145 475 380 201 179 90 89 95 1810 1546 1404 162 1242 142 1142 127 1015 94 54 993 944 122 133 99 54 811
cat_boundaries=0 1 2 3 4 5 6 7
cat_threshold=1 75925 4 1096 469 2916352 8192
is_linear=0
shrinkage=0.1


Tree=69
num_leaves=31
num_cat=2
split_feature=12 10 9 4 7 12 12 7 1 0 8 7 3 3 7 11 11 4 11 11 8 7 3 8 8 4 11 12 7 7
split_gain=66.5112 196.003 872.041 162.813 209.804 103.105 87.2715 71.1258 80.2998 154.278 166.822 174.402 317.738 255.904 304.494 189.281 161.203 147.291 318.161 224.426 217.665 205.793 194.565 172.644 142.472 142.769 140.566 148.424 137.139 131.166
threshold=0.1703352545915279 -0.033484596106078186 -0.11567903318253399 5.5000000000000009 55.500000000000007 0.12811024061498119 0.18247480436877692 137.50000000000003 0 1 0.1972255393842807 11.500000000000002 7.5000000000000009 6.5000000000000009 81.500000000000014 0.032212594711207805 -1.0000000180025095e-35 5.5000000000000009 0.10963644813061899 -0.27103664929013244 0.0064713331878659434 55.500000000000007 4.5000000000000009 0.013478166205983322 0.0050924439841492841 3.5000000000000004 0.27144792741245583 -0.038948620105616207 116.50000000000001 54.500000000000007
decision_type=2 2 2 2 2 2 2 2 9 9 2 2 2 2 2 2 2 2 2 2 2 2 2 2 2 2 2 2 2 2
left_child=5 3 -3 6 -5 7 -2 8 9 10 11 12 -1 14 -13 -15 -16 20 19 -19 24 -20 -21 -22 28 -26 27 -10 -11 -24
right_child=1 2 -4 4 -6 -7 -8 -9 26 17 -12 13 -14 15 16 -17 -18 18 21 22 23 -23 29 -25 25 -27 -28 -29 -30 -31
leaf_value=0.0053652140888429825 0.16556375043896529 -0.1618017119045059 0.62156198885705738 0.0058458325729982274 0.37246400543867991 -0.093686928036736283 -0.02402507891194982 0.17829787040298636 -0.030463558277733938 -0.005206558674580461 -0.11825626100911651 -0.098783671776098869 0.55546262321018036 -0.14242779341659376 0.090590853924336648 0.20640008930116893 0.42601591137875067 0.31870695710891772 0.10680690715422057 -0.13128335173614322 -0.14126543766744007 0.52679936431348329 0.11968425434766983 -0.036430331958302364 0.01188624645101613 0.32846087991659134 0.16818476156996831 0.023543685010308534 0.19451056087596552 -0.058805207157848587
leaf_weight=21 26 30 27 37 27 123 367 22 715 765 43 28 21 70 23 20 38 21 28 100 174 20 98 1616 29 28 56 1765 36 71
leaf_count=21 26 30 27 37 27 123 367 22 715 765 43 28 21 70 23 20 38 21 28 100 174 20 98 1616 29 28 56 1765 36 71
internal_value=-9.46493e-05 0.0344132 0.209265 0.0126045 0.160513 -0.00308522 -0.0114823 -0.00116648 -0.00184886 -0.0122359 0.0596959 0.0970212 0.280414 0.0539905 0.174228 -0.0649105 0.299544 -0.0187736 0.0433283 0.00385655 -0.0267714 0.281804 -0.0207229 -0.046621 0.0146398 0.167397 0.0114656 0.00797305 0.00376949 0.0446976
internal_weight=6445 514 57 457 64 5931 393 5808 5786 3250 264 221 42 179 89 90 61 2986 338 290 2648 48 269 1790 858 57 2536 2480 801 169
internal_count=6445 514 57 457 64 5931 393 5808 5786 3250 264 221 42 179 89 90 61 2986 338 290 2648 48 269 1790 858 57 2536 2480 801 169
cat_boundaries=0 1 2
cat_threshold=2428161 65793
is_linear=0
shrinkage=0.1


Tree=70
num_leaves=31
num_cat=6
split_feature=7 12 2 1 2 1 9 3 3 12 12 12 12 7 3 11 3 11 7 0 9 12 8 7 9 7 9 7 11 6
split_gain=64.1581 93.7755 89.2812 94.6092 75.0061 145.992 143.503 137.418 170.822 159.981 102.541 180.06 79.7647 71.6165 182.011 177.58 132.125 118.88 110.658 63.8806 275.605 237.693 223.405 148.572 234.983 90.4874 105.385 72.6183 85.7618 79.7778
threshold=1.0000000180025095e-35 -0.11933487410762153 0 1 2 3 -0.22704994068232445 1.5000000000000002 2.5000000000000004 -0.075294647603604631 -0.028278051198301443 -0.0002415632351161349 -0.094700582133122838 9.5000000000000018 17.500000000000004 0.040507178056124207 14.500000000000002 0.00059985853926119699 6.5000000000000009 4 -0.016859929448311162 -0.089253232987587111 0.14019120348918732 50.500000000000007 -0.12599609317539781 7.5000000000000009 -0.16468470791838596 137.50000000000003 -0.40874738777504938 5
decision_type=2 2 1 9 1 9 2 2 2 2 2 2 2 2 2 2 2 2 2 9 2 2 2 2 2 2 2 2 2 1
left_child=1 -1 -3 -4 5 -2 12 -8 -9 -10 -11 -12 -7 14 17 18 -15 -13 -16 20 21 22 -6 25 -25 -23 -27 28 -21 -30
right_child=4 2 3 -5 19 6 7 8 9 10 11 13 -14 16 15 -17 -18 -19 -20 27 -22 23 -24 24 -26 26 -28 -29 29 -31
leaf_value=0.16753346522649129 -0.059141634797094438 0.015367874731983698 -0.15691191374916924 -0.027474968485487035 0.46941982664167886 0.38392551124095919 -0.11428788232927521 0.33572266548871998 -0.13477902367788677 0.21095693320359873 -0.10033192067377028 -0.052980304628488475 0.10488157652850663 0.15983653651042418 0.20864191313876823 0.0012582658013949792 -0.1794402621065577 0.20973974211762347 0.48909554556012158 0.14714928853854134 0.31746473465905045 -0.03556852822582568 -0.0032370577752590182 -0.052836949144726364 0.27316751263358374 -0.069319401033546613 -0.37203877004592317 0.17752313830635766 -0.01977947622950264 0.0054235325414522806
leaf_weight=21 121 142 100 148 20 20 48 22 42 46 62 61 21 22 34 24 24 24 24 37 33 62 20 67 33 23 23 22 2240 2859
leaf_count=21 121 142 100 148 20 20 48 22 42 46 62 61 21 22 34 24 24 24 24 37 33 62 20 67 33 23 23 22 2240 2859
internal_value=-8.51844e-05 -0.0383144 -0.0493986 -0.0837262 0.00251876 0.035918 0.0609048 0.0452585 0.0651499 0.0487516 0.072765 0.0496492 0.241001 0.0933057 0.123738 0.230028 -0.0171774 0.0211995 0.324692 -0.00119878 0.0443916 0.00984525 0.233091 -0.0330867 0.0547445 -0.114412 -0.220679 -0.00376357 -0.00454743 -0.0056482
internal_weight=6445 411 390 248 6034 595 474 433 385 363 321 275 41 213 167 82 46 85 58 5439 281 248 40 208 100 108 46 5158 5136 5099
internal_count=6445 411 390 248 6034 595 474 433 385 363 321 275 41 213 167 82 46 85 58 5439 281 248 40 208 100 108 46 5158 5136 5099
cat_boundaries=0 1 2 3 4 5 6
cat_threshold=256 2052 49 294976 17 4
is_linear=0
shrinkage=0.1


Tree=71
num_leaves=31
num_cat=4
split_feature=3 3 0 11 3 3 7 7 9 3 1 7 7 3 6 7 7 9 12 7 4 8 1 7 7 8 3 3 11 4
split_gain=58.3829 160.463 82.235 212.913 103.805 830.073 150.213 173.269 119.52 108.762 90.5449 138.156 533.473 86.435 229.207 176.252 124.031 79.9276 74.3461 88.9456 199.132 86.1652 69.3647 107.397 130.529 123.645 244.262 178.81 177.083 269.473
threshold=7.5000000000000009 20.500000000000004 0 0.15441907191378565 11.500000000000002 16.500000000000004 63.500000000000007 6.5000000000000009 -0.20383860852031746 17.500000000000004 1 64.500000000000014 45.500000000000007 8.5000000000000018 2 7.5000000000000009 6.5000000000000009 0.00115057889392868 -0.089253232987587111 44.500000000000007 4.5000000000000009 0.0063472109604764846 3 5.5000000000000009 14.500000000000002 0.0010132690484310695 4.5000000000000009 1.5000000000000002 0.044382183604894286 2.5000000000000004
decision_type=2 2 9 2 2 2 2 2 2 2 9 2 2 2 1 2 2 2 2 2 2 2 9 2 2 2 2 2 2 2
left_child=22 2 3 18 13 6 7 -6 -7 -10 11 12 17 -4 15 -15 -16 -11 -2 20 -20 -21 -1 -24 25 26 27 -25 -27 -30
right_child=1 -3 4 -5 5 8 -8 -9 9 10 -12 -13 -14 14 16 -17 -18 -19 19 21 -22 -23 23 24 -26 28 -28 -29 29 -31
leaf_value=0.011663960272973971 -0.10735047679716865 -0.015189416308032938 0.016695802214881643 0.39097755223512654 -0.16464281544089318 -0.063891685521230104 -0.12202118337154388 -0.53558226863251013 0.24246540326051991 0.083119554014066982 -0.0052581550811124401 -0.0025371999171534417 0.50499212410921845 0.053799448213116691 0.19259184783173575 0.4130675138698684 -0.023876954925556981 -0.069701774651184684 0.063964686723979744 -0.12610716083736132 0.3506279357979375 0.05511732953018509 -0.064497663656546703 0.26364289014176889 -0.025395951639284872 -0.044513674639625994 0.40880270338058478 -0.094592470366899911 0.26721423805544248 -0.013816980947466457
leaf_weight=1009 26 1490 197 20 20 124 31 34 26 237 346 199 30 22 37 36 93 40 111 33 31 128 435 22 1245 218 25 38 57 85
leaf_count=1009 26 1490 197 20 20 124 31 34 26 237 346 199 30 22 37 36 93 40 111 33 31 128 435 22 1245 218 25 38 57 85
internal_value=-0.000112067 0.00914772 0.0290611 0.0721211 0.0182381 0.0025579 -0.297474 -0.398197 0.0280097 0.040989 0.0348406 0.0611553 0.104433 0.0629829 0.111486 0.276793 0.0377334 0.0610515 0.0549298 0.0688549 0.126546 0.0179719 -0.00989483 -0.0200918 -0.00878075 0.0377045 0.146185 0.0367605 0.0120911 0.0989913
internal_weight=6445 3311 1821 349 1472 1087 85 54 1002 878 852 506 307 385 188 58 130 277 329 303 142 161 3134 2125 1690 445 85 60 360 142
internal_count=6445 3311 1821 349 1472 1087 85 54 1002 878 852 506 307 385 188 58 130 277 329 303 142 161 3134 2125 1690 445 85 60 360 142
cat_boundaries=0 1 2 3 4
cat_threshold=67784 60036 4 2593897
is_linear=0
shrinkage=0.1


Tree=72
num_leaves=31
num_cat=5
split_feature=0 6 7 9 9 9 9 11 12 11 7 12 10 7 7 4 12 1 3 10 2 4 11 10 3 3 12 12 2 10
split_gain=57.2446 82.3859 122.727 140.358 94.794 243.548 107.636 84.8428 231.315 345.429 168.221 88.1281 265.18 100.182 140.422 97.0719 189.572 97.0626 194.429 237.983 90.1789 76.3153 147.793 72.1896 86.2103 79.2295 70.4511 206.187 245.087 289.842
threshold=0 1 3.5000000000000004 -0.12709601946653301 -0.020697825528262933 -0.042808608280553738 -0.010843427066810104 0.23049212039427355 0.081256574341286206 0.27144792741245583 40.500000000000007 0.17633173866823754 -0.033484596106078186 9.5000000000000018 4.5000000000000009 4.5000000000000009 0.44977051629817533 2 2.5000000000000004 -0.0048044983241521608 3 1.5000000000000002 -1.0000000180025095e-35 -0.0046201095595055893 22.500000000000004 1.5000000000000002 -0.016172431816761361 -0.021738150377086606 4 -0.016859428745348692
decision_type=9 1 2 2 2 2 2 2 2 2 2 2 2 2 2 2 2 9 2 2 1 2 2 2 2 2 2 2 1 2
left_child=-1 7 3 -3 5 -5 -6 11 9 -9 -11 17 13 14 -13 -15 -17 18 -2 -20 21 22 -19 24 -22 -25 27 28 29 -4
right_child=1 2 26 4 6 -7 -8 8 -10 10 -12 12 -14 15 -16 16 -18 20 19 -21 23 -23 -24 25 -26 -27 -28 -29 -30 -31
leaf_value=0.042116479141302135 0.33328426607812828 -0.14193249523587939 0.0027660931215474482 -0.015872236650946708 -0.25202186273203958 0.36458806838840246 -0.037087717477013081 0.49704712512700455 -0.20135407559573651 0.18854991403343374 -0.10672016237463272 0.0035434661295126986 0.36533570007349436 -0.076757165590430262 0.2507468136632815 -0.11039374478161335 0.32500475881621244 0.28635824186836972 0.29116546043753627 -0.066949393819474304 -0.05125219159009578 0.013036167537321961 0.027654048120455139 -0.07649687522296178 0.11048016545495816 0.010067649029269486 -0.016784520898739753 0.13907906059645306 -0.015592526887797857 0.34019531491010091
leaf_weight=296 26 144 57 106 27 20 170 23 22 43 35 54 26 101 40 20 20 34 25 72 565 237 63 118 35 1017 1907 119 977 46
leaf_count=296 26 144 57 106 27 20 170 23 22 43 35 54 26 101 40 20 20 34 25 72 565 237 63 118 35 1017 1907 119 977 46
internal_value=-9.98662e-05 -0.00219699 -0.0120289 -0.0598254 -0.0232204 0.0445183 -0.0665457 0.0114317 0.0924775 0.15648 0.0560569 0.00736784 0.0622977 0.0287701 0.108736 -0.0245408 0.107306 0.000827378 0.0836404 0.0253482 -0.00447838 0.0423487 0.118334 -0.013684 -0.0418178 0.00106799 -0.00484251 0.0141512 0.000385952 0.139882
internal_weight=6445 6149 3573 467 323 126 197 2576 123 101 78 2453 261 235 94 141 40 2192 123 97 2069 334 97 1735 600 1135 3106 1199 1080 103
internal_count=6445 6149 3573 467 323 126 197 2576 123 101 78 2453 261 235 94 141 40 2192 123 97 2069 334 97 1735 600 1135 3106 1199 1080 103
cat_boundaries=0 1 2 3 4 5
cat_threshold=5 1 1212480 624 1048
is_linear=0
shrinkage=0.1


Tree=73
num_leaves=31
num_cat=3
split_feature=9 8 9 10 11 1 10 7 2 10 7 9 9 7 12 8 4 12 12 3 3 7 4 10 4 12 7 4 0 4
split_gain=55.5587 49.9978 77.759 78.5738 67.0479 198.68 418.237 158.121 141.852 109.433 120.651 176.967 429.763 161.466 111.252 143.417 176.229 94.1404 213.241 242.57 145.705 103.055 99.3242 93.8564 93.8498 121.523 88.9716 85.3287 81.218 237.535
threshold=-0.36679869272798421 0.44863997319293986 0.13735741915826333 0.0027530474460865204 0.12539187393828236 0 0.16070746550705539 67.500000000000014 1 0.2046028587675793 69.500000000000014 -0.16468470791838596 -0.18013126898633161 46.500000000000007 0.0001442042207800967 0.2096754852379257 2.5000000000000004 -0.036588249647068118 -0.03105117543492834 20.500000000000004 6.5000000000000009 133.50000000000003 3.5000000000000004 -0.1228114807074074 4.5000000000000009 -0.15153248282573864 8.5000000000000018 2.5000000000000004 2 5.5000000000000009
decision_type=2 2 2 2 2 9 2 2 1 2 2 2 2 2 2 2 2 2 2 2 2 2 2 2 2 2 2 2 9 2
left_child=-1 2 4 -4 17 6 7 23 -7 10 11 12 14 -13 15 -10 -17 -2 19 20 27 28 -22 26 25 -12 -6 -19 29 -20
right_child=1 -3 3 -5 5 8 -8 -9 9 -11 24 13 -14 -15 -16 16 -18 18 21 -21 22 -23 -24 -25 -26 -27 -28 -29 -30 -31
leaf_value=-0.16649840592872353 -0.033620729015931432 -0.032505907815756539 0.031431942831944018 0.21130387897000596 0.039900639005329301 -0.097427966995331072 0.55745340894375539 0.23411927319106624 0.0020869902734245572 -0.065698125639132091 -0.2822500346849362 -0.091649128841375244 0.58156872923885083 0.2321296388283372 -0.08269886550073613 0.43150401292023838 0.082049796556032478 0.03578165700614807 -0.11059478449032588 0.36505532707228805 0.070861663070061934 -0.1918227735108563 -0.22302413689701456 0.15800039405003191 0.13608860645828577 -0.012973878034446613 -0.23533529575603704 0.31759457351131876 0.0036107486910851201 0.25586473397910597
leaf_weight=20 829 430 85 34 23 102 21 37 42 98 21 67 21 20 28 27 31 21 153 33 23 28 23 20 29 83 24 22 4030 20
leaf_count=20 829 430 85 34 23 102 21 37 42 98 21 67 21 20 28 27 31 21 153 33 23 28 23 20 29 83 24 22 4030 20
internal_value=-8.57644e-05 0.000432252 0.00279479 0.0828239 0.00117405 0.0303632 0.139249 0.0681932 0.00392646 0.0276422 0.0531809 0.0961071 0.162276 -0.0172172 0.0934862 0.142818 0.244727 -0.00273511 0.00314686 0.133488 0.0476265 -0.000611515 -0.0760812 -0.0234377 -0.0229888 -0.0673469 -0.100645 0.179965 0.000662317 -0.0645011
internal_weight=6445 6425 5995 119 5876 694 125 104 569 467 369 236 149 87 128 100 58 5182 4353 122 89 4231 46 67 133 104 47 43 4203 173
internal_count=6445 6425 5995 119 5876 694 125 104 569 467 369 236 149 87 128 100 58 5182 4353 122 89 4231 46 67 133 104 47 43 4203 173
cat_boundaries=0 1 2 3
cat_threshold=17920 706 784
is_linear=0
shrinkage=0.1


Tree=74
num_leaves=31
num_cat=4
split_feature=8 9 8 12 4 7 8 8 0 3 1 10 7 7 9 9 10 10 12 1 3 8 1 9 3 11 10 3 7 10
split_gain=48.5538 123.354 87.4998 177.212 139.916 85.6853 87.4576 184.218 113.263 253.513 167.89 399.747 284.869 187.26 325.254 170.698 184.494 147.747 133.057 134.449 220.355 336.492 107.224 104.717 91.1984 139.396 135.466 124.638 155.588 125.153
threshold=0.28179371454035168 0.14448225102241341 0.25977452260912293 0.086379471916062725 1.5000000000000002 137.50000000000003 0.21145571137761812 0.20865589485723204 0 1.5000000000000002 1 0.0010130739978376408 102.50000000000001 77.500000000000014 -0.014372966815197423 -0.073380382516471623 -0.029407069914699144 -0.013938153897332696 -0.15153248282573864 2 1.0000000180025095e-35 0.0026833157714981253 3 -0.23545744974618663 18.500000000000004 0.27144792741245583 0.0015133580892717523 19.500000000000004 42.500000000000007 0.22996500068205245
decision_type=2 2 2 2 2 2 2 2 9 2 9 2 2 2 2 2 2 2 2 9 2 2 9 2 2 2 2 2 2 2
left_child=1 2 5 4 -4 6 7 8 18 -10 13 12 -12 17 15 16 -15 -11 -1 20 21 -20 23 -8 25 -21 -26 28 -28 -29
right_child=-2 -3 3 -5 -6 -7 22 -9 9 10 11 -13 -14 14 -16 -17 -18 -19 19 24 -22 -23 -24 -25 26 -27 27 29 -30 -31
leaf_value=0.22460665724107198 -0.02130820782105761 0.19621964756286506 0.20578713075203053 0.35605116718448704 -0.034238709930111383 0.20686187013983726 -0.24427852850962195 0.22613727696038582 -0.30776724326698224 0.0094774606035036204 0.05795749776150988 0.3786517546512187 -0.34482004236091268 -0.19644328302570754 0.27472764608022332 -0.25836826377745831 0.18744321268412376 -0.1924871815800667 0.49452623733534262 -0.021314893735808468 0.026135808473063488 0.01662648421000032 -0.013389316652487548 -0.051848838494067462 0.034512594403323153 0.19245948527128465 -0.036341310629532456 -0.1036506969994609 0.28283406306679049 0.11179728592115064
leaf_weight=28 924 33 34 20 85 20 47 37 34 51 87 32 22 21 37 33 31 125 26 1902 953 34 440 71 983 31 42 207 24 31
leaf_count=28 924 33 34 20 85 20 47 37 34 51 87 32 22 21 37 33 31 125 26 1902 953 34 440 71 983 31 42 207 24 31
internal_value=-9.17447e-05 0.00345906 0.00229997 0.0806295 0.0343401 0.000264488 -0.000510882 0.00387027 0.00213308 -0.043777 -0.0243285 0.0633981 -0.0233371 -0.0657576 0.0272475 -0.0804791 0.0324121 -0.133963 0.00731498 0.00589495 0.0374686 0.223716 -0.0379705 -0.118456 -0.00414152 -0.0178865 0.0164705 -0.0418694 0.0797225 -0.0755881
internal_weight=6445 5521 5488 139 119 5349 5329 4771 4734 473 439 141 109 298 122 85 52 176 4261 4233 1013 60 558 118 3220 1933 1287 304 66 238
internal_count=6445 5521 5488 139 119 5349 5329 4771 4734 473 439 141 109 298 122 85 52 176 4261 4233 1013 60 558 118 3220 1933 1287 304 66 238
cat_boundaries=0 1 2 3 4
cat_threshold=82133 134210 4161730 525320
is_linear=0
shrinkage=0.1


Tree=75
num_leaves=31
num_cat=8
split_feature=0 6 0 2 10 10 1 2 7 4 11 11 11 10 1 10 8 4 9 1 7 12 9 12 12 11 12 7 10 11
split_gain=46.3759 208.415 155.8 149.522 102.686 248.915 96.9441 214.123 111.893 178.558 95.5346 94.721 137.029 109.235 79.7259 146.555 307.971 188.561 90.9972 158.397 192.4 271.423 158.051 134.54 131.423 126.25 141.174 122.718 105.624 207.484
threshold=0 1 2 3 0.16070746550705539 0.23932536056785222 4 5 4.5000000000000009 3.5000000000000004 -0.34784006549529961 0.13969419001579433 0.081068449301637771 -0.10792221984448441 6 -0.0037674621938029117 0.007919526900498795 3.5000000000000004 -0.14635065812801137 7 64.500000000000014 -0.10533596611658207 -0.23253003915849449 -0.078694148959186042 -0.057342966261673851 0.068465698657648635 -0.011217908889820319 41.500000000000007 -0.14371684141421301 0.14440507776465733
decision_type=9 1 9 1 2 2 9 1 2 2 2 2 2 2 9 2 2 2 2 9 2 2 2 2 2 2 2 2 2 2
left_child=10 2 3 -2 6 -6 7 8 -4 -10 -1 12 -5 -14 15 17 -17 -12 19 22 21 -21 -16 -20 -24 -25 -27 -23 -22 -30
right_child=1 -3 4 11 5 -7 -8 -9 9 -11 14 -13 13 -15 18 16 -18 -19 23 20 28 27 24 25 -26 26 -28 -29 29 -31
leaf_value=0.19667745647685869 -0.032293053582568065 0.006777358199197202 -0.0090555785410106181 -0.19174001747515146 0.33265263491443231 -0.047100917274753254 -0.079890465475286221 -0.039458092581480746 0.070217746210306187 0.39130493135287847 0.46644840322434905 -0.35994228937409145 -0.14789902836084365 0.17864939740725927 0.015553673066017105 0.20041752081168329 -0.22063556078355762 0.042196376130662183 0.20735630527944179 0.30379841841566257 -0.28739613755827859 -0.023074777470580465 -0.39492910917976809 0.021375784189796899 -0.11946313352280752 -0.34420387387275697 -0.020136065145091312 0.2255592279136181 -0.09430632767982261 0.25185291968286039
leaf_weight=28 227 3462 40 123 28 45 214 333 43 29 20 22 20 21 41 38 32 22 37 39 21 145 29 1110 43 20 41 23 129 20
leaf_count=28 227 3462 40 123 28 45 214 333 43 29 20 22 20 21 41 38 32 22 37 39 21 145 29 1110 43 20 41 23 129 20
internal_value=-8.46477e-05 -0.00544276 -0.0424388 -0.0906916 -0.0137869 0.098558 -0.026441 0.00103485 0.114795 0.199545 0.0133028 -0.156679 -0.138966 0.0193575 0.0105396 0.0886296 0.00793611 0.244221 0.00483833 -0.0314812 0.00136016 0.066136 -0.129692 0.0196106 -0.230415 0.0136784 -0.126388 0.0109644 -0.077434 -0.047842
internal_weight=6445 4607 1145 413 732 73 659 445 112 72 1838 186 164 41 1810 112 70 42 1698 490 377 207 113 1208 72 1171 61 168 170 149
internal_count=6445 4607 1145 413 732 73 659 445 112 72 1838 186 164 41 1810 112 70 42 1698 490 377 207 113 1208 72 1171 61 168 170 149
cat_boundaries=0 1 2 3 4 5 6 7 8
cat_threshold=75925 4 16896 256 706752 563 1049632 278542
is_linear=0
shrinkage=0.1


Tree=76
num_leaves=31
num_cat=5
split_feature=9 0 11 12 12 10 1 4 3 7 7 4 8 7 8 10 10 3 3 4 10 9 3 11 6 0 7 11 9 1
split_gain=46.8172 43.4391 255.32 176.77 304.841 176.868 145.513 236.024 388.708 363.703 156.448 561.713 284.37 173.223 140.681 138.819 190.159 140.466 194.157 137.861 228.878 226.152 125.777 124.899 118.049 176.681 119.311 114.136 110.246 101.727
threshold=-0.36679869272798421 0 0.31419930206939634 -0.15153248282573864 -0.12158645039389988 -0.11772737788792217 1 2.5000000000000004 7.5000000000000009 87.500000000000014 99.500000000000014 2.5000000000000004 0.054926875384448223 85.500000000000014 0.011252350275485658 0.020982650852751538 0.26230651962890877 15.500000000000002 10.500000000000002 3.5000000000000004 0.0044559249814585646 -0.075045124656711912 7.5000000000000009 0.046134059190259882 2 3 13.500000000000002 -0.20440733100268801 -0.093181973788818373 4
decision_type=2 9 2 2 2 2 9 2 2 2 2 2 2 2 2 2 2 2 2 2 2 2 2 2 1 9 2 2 2 9
left_child=-1 2 3 -2 5 -5 7 8 -6 14 13 12 -12 15 -9 17 -17 18 22 20 28 -21 -8 -15 25 26 -3 -19 -13 -27
right_child=1 24 -4 4 6 -7 10 9 -10 -11 11 19 -14 23 -16 16 -18 27 -20 21 -22 -23 -24 -25 -26 29 -28 -29 -30 -31
leaf_value=-0.15286083765327932 -0.28549387931823728 -0.14700484586573606 0.30944020172645309 0.089926391324171656 -0.30096460580825807 0.48011717313811897 -0.035591354624204735 0.23700529050827029 0.20396986077229184 0.47328900899738074 0.59576037124945569 -0.21357514240912032 0.10726036060686139 -0.085716188279911884 -0.073585505913943056 -0.11582784763298085 0.1419225476901321 -0.085492295399308207 -0.31927528826608542 0.061406404108685614 0.36178498268127446 -0.29822587962779734 0.12384491128022555 -0.3488385033572004 0.0061783541591462453 -0.09449973076653595 -0.037841889513139097 0.097017144594949423 0.064909896864132441 0.0039701803042512399
leaf_weight=20 20 175 29 26 31 21 262 25 30 32 26 21 22 128 35 181 34 40 21 34 20 36 61 21 3457 107 234 239 44 1013
leaf_count=20 20 175 29 26 31 21 262 25 30 32 26 21 22 128 35 181 34 40 21 34 20 36 61 21 3457 107 234 239 44 1013
internal_value=-9.97113e-05 0.00037581 0.0156189 0.00968657 0.0139338 0.264267 0.00517304 0.0937674 -0.0526362 0.201031 -0.00694724 0.072945 0.371865 -0.0234494 0.0558273 -0.0057843 -0.0750673 0.0181256 -0.0246371 -0.0196236 0.0659607 -0.123547 -0.0054811 -0.122801 -0.00404669 -0.0271915 -0.0825319 0.0708509 -0.0250622 -0.00619024
internal_weight=6445 6425 1439 1410 1390 47 1343 153 61 92 1190 203 48 987 60 838 215 623 344 155 85 70 323 149 4986 1529 409 279 65 1120
internal_count=6445 6425 1439 1410 1390 47 1343 153 61 92 1190 203 48 987 60 838 215 623 344 155 85 70 323 149 4986 1529 409 279 65 1120
cat_boundaries=0 1 2 3 4 5
cat_threshold=76053 1049636 4 16896 1064
is_linear=0
shrinkage=0.1


Tree=77
num_leaves=31
num_cat=2
split_feature=12 10 9 10 4 12 10 8 12 1 11 0 8 10 7 7 3 3 11 7 12 9 4 8 4 7 11 4 9 3
split_gain=47.0568 151.292 130.006 551.082 202.534 83.3017 80.2879 81.7982 78.6875 57.1248 113.465 106.243 135.699 191.819 586.838 171.488 338.163 191.129 234.519 108.976 92.2117 254.486 85.8107 165.18 177.536 99.1822 94.7641 85.7997 163.139 267.528
threshold=0.1703352545915279 -0.12521718774343901 -0.11567903318253399 -0.033484596106078186 5.5000000000000009 0.19046484567561928 -0.056948424983961098 0.21994617893126298 0.12811024061498119 0 0.2933466333105364 1 0.1972255393842807 0.0044559249814585646 85.500000000000014 45.500000000000007 7.5000000000000009 6.5000000000000009 -1.0000000180025095e-35 97.500000000000014 0.090104034907074346 -0.13229357524031529 1.5000000000000002 0.092031308290997024 1.0000000180025095e-35 4.5000000000000009 -0.22922858056596976 2.5000000000000004 0.13735741915826333 20.500000000000004
decision_type=2 2 2 2 2 2 2 2 2 9 2 9 2 2 2 2 2 2 2 2 2 2 2 2 2 2 2 2 2 2
left_child=8 -2 6 4 5 -4 7 -3 9 11 20 12 13 15 -15 16 -1 18 -17 -20 22 -22 23 24 -11 -25 -27 28 -13 -30
right_child=1 2 3 -5 -6 -7 -8 -9 -10 10 -12 27 -14 14 -16 17 -18 -19 19 -21 21 -23 -24 25 -26 26 -28 -29 29 -31
leaf_value=-0.067533584910890329 -0.05326551071439798 -0.050618374233267142 0.20927939150482416 0.5287478383768488 0.28590752449817958 -0.0055546177702175611 -0.14600616431771182 0.20289688520133498 -0.081769012849081335 -4.0329367607489397e-05 0.19404262048466242 -0.041766167956812511 -0.086478412070622054 0.0083684740860651193 0.64858368406580258 -0.12318134477827698 0.48086190487850794 -0.14813399869158414 0.07874354538710221 0.390055817568844 0.41961400974541907 -0.044063621046471185 -0.0067202923134975084 -0.14157859797832437 0.1866149709870418 0.22697063636034731 6.8965168605312642e-05 -0.00017592938437675394 0.17529866433736074 -0.17752304082286771
leaf_weight=23 156 35 20 27 32 185 39 20 123 87 34 1319 60 41 22 32 22 66 23 22 20 29 1376 46 123 20 231 2100 83 29
leaf_count=23 156 35 20 27 32 185 39 20 123 87 34 1319 60 41 22 32 22 66 23 22 20 29 1376 46 123 20 231 2100 83 29
internal_value=-0.000103787 0.0289219 0.0647354 0.100694 0.0519284 0.0154048 -0.0362547 0.041569 -0.00261925 -0.000943038 0.0128834 -0.00803084 0.047111 0.0809216 0.231936 0.0303158 0.200571 -0.023261 0.0837731 0.230941 0.00976199 0.145193 0.00623778 0.041406 0.109286 -0.00659014 0.0181488 -0.0130069 -0.0319273 0.083943
internal_weight=6445 514 358 264 237 205 94 55 5931 5808 1966 3842 311 251 63 188 45 143 77 45 1932 49 1883 507 210 297 251 3531 1431 112
internal_count=6445 514 358 264 237 205 94 55 5931 5808 1966 3842 311 251 63 188 45 143 77 45 1932 49 1883 507 210 297 251 3531 1431 112
cat_boundaries=0 1 2
cat_threshold=2428167 65793
is_linear=0
shrinkage=0.1


Tree=78
num_leaves=31
num_cat=5
split_feature=3 3 3 3 8 6 10 0 10 1 0 7 4 8 9 7 9 11 9 6 3 8 9 11 3 11 7 9 4 11
split_gain=41.7027 145.241 479.64 161.207 94.44 154.953 110.247 85.4164 124.722 83.3863 93.8397 73.4104 67.6458 126.293 381.137 85.5094 77.9371 132.073 206.882 114.027 104.15 93.664 89.9627 314.544 157.305 81.1549 75.5883 66.2536 134.471 64.6671
threshold=20.500000000000004 16.500000000000004 11.500000000000002 7.5000000000000009 0.17976232513535359 0 1.0000000180025095e-35 1 0.055952871948697129 2 3 103.50000000000001 4.5000000000000009 0.073586287356052202 -0.025486240654624438 6.5000000000000009 -0.12935832107006742 0.042886396788962167 -0.19416839677737871 4 19.500000000000004 0.087645792508921974 -0.0019475024073229521 0.011890779522460919 19.500000000000004 0.020067099252354167 6.5000000000000009 -1.0000000180025095e-35 3.5000000000000004 0.049830567629283493
decision_type=2 2 2 2 2 1 2 9 2 9 9 2 2 2 2 2 2 2 2 1 2 2 2 2 2 2 2 2 2 2
left_child=1 2 3 -1 5 -4 -7 8 27 11 12 -3 16 14 -14 -15 17 26 -19 20 25 22 23 -21 -24 -18 -11 28 -5 -12
right_child=-2 9 4 7 -6 6 -8 -9 -10 10 29 -13 13 15 -16 -17 19 18 -20 21 -22 -23 24 -25 -26 -27 -28 -29 -30 -31
leaf_value=-0.0079635966059942512 -0.01476236515877309 -0.024375700729029226 -0.37474415043125986 -0.0014263575727289375 -0.37819208949804306 0.069018865044095698 -0.23838558077812194 0.027224285362448766 0.35586442152659098 0.12015303981882569 0.10172413771708862 0.17375095840543509 0.5496992431935811 0.17941966278788946 0.052499964088201526 -0.037444763342539475 0.10110466701811867 0.022354720800350877 0.35983679454006695 0.4411741764499591 -0.1694270083172755 -0.035286116594260973 -0.09245534904174886 0.021457811890643809 0.16255253792354249 -0.14023563807660885 -0.054174331879282056 -0.036436445737878485 0.28194461180006758 0.28033259631349494
leaf_weight=3134 1490 288 23 33 28 28 20 379 21 38 92 20 21 24 58 75 38 39 34 26 66 129 59 57 41 22 72 30 34 26
leaf_count=3134 1490 288 23 33 28 28 20 379 21 38 92 20 21 24 58 75 38 39 34 26 66 129 59 57 41 22 72 30 34 26
internal_value=-9.3408e-05 0.00431764 -0.0054939 0.000427277 -0.222663 -0.161328 -0.0590663 0.0533387 0.124368 0.0341928 0.049009 -0.0111484 0.0355798 0.090373 0.184667 0.0151284 0.0204471 0.0752544 0.179538 -0.00245179 -0.0827412 0.0299728 0.0759749 0.152935 0.0120979 0.0126132 0.00604785 0.0870717 0.142374 0.130057
internal_weight=6445 4955 3730 3631 99 71 48 497 118 1225 917 308 799 178 79 99 621 183 73 438 126 312 183 83 100 60 110 97 67 118
internal_count=6445 4955 3730 3631 99 71 48 497 118 1225 917 308 799 178 79 99 621 183 73 438 126 312 183 83 100 60 110 97 67 118
cat_boundaries=0 1 2 3 4 5
cat_threshold=1 8340 3413283 24656 4
is_linear=0
shrinkage=0.1


Tree=79
num_leaves=31
num_cat=4
split_feature=12 10 8 8 9 10 4 12 1 12 9 2 0 12 11 7 9 11 11 8 11 8 7 4 11 4 6 8 3 9
split_gain=38.4865 121.185 134.445 252.608 176.722 310.853 253.147 64.2623 48.9066 101.63 162.443 88.4005 220.438 169.249 246.476 107.395 168.57 160.25 84.7142 133.735 116.679 116.572 91.9809 134.28 95.3418 83.8273 288.599 104.993 85.5069 93.6539
threshold=0.1703352545915279 -0.12521718774343901 0.28453006974270528 0.24183157227740018 -0.11748583083101939 -0.042912655984837296 5.5000000000000009 0.12811024061498119 0 0.090104034907074346 -0.1244890796812403 1 2 -0.0051426480637334305 0.030419889063846052 2.5000000000000004 -0.2291956316687867 0.015699959742085958 -0.010656554871265198 0.035057416608822584 -0.0095679895437636043 0.043014012321365848 126.50000000000001 3.5000000000000004 0.019058231718925123 1.5000000000000002 3 0.0055348812656132859 19.500000000000004 -0.0079173378368443421
decision_type=2 2 2 2 2 2 2 2 9 2 2 1 9 2 2 2 2 2 2 2 2 2 2 2 2 2 1 2 2 2
left_child=7 -2 3 4 -3 6 -6 8 11 -10 -11 12 15 14 -14 -1 -17 25 19 -13 -20 -21 -22 24 -24 26 -18 -28 29 -27
right_child=1 2 -4 -5 5 -7 -8 -9 9 10 -12 18 13 -15 -16 16 17 -19 20 21 22 -23 23 -25 -26 28 27 -29 -30 -31
leaf_value=-0.10477062969985936 -0.047386711937351493 -0.080772485705497485 -0.088785906248497526 0.41017225574363358 0.010712841886633672 0.42044856007452369 0.34699815037445381 -0.073882518584529558 0.010120748353312427 0.37309561520814899 -0.029946166090667248 -0.27680507574392405 0.5012098755974036 0.06449536925670013 0.05180798568155455 0.23264322391513625 -0.076058509039717753 -0.099085240038230202 0.21594812603046498 0.20023229264077688 -0.0087042969596550137 -0.038172232965908021 0.05907249495387077 -0.05427338991674685 0.35760864213756893 0.23464087978329348 0.15622347931970249 0.47279941243119539 -0.094137099019046558 0.0062983571259637092
leaf_weight=90 156 69 53 22 161 27 26 123 1540 20 20 23 26 103 23 33 37 118 24 21 2571 879 20 31 23 23 22 20 59 82
leaf_count=90 156 69 53 22 161 27 26 123 1540 20 20 23 26 103 23 33 37 118 24 21 2571 879 20 31 23 23 22 20 59 82
internal_value=-7.98431e-05 0.0261699 0.0582225 0.0837683 0.0583941 0.103266 0.0574691 -0.00235473 -0.000839941 0.0141188 0.171575 -0.00644816 0.0276466 0.128803 0.290266 -0.00608569 0.0163021 -0.00347424 -0.012545 -0.0386945 -0.0035489 -0.0326095 -0.00554056 0.104378 0.218755 0.0429541 0.127579 0.306974 0.00218974 0.0563162
internal_weight=6445 514 358 305 283 214 187 5931 5808 1580 40 4228 636 152 49 484 394 361 3592 923 2669 900 2645 74 43 243 79 42 164 105
internal_count=6445 514 358 305 283 214 187 5931 5808 1580 40 4228 636 152 49 484 394 361 3592 923 2669 900 2645 74 43 243 79 42 164 105
cat_boundaries=0 1 2 3 4
cat_threshold=2449157 720 18832 4
is_linear=0
shrinkage=0.1


Tree=80
num_leaves=31
num_cat=5
split_feature=0 10 7 12 4 10 6 10 4 11 11 2 8 9 8 4 11 7 9 9 9 7 12 11 12 4 2 1 10 11
split_gain=40.6195 155.925 147.123 77.2596 67.3824 53.6111 82.8859 78.0293 70.9449 61.3309 265.961 111.227 235.441 203.817 121.839 268.513 105.504 212.93 90.8584 83.3682 154.927 214.941 113.114 66.2693 90.8123 381.235 67.0723 110.892 111.259 214.523
threshold=0 0.005124090767136589 60.500000000000007 -0.068688083312452547 3.5000000000000004 0.27373206468993411 1 0.25213584728912469 4.5000000000000009 0.12539187393828236 0.13178405929022954 2 0.12881553240001414 -0.22519099127227457 0.21145571137761812 1.5000000000000002 0.14720080873246819 48.500000000000007 -0.3013888982083886 -0.19416839677737871 -0.16468470791838596 66.500000000000014 -0.12396265807624775 0.11408620851747255 0.44977051629817533 4.5000000000000009 3 4 0.11850688627222111 0.063619999544440115
decision_type=9 2 2 2 2 2 1 2 2 2 2 1 2 2 2 2 2 2 2 2 2 2 2 2 2 2 1 9 2 2
left_child=1 3 -3 -1 -5 7 8 9 -7 23 -11 12 -12 14 -13 -16 17 -15 -17 22 21 -21 -18 24 26 -26 27 -2 -29 -30
right_child=5 2 -4 4 -6 6 -8 -9 -10 10 11 13 -14 16 15 18 19 -19 -20 20 -22 -23 -24 -25 25 -27 -28 28 29 -31
leaf_value=-0.14744885189192636 -0.024123284730475772 0.06157156956359381 0.38212958031164651 -0.050061629478420536 0.16489207184314728 -0.03230745064922505 -0.093300916022948321 0.16129851712534826 0.16875083689362957 0.34308447578492074 0.24432849360629919 0.2857968943527876 -0.13031645342886736 -0.082134962838608772 0.31644816591459168 0.10182048025940145 -0.30207735186815265 0.34365748060138329 -0.11300577182736662 0.27710982172025578 -0.068935253160217633 -0.12545572040336472 0.016988291088491678 -0.068339392516229835 -0.033259353693574668 0.45803125239908699 0.012390450078707413 0.0066015267036431307 -0.00048715454575262571 0.38645487265742345
leaf_weight=35 2302 41 22 35 25 54 148 30 26 26 20 39 104 24 34 35 25 23 45 36 130 21 20 154 56 22 1770 1082 38 23
leaf_count=35 2302 41 22 35 25 54 148 30 26 26 20 39 104 24 34 35 25 23 45 36 130 21 20 154 56 22 1770 1082 38 23
internal_value=-7.18588e-05 0.0484567 0.173512 -0.0293744 0.0395024 -0.00136634 -0.048972 0.000422803 0.0330365 -0.000377706 0.0304779 0.0158596 -0.0646742 0.0395572 0.133227 0.0810324 -0.0103924 0.126232 -0.0190193 -0.0380705 -0.00866417 0.128796 -0.16027 -0.00367456 -0.00179314 0.10531 -0.00339506 -0.011508 0.0138879 0.145409
internal_weight=6445 158 63 95 60 6287 228 6059 80 6029 582 556 124 432 153 114 279 47 80 232 187 57 45 5447 5293 78 5215 3445 1143 61
internal_count=6445 158 63 95 60 6287 228 6059 80 6029 582 556 124 432 153 114 279 47 80 232 187 57 45 5447 5293 78 5215 3445 1143 61
cat_boundaries=0 1 2 3 4 5
cat_threshold=2049 1 1666 1284 237353
is_linear=0
shrinkage=0.1


Tree=81
num_leaves=31
num_cat=5
split_feature=11 11 7 2 9 11 1 4 7 7 3 2 12 11 9 1 7 12 11 10 3 4 9 11 2 3 10 10 8 12
split_gain=38.2951 51.5596 41.6757 110.281 98.6794 104.473 96.0121 158.528 102.27 161.356 93.2363 90.4555 133.661 74.7235 69.0699 65.4067 89.6501 128.002 155.366 149.194 133.388 148.283 146.494 109.79 142.98 136.442 104.502 87.9283 71.0582 60.4785
threshold=-0.40874738777504938 -0.45562590393603442 4.5000000000000009 0 -0.24293219984451539 -0.14017955060818596 1 3.5000000000000004 1.5000000000000002 1.0000000180025095e-35 20.500000000000004 2 0.27920153681506349 -0.0039695574556057661 -0.19842795322440304 3 6.5000000000000009 -0.080063104773454422 0.071914560947979059 0.013510143051460727 3.5000000000000004 1.5000000000000002 -0.05798942311067927 0.15441907191378565 4 9.5000000000000018 -0.011719519680660205 0.009176520191078277 0.2361476427270893 0.027129069377692831
decision_type=2 2 2 1 2 2 9 2 2 2 2 1 2 2 2 9 2 2 2 2 2 2 2 2 1 2 2 2 2 2
left_child=1 -1 4 -4 5 -2 11 10 9 -9 13 -6 14 -8 -13 -5 17 -17 19 20 -19 -22 -23 24 27 26 -26 -18 -27 -16
right_child=2 -3 3 15 6 -7 7 8 -10 -11 -12 12 -14 -15 29 16 23 18 -20 -21 21 22 -24 -25 25 28 -28 -29 -30 -31
leaf_value=-0.01052985188105832 -0.31955006226897242 0.20619434606993484 -0.003339164231740699 -0.0067987796011614561 0.0023115715864381733 -0.06080132706851607 0.14893203561659904 0.081607366606476717 0.036448975038286806 0.40160607371765833 -0.15361197296270104 0.055218612041790044 0.17065909674221821 -0.027067796296763175 -0.080974364939413457 -0.10320685517329437 0.037720585464590922 0.38840140596032147 0.33831039194858847 -0.060906793575009548 -0.094590824400937121 0.34898287472625578 0.059654384317053923 0.19127266602073278 0.19293329831626682 -0.08931675177067519 -0.042208928922339094 0.21389008842201696 -0.28998144548386334 -0.21212079431407338
leaf_weight=23 20 21 4354 257 443 71 32 40 74 26 43 32 22 98 247 26 133 20 31 45 27 30 42 36 27 60 63 36 25 41
leaf_count=23 20 21 4354 257 443 71 32 40 74 26 43 32 22 98 247 26 133 20 31 45 27 30 42 36 27 60 63 36 25 41
internal_value=-6.64936e-05 0.0929067 -0.000705584 0.00314837 -0.0175994 -0.117669 -0.00930587 0.0368766 0.117166 0.207667 -0.0259661 -0.0278352 -0.0658413 0.0162552 -0.0841582 0.0356929 0.053677 0.105215 0.133004 0.0941966 0.152849 0.105263 0.180208 0.0251163 0.00772784 -0.0543703 0.0283337 0.071044 -0.148336 -0.0996445
internal_weight=6445 44 6401 5212 1189 91 1098 313 140 66 173 785 342 130 320 858 601 221 195 164 119 99 72 380 344 175 90 169 85 288
internal_count=6445 44 6401 5212 1189 91 1098 313 140 66 173 785 342 130 320 858 601 221 195 164 119 99 72 380 344 175 90 169 85 288
cat_boundaries=0 1 2 3 4 5
cat_threshold=786 846472 368 349190 193
is_linear=0
shrinkage=0.1


Tree=82
num_leaves=31
num_cat=5
split_feature=9 3 3 1 8 12 10 10 11 12 7 7 0 12 9 9 3 11 11 7 6 9 9 7 3 12 1 4 2 12
split_gain=35.4447 35.6104 97.9798 65.7409 184.486 90.5014 123.63 160.244 94.0354 114.009 213.797 220.202 88.5083 86.8321 124.36 129.569 117.388 111.334 85.949 108.597 72.6031 66.4439 101.322 57.5741 56.3033 63.4107 54.0838 214.213 131.889 283.06
threshold=-0.36679869272798421 7.5000000000000009 20.500000000000004 0 0.53157475570067458 0.48452778313389405 -0.033484596106078186 -0.02365216990390832 -0.0039695574556057661 -0.00232126957996054 48.500000000000007 79.500000000000014 1 0.0075368145733321614 -0.051553287296813098 -0.021177012034849594 19.500000000000004 -0.077807633036991647 0.10977135826357586 46.500000000000007 2 -0.13771935410294769 -0.18318988905675113 6.5000000000000009 18.500000000000004 -0.002709607464393447 3 4.5000000000000009 4 -0.094700582133122838
decision_type=2 2 2 9 2 2 2 2 2 2 2 2 9 2 2 2 2 2 2 2 1 2 2 2 2 2 9 2 1 2
left_child=-1 -2 3 4 5 6 20 -8 12 10 -10 -12 -9 18 17 -16 -17 -15 -5 23 -3 22 -22 -20 25 -14 -4 28 -28 -30
right_child=1 2 26 13 -6 -7 7 8 9 -11 11 -13 24 14 15 16 -18 -19 19 -21 21 -23 -24 -25 -26 -27 27 -29 29 -31
leaf_value=-0.13297974499873819 -0.0073000838658371439 -0.087311377704237442 -0.024334749887577802 -0.03473530132077423 0.30881335708498958 0.22547801565378905 0.2899037244833178 -0.073609039018980374 0.39342059097413362 0.045400860484741214 -0.19124895937386013 0.25215683579444886 0.19448731298534536 0.21260621301829816 0.32170759494657869 -0.022983032596461915 0.22900070889756599 -0.040086007160682453 0.10821318043057214 0.26832303805276753 -0.012378976934335449 -0.069094127278637008 0.20721740788910267 -0.1232739576271602 -0.016222810168420115 -0.024520627185702325 0.14036102144072127 -0.11900032030528672 0.37295563459396364 -0.017949818148007765
leaf_weight=20 3124 119 1014 492 25 24 27 106 29 360 21 24 39 20 27 51 29 136 22 22 55 54 34 21 62 20 104 93 20 251
leaf_count=20 3124 119 1014 492 25 24 27 106 29 360 21 24 39 20 27 51 29 136 22 22 55 54 34 21 62 20 104 93 20 251
internal_value=-6.10584e-05 0.000352696 0.00759513 0.023146 0.0401802 0.0336976 0.0288526 0.0511142 0.0413603 0.0686383 0.181686 0.0452341 -0.0107924 0.00188035 0.0492601 0.13229 0.0683611 -0.00768957 -0.0204573 0.0876161 -0.0296053 0.0184158 0.0715118 -0.00483868 0.0464792 0.120247 -0.0114919 0.0165017 0.0505463 0.0105114
internal_weight=6445 6425 3301 1819 999 974 950 688 661 434 74 45 227 820 263 107 80 156 557 65 262 143 89 43 121 59 1482 468 375 271
internal_count=6445 6425 3301 1819 999 974 950 688 661 434 74 45 227 820 263 107 80 156 557 65 262 143 89 43 121 59 1482 468 375 271
cat_boundaries=0 1 2 3 4 5
cat_threshold=1649090 24576 1 362895 531
is_linear=0
shrinkage=0.1


Tree=83
num_leaves=31
num_cat=5
split_feature=6 10 0 2 12 3 1 12 1 10 3 12 10 10 10 11 7 10 10 11 3 10 3 11 12 7 11 12 10 9
split_gain=35.2954 79.033 75.3432 140.279 218.408 154.827 149.848 142.112 113.773 280.395 296.64 153.922 95.0997 165.944 248.023 150.991 227.197 366.437 212.566 212.549 127.619 124.319 128.359 106.808 181.537 138.156 137.182 102.311 93.6704 95.0714
threshold=0 0.2046028587675793 1 2 0.00043472323836353077 18.500000000000004 3 -0.052351772874865456 4 0.0060144861214931978 6.5000000000000009 -4.6797082974217137e-05 -0.14630633449115668 -0.10609546631268751 -0.08939556218590762 0.017166157469861734 70.500000000000014 -0.016859428745348692 0.051414287249860816 0.010980346401370989 8.5000000000000018 -0.001026105771509899 6.5000000000000009 -0.054541005322404461 -0.021738150377086606 89.500000000000014 -1.0000000180025095e-35 -0.030451616200949511 0.0044559249814585646 -0.22519099127227457
decision_type=1 2 9 1 2 2 9 2 9 2 2 2 2 2 2 2 2 2 2 2 2 2 2 2 2 2 2 2 2 2
left_child=-1 2 3 4 5 -2 7 -5 9 10 -8 -12 -10 -14 -15 19 18 -18 -17 20 21 27 -23 -22 -25 26 -26 -16 -4 -30
right_child=1 -3 28 6 -6 -7 8 -9 12 -11 11 -13 13 14 15 16 17 -19 -20 -21 23 22 -24 24 25 -27 -28 -29 29 -31
leaf_value=0.0090209379980055165 0.31265925078318935 -0.062163353374354163 -0.025770774326766627 0.048912193671472981 -0.13196831465077896 0.025255018575438139 0.41083022054088741 -0.19279900493992258 -0.20925439430400727 -0.19235458317840393 0.20552985270128207 -0.14252497960502905 0.21045044069178404 -0.29066962104822908 -0.22398531242620712 0.14538603658703239 0.016990465247495611 0.43798865721775937 -0.15890827386950454 -0.29522970584034919 -0.017302516771769021 0.0539719340220048 -0.12269967771389267 0.33775687747531469 -0.22929673602804546 0.25300281283541998 0.056678326767331991 -0.049340259950912124 0.13562923778025879 0.006403281615634155
leaf_weight=2576 53 236 1676 37 24 29 38 71 20 23 27 24 40 28 51 44 44 39 48 25 142 163 55 27 20 29 104 98 63 591
leaf_count=2576 53 236 1676 37 24 29 38 71 20 23 27 24 40 28 51 44 44 39 48 25 142 163 55 27 20 29 104 98 63 591
internal_value=-4.83711e-05 -0.00608676 -0.00244402 0.0167431 0.121863 0.211016 0.00650174 -0.100669 0.0179496 0.109148 0.199329 0.0417393 0.00649492 0.0110717 0.00237465 0.0116044 0.0948487 0.214809 -0.0133762 -0.00879863 0.00159437 -0.0387184 0.00939882 0.0475409 0.0986952 0.0565078 0.0105533 -0.109118 -0.0131892 0.0188517
internal_weight=6445 3869 3633 1303 106 82 1197 108 1089 112 89 51 977 957 917 889 175 83 92 714 689 367 218 322 180 153 124 149 2330 654
internal_count=6445 3869 3633 1303 106 82 1197 108 1089 112 89 51 977 957 917 889 175 83 92 714 689 367 218 322 180 153 124 149 2330 654
cat_boundaries=0 1 2 3 4 5
cat_threshold=1 74781 641 2101569 1186
is_linear=0
shrinkage=0.1


Tree=84
num_leaves=31
num_cat=6
split_feature=7 2 1 0 12 12 3 3 8 8 10 2 1 4 8 12 10 8 3 1 7 7 12 7 8 12 9 9 11 4
split_gain=31.9756 72.1301 93.8712 58.1605 121.392 123.442 153.676 50.6115 44.9471 65.9913 150.458 35.4437 108.473 167.771 115.445 152.559 110.453 103.06 92.1446 82.9335 99.2226 119.084 183.799 267.632 134.457 239.092 180.063 182.189 106.976 75.9283
threshold=1.0000000180025095e-35 0 1 2 -0.030004332183825328 -0.0012133829575915816 19.500000000000004 3.5000000000000004 0.25704390000932892 0.12881553240001414 -0.0048044983241521608 3 4 4.5000000000000009 0.0063472109604764846 -0.030004332183825328 0.086647311060526852 0.21605167991929922 11.500000000000002 5 16.500000000000004 5.5000000000000009 0.18247480436877692 9.5000000000000018 0.13229992302506885 -0.0005462282453714295 -0.069716619056483603 -0.010843427066810104 0.020575957306099409 2.5000000000000004
decision_type=2 1 9 9 2 2 2 2 2 2 2 1 9 2 2 2 2 2 2 9 2 2 2 2 2 2 2 2 2 2
left_child=1 7 -3 4 -2 -6 -7 -1 9 10 -4 29 13 14 -13 17 -17 -16 -15 20 21 28 24 -24 25 26 -23 -28 -14 -5
right_child=3 2 8 11 5 6 -8 -9 -10 -11 -12 12 19 18 15 16 -18 -19 -20 -21 -22 22 23 -25 -26 -27 27 -29 -30 -31
leaf_value=0.14445123062018425 -0.0453992693416648 -0.12447073771501892 0.24807357219132511 -0.021278999364241789 0.30473055303096774 -0.068854828944077365 0.26489178707653827 0.00048152857890312119 0.10313813472467084 -0.11876543680680735 -0.064802384259654025 0.26192517639862167 0.014418255237220718 0.030393970856198767 0.35124568204794615 -0.039079554580772918 0.21732994509594783 0.054029590487480163 -0.17913140123710036 -0.038749527489402309 -0.12680947437505932 0.053440984485572898 0.49019769088111143 -0.015239636078476906 -0.022823340918070506 0.026688224539511664 0.57568859636783598 0.18336443598542751 -0.10106215225455682 0.0062834800874530944
leaf_weight=31 59 110 22 1676 30 37 22 115 31 51 51 45 238 61 28 84 21 20 32 380 47 38 22 20 252 276 20 29 121 2476
leaf_count=31 59 110 22 1676 30 37 22 115 31 51 51 45 238 61 28 84 21 20 32 380 47 38 22 20 252 276 20 29 121 2476
internal_value=-4.35338e-05 -0.0270321 -0.0568856 0.00179476 0.0616668 0.139572 0.0555931 0.02906 -0.0042852 -0.0314866 0.029489 0.000184236 0.0121514 0.0667946 0.121128 0.0797171 0.0122023 0.227406 -0.0417008 0.00074796 0.015097 0.0218102 0.0471174 0.249513 0.0332952 0.0722536 0.216806 0.343497 -0.0245041 -0.00483078
internal_weight=6445 411 265 6034 148 89 59 146 155 124 73 5886 1734 291 198 153 105 48 93 1443 1063 1016 657 42 615 363 87 49 359 4152
internal_count=6445 411 265 6034 148 89 59 146 155 124 73 5886 1734 291 198 153 105 48 93 1443 1063 1016 657 42 615 363 87 49 359 4152
cat_boundaries=0 1 2 3 4 5 6
cat_threshold=256 2052 2049 780 2641928 69506
is_linear=0
shrinkage=0.1


Tree=85
num_leaves=31
num_cat=5
split_feature=11 11 7 7 12 1 12 12 0 10 10 7 11 2 7 11 11 7 12 4 8 4 12 11 9 6 0 7 7 8
split_gain=31.2198 42.281 31.982 49.6759 37.3963 103.969 99.2937 202.134 109.792 235.975 187.479 106.814 96.8313 146.712 245.34 140.9 226.182 186.189 93.2857 91.449 154.534 84.2517 107.676 115.693 102.806 95.7343 77.7209 96.0758 109.82 109.272
threshold=-0.40874738777504938 -0.45562590393603442 137.50000000000003 133.50000000000003 -0.037839001316525366 0 -0.14141601761104736 -0.16467614536281963 1 -0.08939556218590762 -0.047305181148019466 12.500000000000002 0.071914560947979059 2 64.500000000000014 0.16455947142384639 0.20600502046513863 1.5000000000000002 -0.11256179107293467 2.5000000000000004 0.23381100592570156 4.5000000000000009 -0.15153248282573864 0.14720080873246819 -0.17799597509522783 3 4 60.500000000000007 9.5000000000000018 0.0050924439841492841
decision_type=2 2 2 2 2 9 2 2 9 2 2 2 2 1 2 2 2 2 2 2 2 2 2 2 2 1 9 2 2 2
left_child=1 -1 3 4 5 6 7 -2 -8 18 -11 -12 -7 14 15 17 -17 -14 -10 -19 -21 22 -16 -24 -23 -25 27 28 29 -6
right_child=2 -3 -4 -5 26 12 8 -9 9 10 11 -13 13 -15 21 16 -18 19 -20 20 -22 24 23 25 -26 -27 -28 -29 -30 -31
leaf_value=-0.0097864973075363956 -0.065743459154700132 0.1864706841253099 0.11972169632261449 -0.1446547312817226 -0.04757106277075681 -0.024447092248819514 -0.026323213364360651 0.29651431397845351 -0.45831508047878744 0.14114735609654225 -0.31319931164383891 -0.069447139510884881 -0.02742611184716225 -0.051927079776995379 -0.21336275811853081 -0.1906478524208069 0.20567359485559994 0.45108552905420463 -0.17597333362156697 0.42995765008032322 0.053585391740004221 0.27039334506473761 -0.084308505411474763 0.28749101296067242 -0.028881857202698785 0.0010333375938768898 0.0018440975271895217 0.23829438567627223 -0.15573946440761741 0.25800740617513657
leaf_weight=23 43 21 22 24 22 518 303 24 25 33 25 64 20 127 29 24 36 30 22 20 24 22 65 20 24 28 4728 32 22 25
leaf_count=23 43 21 22 24 22 518 303 24 25 33 25 64 20 127 29 24 36 30 22 20 24 22 65 20 24 28 4728 32 22 25
internal_value=-6.45056e-05 0.0838817 -0.000641546 -0.00105666 -0.00051435 -0.0141604 -0.0489906 0.0640205 -0.0660703 -0.12819 -0.0624323 -0.137917 0.00530292 0.0382742 0.0712063 0.16687 0.047145 0.24329 -0.326155 0.316456 0.224664 -0.00336878 -0.0414706 0.00264337 0.11425 0.120391 0.00379791 0.0865115 0.0286573 0.114971
internal_weight=6445 44 6401 6379 6355 1526 539 67 472 169 122 89 987 469 342 154 60 94 47 74 44 188 142 113 46 48 4829 101 69 47
internal_count=6445 44 6401 6379 6355 1526 539 67 472 169 122 89 987 469 342 154 60 94 47 74 44 188 142 113 46 48 4829 101 69 47
cat_boundaries=0 1 2 3 4 5
cat_threshold=2446414 16392 1325 4 2049
is_linear=0
shrinkage=0.1


Tree=86
num_leaves=31
num_cat=6
split_feature=6 10 0 2 12 3 1 3 8 8 4 10 8 9 10 12 12 7 4 12 10 7 1 9 9 8 9 8 1 7
split_gain=29.9139 66.4771 62.7124 116.026 174.839 127.601 120.735 240.079 151.053 445.73 137.212 114.831 96.153 93.2001 82.8459 95.628 81.3415 79.4008 373.997 124.458 119.251 104.12 76.7117 105.228 201.708 112.883 337.639 115.147 100.478 138.716
threshold=0 0.2046028587675793 1 2 0.00043472323836353077 18.500000000000004 3 1.5000000000000002 0.17373201514300748 0.20254199936393077 3.5000000000000004 0.14151906662723435 0.24806127835167402 -0.012432344646388833 0.12467378626038468 0.0049818226528105186 -0.087782731001277245 103.50000000000001 2.5000000000000004 -0.0018687515342015063 0.058254380239828062 123.50000000000001 4 -0.0027960419747921576 -0.007393160922857453 0.05101807561996629 -0.046432621061503719 0.007919526900498795 5 10.500000000000002
decision_type=1 2 9 1 2 2 9 2 2 2 2 2 2 2 2 2 2 2 2 2 2 2 9 2 2 2 2 2 9 2
left_child=-1 2 3 4 5 13 11 -8 -9 -10 -11 12 17 -2 16 -16 -4 20 -19 21 -5 -20 -18 24 25 27 28 -24 -27 -30
right_child=1 -3 14 6 -6 -7 7 8 9 10 -12 -13 -14 -15 15 -17 22 18 19 -21 -22 -23 23 -25 -26 26 -28 -29 29 -31
leaf_value=0.0082794236246017307 0.38626445391864489 -0.057058569028089617 -0.072634532658100534 0.00065955025940486669 -0.11611921722845485 0.022115186884485442 -0.23807689404487609 0.046531626026198987 0.61205912888050085 0.20086581611633303 -0.15054670190438629 -0.20250958180235279 -0.1382966551499871 0.11269083698512988 0.23002425837640961 -0.0074542025581766404 -0.023856838206276255 0.4602644781271617 0.03329758327454329 0.12028438523411751 -0.158399459840182 -0.23941384748988123 0.16901337021718854 -0.029335634553096446 0.35750302385538818 -0.02400001635700888 0.38149409946054225 -0.074009174325328789 0.26943405086381572 0.026049423882209544
leaf_weight=2576 33 236 224 622 24 29 25 229 20 25 20 31 52 20 30 39 1287 21 28 45 51 28 23 301 20 144 31 128 36 67
leaf_count=2576 33 236 224 622 24 29 25 229 20 25 20 31 52 20 30 39 1287 21 28 45 51 28 23 301 20 144 31 128 36 67
internal_value=-6.99101e-05 -0.00562894 -0.00228807 0.0152174 0.110819 0.190755 0.00590344 0.0576162 0.0847199 0.21926 0.0446825 -0.0133224 -0.00655545 0.283029 -0.012091 0.0957973 -0.015437 0.00206159 0.0762877 -0.00354909 -0.011394 -0.103058 -0.00914723 0.0161966 0.0470812 0.0326093 0.0704146 -0.0369925 0.0313722 0.101283
internal_weight=6445 3869 3633 1303 106 82 1197 319 294 65 45 878 847 53 2330 69 2261 795 122 101 673 56 2037 750 449 429 278 151 247 103
internal_count=6445 3869 3633 1303 106 82 1197 319 294 65 45 878 847 53 2330 69 2261 795 122 101 673 56 2037 750 449 429 278 151 247 103
cat_boundaries=0 1 2 3 4 5 6
cat_threshold=1 74781 641 2275657 3906178 262156
is_linear=0
shrinkage=0.1


Tree=87
num_leaves=31
num_cat=5
split_feature=3 3 3 3 3 0 10 3 8 10 7 10 2 7 7 3 10 1 11 10 4 1 6 7 7 8 12 3 10 7
split_gain=30.412 87.3809 408.013 101.82 76.737 86.221 146.862 112.439 71.7392 69.7732 157.629 134.091 111.595 93.236 155.817 114.283 132.141 92.4851 140.134 110.78 84.7108 79.3095 70.9323 106.759 86.0758 240.095 85.5046 68.6051 89.4966 71.9348
threshold=7.5000000000000009 11.500000000000002 16.500000000000004 20.500000000000004 17.500000000000004 0 -0.0046201095595055893 19.500000000000004 0.088590241664025973 0.094115201944854801 3.5000000000000004 0.11133916761933819 1 39.500000000000007 47.500000000000007 18.500000000000004 0.013510143051460727 2 -0.0033044686584940935 -0.0046201095595055893 2.5000000000000004 3 4 82.500000000000014 91.500000000000014 0.069912696174991032 -0.066376733776290373 19.500000000000004 -0.030579322544092031 2.5000000000000004
decision_type=2 2 2 2 2 9 2 2 2 2 2 2 1 2 2 2 2 9 2 2 2 9 1 2 2 2 2 2 2 2
left_child=-1 -2 8 4 -4 6 -6 -8 -3 12 -11 -12 13 15 -15 -7 27 18 -14 -20 -13 -16 23 -23 26 -26 -24 28 -17 -29
right_child=1 2 3 -5 5 9 7 -9 -10 10 11 20 17 14 21 16 -18 -19 19 -21 -22 22 24 -25 25 -27 -28 29 -30 -31
leaf_value=-0.0071309364611114971 0.045268405549993791 -0.10247735325680224 0.18914609022181611 -0.010502439542296937 0.067223215326666835 -0.27019295773158469 0.007993653913338979 -0.26710606609972626 -0.27421586894031086 -0.13384931311011314 0.38815075177699332 -0.007831859287734215 0.014556485712528228 0.22641132404918182 -0.062689046581408545 -0.066690524220466618 -0.26850683704018591 0.031581509854573676 0.10244031392589764 0.37203491731413774 0.19352689402798812 0.31978300634771584 0.15041641614845266 0.012470353941898793 0.28573789757651252 -0.050282376483082772 -0.056558133926958049 0.069876943833272295 0.20640376554491621 -0.15624273235307021
leaf_weight=3134 497 43 29 1490 50 24 24 39 56 23 20 39 40 34 118 20 20 243 27 35 45 20 23 26 37 50 151 24 30 34
leaf_count=3134 497 43 29 1490 50 24 24 39 56 23 20 39 40 34 118 20 20 243 27 35 45 20 23 26 37 50 151 24 30 34
internal_value=-7.03445e-05 0.0066128 -0.000214433 0.0070568 0.0284146 0.0245172 -0.0558059 -0.162306 -0.199622 0.0331077 0.103053 0.155445 0.0241621 -0.00202981 0.0204165 -0.0699452 -0.0323988 0.0686183 0.146155 0.254631 0.100039 0.00393688 0.0305911 0.146085 0.011408 0.0926228 -0.0291994 0.011325 0.097166 -0.062676
internal_weight=6445 3311 2814 2715 1225 1196 113 63 99 1083 127 104 956 611 459 152 128 345 102 62 84 425 307 46 261 87 174 108 50 58
internal_count=6445 3311 2814 2715 1225 1196 113 63 99 1083 127 104 956 611 459 152 128 345 102 62 84 425 307 46 261 87 174 108 50 58
cat_boundaries=0 1 2 3 4 5
cat_threshold=8208 268 2056 2658440 2
is_linear=0
shrinkage=0.1


Tree=88
num_leaves=31
num_cat=7
split_feature=0 1 8 7 9 8 8 10 9 10 7 10 7 8 3 6 0 2 1 3 3 8 10 2 3 11 9 11 11 8
split_gain=26.1939 104.756 192.758 219.027 159.932 149.889 284.724 181.908 125.517 112.744 100.86 100.21 91.3893 193.367 114.588 87.5156 111.024 132.55 130.721 322.312 336.618 115.098 107.863 104.46 97.8775 192.25 169.426 98.2972 89.0401 81.1878
threshold=0 1 0.17206629158942524 13.500000000000002 -0.13564833440104662 0.0075812039224838574 0.010812428474879848 -0.0071156201372523245 -0.16563630765429774 -0.017801445324224112 68.500000000000014 0.070626195018515123 84.500000000000014 0.0010132690484310695 19.500000000000004 2 3 4 5 6.5000000000000009 5.5000000000000009 0.23017873430849969 0.10832309552469715 6 7.5000000000000009 -0.056497645424794775 -0.06413930694921198 0.051305698221793962 0.028221429818474569 0.24806127835167402
decision_type=9 9 2 2 2 2 2 2 2 2 2 2 2 2 2 1 9 1 9 2 2 2 2 1 2 2 2 2 2 2
left_child=1 11 4 -4 8 12 -7 9 -3 -8 -9 29 13 14 -6 16 23 22 19 20 -19 28 24 -2 25 -18 -26 -27 -21 -1
right_child=15 2 3 -5 5 6 7 10 -10 -11 -12 -13 -14 -15 -16 -17 17 18 -20 21 -22 -23 -24 -25 26 27 -28 -29 -30 -31
leaf_value=0.015705737889240578 -0.019016861845247982 -0.0011845493350516668 -0.023822059375899179 0.38468438670039179 0.30123638410283177 0.48474616594612602 0.082316953385317776 -0.16245978436235228 -0.30954843895001849 0.39557234864914792 0.11788261932171216 -0.078977064388493709 -0.19229547056555749 -0.22994077093899251 -0.0080465744733810417 0.0052140924644707995 0.24017343357205392 0.05984557012959224 -0.04384448481766539 -0.04456575690750398 0.537818313487198 0.13788773320291356 0.22505510807694759 -0.12186415848186792 -0.040702859732381844 -0.17963837670062535 0.21475611133179787 0.058840037509799006 -0.28157187713229143 -0.1072017871742055
leaf_weight=941 227 33 21 35 23 20 27 33 22 20 21 150 25 20 25 3462 20 41 696 51 23 23 34 186 47 56 58 25 23 57
leaf_count=941 227 33 21 35 23 20 27 33 22 20 21 150 25 20 25 3462 20 41 696 51 23 23 34 186 47 56 58 25 23 57
internal_value=-6.81368e-05 0.0115987 0.0608325 0.231494 0.0275658 0.0666559 0.140027 0.071766 -0.12453 0.215617 -0.0534377 -0.00274435 -0.0288057 0.0313008 0.140152 -0.00354076 -0.0236366 -0.0065934 -0.0250384 0.0540696 0.231617 -0.0575009 0.0576377 -0.0671214 0.0328036 -0.037478 0.100408 -0.106034 -0.11823 0.00868597
internal_weight=6445 1473 325 56 269 214 121 101 55 47 54 1148 93 68 48 4972 1510 1097 857 161 64 97 240 413 206 101 105 81 74 998
internal_count=6445 1473 325 56 269 214 121 101 55 47 54 1148 93 68 48 4972 1510 1097 857 161 64 97 240 413 206 101 105 81 74 998
cat_boundaries=0 1 2 3 4 5 6 7
cat_threshold=9373 2469003 4 16896 566 2499840 256
is_linear=0
shrinkage=0.1


Tree=89
num_leaves=31
num_cat=3
split_feature=3 3 3 3 0 1 10 12 11 7 11 12 10 4 12 12 4 8 7 7 11 4 11 12 9 9 9 8 6 9
split_gain=26.1469 68.5219 326.658 82.8986 70.2137 78.9618 77.5451 68.2444 179.348 113.836 75.5902 143.225 71.9606 106.749 98.3509 129.994 66.0108 60.8215 59.5574 91.0776 96.9047 163.623 86.6756 101.266 129.042 99.0972 65.5062 58.9602 120.942 87.0169
threshold=7.5000000000000009 11.500000000000002 16.500000000000004 20.500000000000004 0 1 0.16070746550705539 -0.07393992110021784 0.086596462000013849 48.500000000000007 0.081873619674320719 0.17633173866823754 -0.029407069914699144 5.5000000000000009 0.010465875368693837 0.0049818226528105186 1.5000000000000002 0.054926875384448223 87.500000000000014 77.500000000000014 0.10703344798225685 2.5000000000000004 -0.0013854216048935753 -0.019376666333663115 -0.093181973788818373 -0.16946326875093951 -0.007393160922857453 0.17976232513535359 2 -0.077760386306719609
decision_type=2 2 2 2 9 9 2 2 2 2 2 2 2 2 2 2 2 2 2 2 2 2 2 2 2 2 2 2 1 2
left_child=-1 18 27 4 6 -6 16 8 -7 -10 11 12 -9 14 15 -14 17 -4 19 20 22 -22 23 25 -25 -2 -26 28 -3 -30
right_child=1 2 3 -5 5 7 -8 10 9 -11 -12 -13 13 -15 -16 -17 -18 -19 -20 -21 21 -23 -24 24 26 -27 -28 -29 29 -31
leaf_value=-0.0066367814899756551 0.091373002108186496 -0.3184447409666103 0.26602494412660599 -0.009276832821122653 -0.025280697674528636 -0.093799944075376354 0.26789237182587383 -0.081134579394806616 0.35793519590435358 0.07525263092081462 -0.065092043753932502 0.20507839403074721 0.020941987530573573 0.2136951165333871 -0.14157309920033986 0.27780179008841516 0.020007047592120811 0.065191036286322696 -0.034291605379919265 0.17738830925275884 0.38539531461894516 0.045977867349069945 -0.036179519027055053 0.014052924169943885 0.39765644030645492 -0.20329298830280701 0.1417145571112633 -0.30125121117702558 -0.16869891500473022 0.10081954313361126
leaf_weight=3134 25 23 25 1490 332 27 20 61 29 28 85 46 319 31 34 21 129 38 88 54 20 49 161 39 20 21 20 28 25 23
leaf_count=3134 25 23 25 1490 332 27 20 61 29 28 85 46 319 31 34 21 129 38 88 54 20 49 161 39 20 21 20 28 25 23
internal_value=-8.99849e-05 0.00610683 6.10652e-05 0.00656712 0.0258385 0.0142576 0.0768768 0.0336202 0.118507 0.219074 0.0222395 0.0367379 0.0201206 0.0353713 0.0205905 0.0368069 0.0609833 0.144887 0.0403378 0.056395 0.0379904 0.14436 0.0123278 0.0748053 0.143487 -0.0431484 0.269685 -0.178362 -0.129899 -0.0395547
internal_weight=6445 3311 2814 2715 1225 1013 212 681 84 57 597 512 466 405 374 340 192 63 497 409 355 69 286 125 79 46 40 99 71 48
internal_count=6445 3311 2814 2715 1225 1013 212 681 84 57 597 512 466 405 374 340 192 63 497 409 355 69 286 125 79 46 40 99 71 48
cat_boundaries=0 1 2 3
cat_threshold=65612 3413291 1
is_linear=0
shrinkage=0.1


Tree=90
num_leaves=31
num_cat=4
split_feature=11 11 7 7 0 7 11 10 3 10 12 7 12 8 10 7 3 1 0 10 10 9 9 0 10 7 12 11 11 3
split_gain=25.6179 34.0326 29.3074 37.0354 28.4279 257.379 110.66 205.111 173.035 101 100.821 89.8799 84.8587 83.1365 238.677 137.181 46.2693 45.7361 188.06 467.548 113.243 78.1362 248.278 71.1584 272.137 214.334 277.02 252.22 208.076 202.49
threshold=-0.40874738777504938 -0.45562590393603442 137.50000000000003 133.50000000000003 0 96.500000000000014 -0.015296656988633358 0.048995849442691315 4.5000000000000009 0.10832309552469715 -0.075294647603604631 13.500000000000002 -0.062038475804483961 0.13110393675707024 -0.0021271774870235817 37.500000000000007 17.500000000000004 1 2 0.0039212641526139491 -0.16414341867606327 -0.1213190915552048 -0.018947153691089871 3 1.0000000180025095e-35 67.500000000000014 -0.023761275089391534 0.013379905599865296 0.078673478767349411 7.5000000000000009
decision_type=2 2 2 2 9 2 2 2 2 2 2 2 2 2 2 2 2 9 9 2 2 2 2 9 2 2 2 2 2 2
left_child=1 -1 3 4 5 6 10 8 -8 -9 -2 16 -12 14 -14 -15 -10 18 19 21 -20 -6 -23 24 25 26 -19 -27 -29 -26
right_child=2 -3 -4 -5 17 -7 7 9 11 -11 12 -13 13 15 -16 -17 -18 23 20 -21 -22 22 -24 -25 29 27 -28 28 -30 -31
leaf_value=-0.0080783923520990047 -0.26724310278892521 0.16799766229731697 0.11461276222359051 -0.12499429934347671 -0.11000481645266216 0.29783003985940015 0.36263827819090627 -0.25505875696738561 -0.13635588020086289 0.029422196172750915 0.16351527184247971 0.19414936753667214 -0.10826571601278641 -0.33734481525809867 0.28580182465639981 -0.010316462403741377 0.061354903517098262 0.46899401307106015 0.17372274708405541 0.50197236736615503 -0.0036934591458249928 0.38332521177473522 -0.013709863686254101 -0.0041816972772607619 -0.43404435263625507 0.069253030738660279 -0.057333086729049687 -0.35103151108089248 0.041193760009039015 -0.074349780293071974
leaf_weight=23 20 21 22 24 27 32 26 24 20 26 20 33 51 23 22 29 29 20 37 27 1301 21 63 4292 29 70 20 38 21 34
leaf_count=23 20 21 22 24 27 32 26 24 20 26 20 33 51 23 22 29 29 20 37 27 1301 21 63 4292 29 70 20 38 21 34
internal_value=-8.4909e-05 0.0759579 -0.000607622 -0.001005 -0.000536743 0.0265623 0.000509875 0.0603245 0.137849 -0.107129 -0.0567671 0.0665744 -0.027736 -0.0583362 0.0104944 -0.154964 -0.0193434 -0.00218074 0.0130497 0.120062 0.00120367 0.0379818 0.0855489 -0.00716763 -0.059952 0.00359055 0.20583 -0.0591195 -0.211426 -0.239923
internal_weight=6445 44 6401 6379 6355 355 323 158 108 50 165 82 145 125 73 52 49 6000 1476 138 1338 111 84 4524 232 169 40 129 59 63
internal_count=6445 44 6401 6379 6355 355 323 158 108 50 165 82 145 125 73 52 49 6000 1476 138 1338 111 84 4524 232 169 40 129 59 63
cat_boundaries=0 1 2 3 4
cat_threshold=17 188494 11392 9728
is_linear=0
shrinkage=0.1


Tree=91
num_leaves=31
num_cat=6
split_feature=0 7 7 10 3 7 11 8 7 6 0 2 11 10 1 9 10 10 3 9 12 7 7 10 12 9 7 3 7 1
split_gain=29.4727 176.192 503.307 307.673 336.753 151.334 155.989 133.096 71.3674 33.4318 126.908 84.4759 77.2806 112.028 77.2009 113.024 104.366 124.593 96.1568 135.059 86.0261 80.509 117.871 138.839 245.223 245.164 110.743 187.437 107.768 144.548
threshold=0 85.500000000000014 80.500000000000014 -0.017651971562729549 7.5000000000000009 113.50000000000001 0.018272211659436228 0.0075812039224838574 94.500000000000014 1 2 3 0.13969419001579433 -0.081222601962779695 4 -0.26140656597144168 -0.11772737788792217 -0.08939556218590762 20.500000000000004 -0.0079173378368443421 -0.1455178220140172 4.5000000000000009 64.500000000000014 0.0044559249814585646 -0.017000831804368219 -0.12239647401664268 93.500000000000014 13.500000000000002 59.500000000000007 5
decision_type=9 2 2 2 2 2 2 2 2 1 9 1 2 2 9 2 2 2 2 2 2 2 2 2 2 2 2 2 2 9
left_child=1 2 3 -1 -5 7 -7 -3 -9 10 11 -2 13 -13 15 -12 -17 -18 -19 -20 -16 -22 28 -24 25 -25 -26 -28 29 -23
right_child=9 5 -4 4 -6 6 -8 8 -10 -11 14 12 -14 -15 20 16 17 18 19 -21 21 22 23 24 26 -27 27 -29 -30 -31
leaf_value=0.29294809809437505 -0.016839751117407906 0.05110815114997052 0.53413199409842493 -0.35568043538208666 0.13051955103874208 -0.053143983057567061 0.27786007126172385 -0.31567264907062054 -0.078424344318253666 0.0050760853251342513 -0.20537457572562354 0.083115071744347624 -0.29115963774648579 -0.1306670708609606 0.1555348704941571 0.2041125851869583 -0.25129203546481826 0.0060938926037456022 -0.18132794576883315 0.016436864584102297 -0.037504475620933453 -0.063070206276661767 -0.046386556569856519 0.063045200045324032 -0.089838754319482392 0.44875835065658276 0.29585594137509669 -0.099362777788216283 0.18055367747321727 0.056434622613881852
leaf_weight=27 227 27 24 29 28 35 24 32 21 3462 35 30 22 134 40 20 24 406 75 64 325 117 422 45 90 26 24 24 55 531
leaf_count=27 227 27 24 29 28 35 24 32 21 3462 35 30 22 134 40 20 24 406 75 64 325 117 422 45 90 26 24 24 55 531
internal_value=-7.70671e-05 0.0331077 0.130265 0.014874 -0.116845 -0.0399994 0.0815017 -0.129606 -0.221669 -0.00145061 -0.00971446 -0.0600768 -0.109293 -0.0915606 -0.000499916 -0.0303003 -0.0204113 -0.0283032 -0.0184835 -0.0902708 0.0105583 0.00712639 0.0179997 -0.0133756 0.053278 0.204292 -0.0244178 0.0982466 0.0461617 0.034755
internal_weight=6445 247 108 84 57 139 59 80 53 6198 2736 413 186 164 2323 624 589 569 545 139 1699 1659 1334 631 209 71 138 48 703 648
internal_count=6445 247 108 84 57 139 59 80 53 6198 2736 413 186 164 2323 624 589 569 545 139 1699 1659 1334 631 209 71 138 48 703 648
cat_boundaries=0 1 2 3 4 5 6
cat_threshold=8193 4 16896 256 99886 798721
is_linear=0
shrinkage=0.1


Tree=92
num_leaves=31
num_cat=3
split_feature=12 12 1 10 3 11 8 3 8 11 7 3 1 12 3 4 11 2 3 9 8 8 7 7 9 8 7 8 7 3
split_gain=25.0656 38.1637 109.942 197.666 92.6451 93.3983 86.1122 118.987 113.955 72.3316 85.2574 88.0854 46.3672 105.982 88.3662 125.51 175.264 113.728 131.151 140.005 113.507 204.091 199.592 206.374 174.043 128.326 121.79 103.882 101.65 107.852
threshold=0.6483205052350608 0.1703352545915279 0 -0.033484596106078186 21.500000000000004 0.13652340096396817 0.26171587846569438 19.500000000000004 0.17744370841842624 0.036971631133082709 69.500000000000014 5.5000000000000009 1 0.086379471916062725 3.5000000000000004 5.5000000000000009 0.21877922419621057 2 1.0000000180025095e-35 -0.082343916392681446 0.0064713331878659434 0.0050924439841492841 82.500000000000014 90.500000000000014 -0.0079173378368443421 0.013478166205983322 132.50000000000003 0.0075812039224838574 104.50000000000001 6.5000000000000009
decision_type=2 2 9 2 2 2 2 2 2 2 2 2 9 2 2 2 2 1 2 2 2 2 2 2 2 2 2 2 2 2
left_child=1 12 3 4 5 6 7 8 9 -3 11 -11 13 14 17 20 -17 18 -1 -20 21 22 -16 -24 -23 -22 -27 -21 29 -25
right_child=-2 2 -4 -5 -6 -7 -8 -9 -10 10 -12 -13 -14 -15 15 16 -18 -19 19 27 25 24 23 28 -26 26 -28 -29 -30 -31
leaf_value=-0.1453392961025238 -0.072066860514072087 -0.12956811822950839 -0.033159949703427852 0.29757972305471247 -0.14953779690840749 -0.12976238156358402 -0.10368908799212913 0.28015745498480332 0.26034344169497492 0.24105403412020571 -0.08569865572000189 0.022730241813475178 0.0087331657672874343 -0.09287395245299257 -0.016476000335410183 0.044184383478887541 0.34570883292527427 -0.058740424329858279 0.31969819306395952 0.18438829567569953 -0.10076105260429369 0.023612188276919452 0.28206078008127711 0.1583220994472504 0.40926468090713031 -0.013416529647367474 0.22913243500959304 -0.081145858753691708 0.13310275340918451 -0.11421247495795198
leaf_weight=25 48 24 179 33 24 24 23 31 25 33 28 42 2475 145 549 235 21 511 24 26 174 22 48 20 25 1459 21 34 64 53
leaf_count=25 48 24 179 33 24 24 23 31 25 33 28 42 2475 145 549 235 21 511 24 26 174 22 48 20 25 1459 21 34 64 53
internal_value=-7.30028e-05 0.000467204 0.0280227 0.06507 0.0374239 0.0569329 0.0786839 0.101605 0.0651898 0.0267737 0.0632028 0.118793 -0.00169784 -0.0091667 -0.00552856 0.002313 0.0689188 -0.0395635 0.0510455 0.11557 -0.0046895 0.0267304 0.0137948 0.103625 0.228746 -0.0195256 -0.00997496 0.0339189 0.0411077 -0.0395455
internal_weight=6445 6397 466 287 254 230 206 183 152 127 103 75 5931 3456 3311 2691 256 620 109 84 2435 781 734 185 47 1654 1480 60 137 73
internal_count=6445 6397 466 287 254 230 206 183 152 127 103 75 5931 3456 3311 2691 256 620 109 84 2435 781 734 185 47 1654 1480 60 137 73
cat_boundaries=0 1 2 3
cat_threshold=347136 2444289 713
is_linear=0
shrinkage=0.1


Tree=93
num_leaves=31
num_cat=7
split_feature=7 2 1 0 8 9 7 4 8 3 2 1 4 11 8 12 9 3 12 6 10 11 10 3 7 11 9 9 4 1
split_gain=22.8914 64.5675 80.9844 41.9436 94.3236 158.426 74.5269 108.045 66.7253 39.8034 33.9372 72.9404 84.2935 91.9674 116.511 113.751 158.048 133.742 115.435 101.332 80.0886 78.4896 70.5146 140.762 153.954 119.312 67.7918 63.116 70.5637 63.099
threshold=1.0000000180025095e-35 0 1 2 0.20865589485723204 -0.14019162839946639 68.500000000000014 3.5000000000000004 0.02066362766302051 3.5000000000000004 3 4 4.5000000000000009 -0.046053781342657675 0.18744430795739159 0.086379471916062725 -0.069716619056483603 3.5000000000000004 0.00085283630380552072 5 0.031462478159090507 -0.059538968094544738 0.0077486170310923277 4.5000000000000009 11.500000000000002 0.0043486479975557218 -0.15010045399865227 0.049933414190026608 5.5000000000000009 6
decision_type=2 1 9 9 2 2 2 2 2 2 1 9 2 2 2 2 2 2 2 1 2 2 2 2 2 2 2 2 2 9
left_child=1 9 -3 4 5 -2 7 8 -7 -1 29 12 13 14 -12 16 19 -18 -19 -15 22 -14 -13 -24 25 -25 -23 28 -22 -5
right_child=3 2 -4 10 -6 6 -8 -9 -10 -11 11 20 21 15 -16 -17 17 18 -20 -21 27 26 23 24 -26 -27 -28 -29 -30 -31
leaf_value=0.13255212911434713 -0.18565974574664545 -0.11393350429444885 -0.0025184783463676769 0.022886810541527417 0.22485765478125327 -0.20641315490007403 0.22578780711270297 0.18459657542407515 0.051899239607155326 0.0048768581449985509 -0.20241520708799363 0.0027355385012924672 0.10282195895496343 0.39803779939639161 0.062880583673867646 -0.056250999108888214 0.26906642140499476 -0.011139045216312463 0.2309192967028745 0.14526470264153821 -0.084077520005207532 -0.21190764474868776 -0.085516707506945497 0.10432467253080435 -0.030441763126291335 0.39625374525785451 -0.01970564352105493 0.11761762776545115 0.068934987719569893 -0.010648495953019439
leaf_weight=31 29 110 155 664 27 20 26 26 20 115 25 1002 36 29 49 40 29 110 24 35 217 25 35 28 30 28 69 21 35 3355
leaf_count=31 29 110 155 664 27 20 26 26 20 115 25 1002 36 29 49 40 29 110 24 35 217 25 35 28 30 28 69 21 35 3355
internal_value=-7.86066e-05 -0.0229139 -0.0512275 0.0014768 0.0523211 0.0181453 0.0823882 0.0258975 -0.077257 0.0299356 0.00010927 0.0112151 0.0448274 0.0718997 -0.0267464 0.0992398 0.126639 0.074354 0.0322147 0.259803 -0.000363627 -0.0227368 0.0114433 0.0835525 0.15236 0.250289 -0.0708232 -0.0489455 -0.0628258 -0.0050649
internal_weight=6445 411 265 6034 148 121 92 66 40 146 5886 1867 471 341 74 267 227 163 134 64 1396 130 1123 121 86 56 94 273 252 4019
internal_count=6445 411 265 6034 148 121 92 66 40 146 5886 1867 471 341 74 267 227 163 134 64 1396 130 1123 121 86 56 94 273 252 4019
cat_boundaries=0 1 2 3 4 5 6 7
cat_threshold=256 2052 2049 772 2716170 4 1343558
is_linear=0
shrinkage=0.1


Tree=94
num_leaves=31
num_cat=4
split_feature=0 7 7 10 3 9 7 7 7 11 12 9 3 1 3 8 7 8 3 9 0 0 10 8 7 8 9 8 9 11
split_gain=22.5241 145.032 406.721 250.51 274.011 124.784 181.861 136.868 64.8247 32.4979 60.659 133.978 167.712 36.1462 121.652 345.65 115.413 122.754 79.4028 78.3483 80.8265 65.7538 128.726 177.426 220.164 128.557 138.378 95.3987 69.2194 60.2733
threshold=0 85.500000000000014 80.500000000000014 -0.017651971562729549 8.5000000000000018 -0.017772927958662449 96.500000000000014 121.50000000000001 113.50000000000001 0.39276332841328537 -0.15621050735339606 -0.21521872244051118 5.5000000000000009 1 1.0000000180025095e-35 1.0000000180025095e-35 64.500000000000014 0.17839887415631353 1.0000000180025095e-35 -0.015643387984522795 2 3 -0.012632917225848026 0.1241035276619072 62.500000000000007 0.20865589485723204 -0.24293219984451539 0.099576576616905693 -0.20887248878638312 0.23049212039427355
decision_type=9 2 2 2 2 2 2 2 2 2 2 2 2 9 2 2 2 2 2 2 9 9 2 2 2 2 2 2 2 2
left_child=1 2 3 -1 -5 6 -3 -8 -7 10 11 12 -2 18 15 -15 17 -17 -12 21 -21 28 27 24 -24 -25 -27 -23 -16 -20
right_child=9 5 -4 4 -6 8 7 -9 -10 -11 13 -13 -14 14 19 16 -18 -19 29 20 -22 22 23 25 -26 26 -28 -29 -30 -31
leaf_value=0.26421265911172936 -0.023701847577467561 -0.31675149633966648 0.48007954955101018 -0.27938810348510745 0.17098914086818695 -0.0024242548431668964 0.17201100277403991 -0.14607556539197122 0.22326065540313722 -0.071626378762034273 -0.064146942948406963 -0.1137581297329494 0.36480878216028212 0.43199437088691273 -0.056764381539998125 0.26485605272261997 -0.16684041190147403 -0.055257514554541559 -0.0049783616873437459 -0.0048966897149001487 -0.097828852275852127 -0.19339561624960466 0.076986051984131332 -0.078482006872311619 0.54620283633470545 0.3682810312602669 0.034931305050849917 0.033889635518729769 0.022555610528742932 0.070683254722367847
leaf_weight=27 20 29 24 35 22 35 24 31 20 65 224 21 25 26 143 23 25 25 4191 446 110 22 20 39 20 20 33 115 477 108
leaf_count=27 20 29 24 35 22 35 24 31 20 65 224 21 25 26 143 23 25 25 4191 446 110 22 20 39 20 20 33 115 477 108
internal_value=-8.69155e-05 0.0289234 0.117026 0.0132967 -0.105558 -0.0374497 -0.114118 -0.00727415 0.079643 -0.00128761 -0.000544232 0.094807 0.192137 -0.00158151 0.0115858 0.1189 0.00738686 0.0981302 -0.00608856 0.00431371 -0.0251301 0.0227285 0.0629532 0.135768 0.311594 0.0593213 0.160724 -0.00260873 0.00419321 -0.00307758
internal_weight=6445 247 108 84 57 139 84 55 55 6198 6133 66 45 6067 1544 99 73 48 4523 1445 556 889 269 132 40 92 53 137 620 4299
internal_count=6445 247 108 84 57 139 84 55 55 6198 6133 66 45 6067 1544 99 73 48 4523 1445 556 889 269 132 40 92 53 137 620 4299
cat_boundaries=0 1 2 3 4
cat_threshold=8193 85647 16512 81984
is_linear=0
shrinkage=0.1


Tree=95
num_leaves=31
num_cat=4
split_feature=12 7 7 12 4 8 9 10 1 10 4 0 3 10 10 11 6 8 11 8 9 11 3 12 0 8 11 3 4 7
split_gain=21.2686 151.58 98.275 74.2952 121.549 83.2104 76.5953 69.014 76.1521 152.273 172.445 117.444 106.386 110.694 83.484 119.288 79.3556 68.9984 71.6557 60.5535 56.5172 61.1758 80.9923 57.0651 50.4134 147.573 236.522 87.6628 87.7264 74.7839
threshold=-0.037839001316525366 128.50000000000003 133.50000000000003 -0.03105117543492834 1.5000000000000002 0.062598869267161739 -0.055346731946509888 0.23932536056785222 0 0.094115201944854801 3.5000000000000004 1 21.500000000000004 -0.0079625532507878859 -0.20459515077247328 0.25806509403407396 2 0.12688408820435174 -0.097207457802476735 0.16275001411413625 -0.24603264038277373 -0.21611660751679987 5.5000000000000009 -0.044128459988378978 3 0.16901573942430245 -0.069409242383540196 10.500000000000002 2.5000000000000004 49.500000000000007
decision_type=2 2 2 2 2 2 2 2 9 2 2 9 2 2 2 2 1 2 2 2 2 2 2 2 9 2 2 2 2 2
left_child=1 7 3 4 -2 6 -6 8 11 14 -11 -1 13 19 16 20 -10 -7 -19 -13 21 -16 -23 24 -22 27 -27 28 -26 -29
right_child=2 -3 -4 -5 5 17 -8 -9 9 10 -12 12 -14 -15 15 -17 -18 18 -20 -21 23 22 -24 -25 25 26 -28 29 -30 -31
leaf_value=-0.015264697461568106 0.24317181547257036 0.23388826656341555 -0.16629655562231649 0.0021145971938594369 0.27971752364188435 -0.17752161758641405 0.0093220857056704447 -0.19890080111101271 0.25566522592435714 0.31450169465970251 -0.049191990901123396 0.059534088478368878 -0.35440580084919932 -0.29185691123658958 -0.21513693640413495 -0.23300066739320757 0.010510168921562934 -0.086263739203031251 0.15335355655600627 -0.13538730072478453 -0.0076072581482756326 0.076263504495798828 -0.098948205861489516 -0.097142138332128536 -0.26509028832428155 0.030177644757848038 0.43647562213565999 -0.0048392268376691002 -0.010629188783821606 0.16941170415007756
leaf_weight=328 33 25 34 4721 20 24 22 20 23 32 22 34 20 22 23 24 31 26 24 30 508 41 74 53 20 38 23 70 42 38
leaf_count=328 33 25 34 4721 20 24 22 20 23 32 22 34 20 22 23 24 31 26 24 30 508 41 74 53 20 38 23 70 42 38
internal_value=-9.41627e-05 -0.010342 0.00312605 0.00430888 0.0738337 0.0256599 0.138082 -0.0143695 -0.0119026 0.00270493 0.16633 -0.0466349 -0.134021 -0.0983525 -0.00603388 -0.0128808 0.114928 -0.0381472 0.0287526 -0.0318353 -0.00720027 -0.0662573 -0.0364814 0.00308998 0.0102785 0.0478687 0.183372 0.00206275 -0.0927134 0.0564713
internal_weight=6445 1541 4904 4870 149 116 42 1516 1496 1062 54 434 106 86 1008 954 54 74 50 64 930 138 115 792 739 231 61 170 62 108
internal_count=6445 1541 4904 4870 149 116 42 1516 1496 1062 54 434 106 86 1008 954 54 74 50 64 930 138 115 792 739 231 61 170 62 108
cat_boundaries=0 1 2 3 4
cat_threshold=2429966 81920 1 82112
is_linear=0
shrinkage=0.1


Tree=96
num_leaves=31
num_cat=5
split_feature=6 7 9 10 7 11 8 12 11 11 10 10 12 11 10 0 7 7 7 8 11 9 1 7 9 10 10 9 2 0
split_gain=20.7501 62.3107 66.5534 56.6655 108.172 103.217 122.611 50.3064 76.6721 75.5366 47.6285 49.521 197.248 140.907 69.8878 56.7158 89.642 155.671 152.119 146.123 133.92 89.8026 78.3308 126.326 100.935 233.352 129.654 184.051 107.132 155.162
threshold=0 117.50000000000001 -0.11567903318253399 0.22996500068205245 61.500000000000007 0.11183507750225226 0.17206629158942524 -0.15621050735339606 0.25434415555633694 0.39276332841328537 0.2046028587675793 0.16070746550705539 -0.017562203702772696 0.071914560947979059 0.14151906662723435 1 101.50000000000001 115.50000000000001 94.500000000000014 0.035687100487377207 0.018272211659436228 -0.077760386306719609 2 15.500000000000002 -0.2291956316687867 0.0060144861214931978 -0.092519008773551223 -0.24293219984451539 3 4
decision_type=1 2 2 2 2 2 2 2 2 2 2 2 2 2 2 9 2 2 2 2 2 2 9 2 2 2 2 2 1 9
left_child=1 3 -3 7 5 -5 -7 9 -9 -1 11 14 -13 -14 15 16 18 19 22 -18 21 -19 23 -2 25 26 -24 -28 -26 -30
right_child=10 2 -4 4 -6 6 -8 8 -10 -11 -12 12 13 -15 -16 -17 17 20 -20 -21 -22 -23 24 -25 28 -27 27 -29 29 -31
leaf_value=0.20750672508341572 0.025948908498113078 0.065384096466004848 -0.13030600980485951 0.33103679248496243 -0.051636218259993351 -0.11170056201517582 0.23040793399241838 0.006654398293674345 -0.14462053893161392 -0.033368537426703489 -0.048250409023110147 0.34631364211440085 0.17253785029053689 -0.17766356909716574 -0.18538052280034339 -0.012318196605144806 -0.36504287456090634 0.09516008612699807 0.22847862217043127 -0.038564591572202489 0.18529569823294878 -0.14346107591105545 0.16830747364124715 0.23635690852534028 0.055482784374800059 0.3966712954143683 -0.26391069509375553 0.099598683069149652 -0.077114081906734924 0.01745305816149954
leaf_weight=30 89 24 63 23 38 20 22 2299 34 23 236 20 20 27 21 2193 26 24 35 29 32 46 39 42 219 21 26 30 295 399
leaf_count=30 89 24 63 23 38 20 22 2299 34 23 236 20 20 27 21 2193 26 24 35 29 32 46 39 42 219 21 26 30 295 399
internal_value=-8.82953e-05 0.00686555 -0.0763225 0.00977329 0.0823945 0.160751 0.0674991 0.00663834 0.00444979 0.102976 -0.0047182 -0.00189035 0.0832853 -0.0286417 -0.00349067 -0.00241319 0.0136433 -0.0572955 0.0230775 -0.1929 0.0158245 -0.0616481 0.0168801 0.0867833 0.00706875 0.0950032 0.0283187 -0.0691735 -0.00402622 -0.0232692
internal_weight=6445 2576 87 2489 103 65 42 2386 2333 53 3869 3633 67 47 3566 3545 1352 157 1195 55 102 70 1160 131 1029 116 95 56 913 694
internal_count=6445 2576 87 2489 103 65 42 2386 2333 53 3869 3633 67 47 3566 3545 1352 157 1195 55 102 70 1160 131 1029 116 95 56 913 694
cat_boundaries=0 1 2 3 4 5
cat_threshold=1 9373 524550 619 9232
is_linear=0
shrinkage=0.1


Tree=97
num_leaves=31
num_cat=5
split_feature=0 12 3 4 11 12 7 7 1 7 12 11 2 7 9 10 11 11 6 7 12 10 6 3 3 12 7 8 10 7
split_gain=25.8237 157.937 54.6514 39.9896 38.3316 23.9234 122.373 79.8203 66.7248 81.5598 75.2485 152.983 71.1187 97.296 170.714 136.775 90.5129 108.855 86.8122 86.3783 78.0184 70.4403 152.23 68.4946 72.3828 63.4745 108.985 144.087 156.6 106.475
threshold=0 -1.0000000180025095e-35 20.500000000000004 3.5000000000000004 -0.17526597339402925 -0.037839001316525366 128.50000000000003 133.50000000000003 1 119.50000000000001 -0.14141601761104736 0.3162486961760716 2 63.500000000000007 0.39116719026823782 -0.14630633449115668 0.16455947142384639 -0.15187777148732182 3 4.5000000000000009 -0.07393992110021784 -0.11772737788792217 4 19.500000000000004 20.500000000000004 -0.03105117543492834 74.500000000000014 0.21406660757269835 -0.021801125511481018 96.500000000000014
decision_type=9 2 2 2 2 2 2 2 9 2 2 2 1 2 2 2 2 2 1 2 2 2 1 2 2 2 2 2 2 2
left_child=1 2 3 4 -1 6 8 25 10 12 11 -2 13 14 15 -10 17 -17 19 -19 -21 22 -12 -14 -25 26 27 28 -7 -28
right_child=5 -3 -4 -5 -6 7 -8 -9 9 -11 21 -13 23 -15 -16 16 -18 18 -20 20 -22 -23 -24 24 -26 -27 29 -29 -30 -31
leaf_value=0.019590893394958515 0.18269100552185991 -0.2835215021086776 -0.14075105469673874 -0.042525919340550902 0.19894087653268466 -0.030783118036660281 0.213640348178645 -0.14845489741248244 0.28213261887431146 -0.18001071854184073 -0.36128311477925468 -0.12696508710031157 -0.072305992905318084 -0.0063151830946232878 0.3081358478537628 -0.13121622349296153 -0.15855853378772736 -0.0083702304146506586 0.00021997436278444881 0.35988147460545106 0.11208438230333505 -0.042506658962345074 -0.035327257110590218 0.16800450091422708 -0.014399414976859199 0.0032750803490603588 -0.22411182662028645 -0.081607025548815729 0.28489788903431462 0.087329804346613263
leaf_weight=26 39 23 20 32 22 22 24 34 22 24 23 27 181 352 28 29 25 22 68 24 27 382 38 27 112 4668 21 25 55 23
leaf_count=26 39 23 20 32 22 22 24 34 22 24 23 27 181 352 28 29 25 22 68 24 27 382 38 27 112 4668 21 25 55 23
internal_value=-8.20253e-05 -0.0436901 0.00710212 0.0440654 0.101793 0.000834196 -0.0103207 0.00422748 -0.0140276 0.00194799 -0.0427603 0.0560135 0.00673151 0.026914 0.075754 0.0457693 0.0191026 0.0452293 0.0815195 0.157251 0.228695 -0.0584413 -0.158229 -0.0308 0.0210316 0.00530584 0.0702344 0.12698 0.194703 -0.0613128
internal_weight=6445 123 100 80 48 6322 1474 4848 1450 941 509 66 917 597 245 217 195 170 141 73 51 443 61 320 139 4814 146 102 77 44
internal_count=6445 123 100 80 48 6322 1474 4848 1450 941 509 66 917 597 245 217 195 170 141 73 51 443 61 320 139 4814 146 102 77 44
cat_boundaries=0 1 2 3 4 5
cat_threshold=520 2446414 296 4 4
is_linear=0
shrinkage=0.1


Tree=98
num_leaves=31
num_cat=3
split_feature=0 12 3 4 3 1 11 11 11 7 9 9 9 11 3 11 10 7 7 7 11 7 2 10 11 11 7 12 3 8
split_gain=20.9172 127.929 44.2676 32.3916 32.8746 23.7649 81.9024 112.893 150.204 339.538 106.582 100.382 183.861 115.801 128.508 125.488 67.6913 107.939 67.6307 61.2824 54.2825 53.7606 59.9291 47.7443 72.1156 169.524 47.5661 48.1484 45.4678 138.524
threshold=0 -1.0000000180025095e-35 20.500000000000004 3.5000000000000004 4.5000000000000009 1 0.12539187393828236 0.036971631133082709 0.029043479304786974 63.500000000000007 -0.21661439368457275 -0.26875887710817453 -0.24603264038277373 0.13652340096396817 3.5000000000000004 0.25806509403407396 0.097132733114240144 54.500000000000007 13.500000000000002 133.50000000000003 0.060786805304123996 1.5000000000000002 2 0.011625292796866247 -0.026843141853895594 -1.0000000180025095e-35 8.5000000000000018 -0.037839001316525366 1.0000000180025095e-35 1.0000000180025095e-35
decision_type=9 2 2 2 2 9 2 2 2 2 2 2 2 2 2 2 2 2 2 2 2 2 1 2 2 2 2 2 2 2
left_child=1 2 3 4 -1 19 7 8 28 -10 -9 -8 -13 -14 -15 26 20 18 -18 21 -12 22 -2 24 -24 -26 -16 -28 29 -7
right_child=5 -3 -4 -5 -6 6 11 10 9 -11 16 12 13 14 15 -17 17 -19 -20 -21 -22 -23 23 -25 25 -27 27 -29 -30 -31
leaf_value=0.0088557966208706301 0.010386088300599821 -0.25516934952010278 -0.12667594469850882 -0.038273329078219835 0.17437154370515298 0.24750818336202252 -0.10281295664608479 -0.24181729552149772 0.005628001938263575 0.50623877709731457 -0.10645234545048039 0.37582443825900558 0.28596604436635975 -0.11843280239074037 0.12091590780764819 0.29281257300273233 0.050426876607525629 -0.078770424986512155 0.27204089115063351 -0.15150080897978374 -0.022602320738092666 0.0011033398886744154 -0.18220073616793078 -0.14182311004648607 0.23546771445999976 -0.058560350470076829 -0.085835956605151309 0.080202733597628056 0.004769180393297958 -0.02259411708432801
leaf_weight=24 170 23 20 32 24 31 32 25 42 20 117 20 20 43 42 23 40 44 21 28 227 3447 31 66 23 133 40 31 1557 49
leaf_count=24 170 23 20 32 24 31 32 25 42 20 117 20 20 43 42 23 40 44 21 28 227 3447 31 66 23 133 40 31 1557 49
internal_value=-7.38229e-05 -0.0393211 0.00639191 0.0396589 0.0916137 0.000750776 0.00850639 0.00229423 0.0143334 0.167115 -0.0408588 0.0626262 0.0868 0.0577523 0.0322536 0.0798971 -0.0296695 0.0406099 0.12672 -0.00408153 -0.0511211 -0.00302548 -0.036671 -0.0660887 -0.042893 -0.0152101 0.0365603 -0.0133402 0.00854689 0.0820705
internal_weight=6445 123 100 80 48 6322 2424 2173 1699 62 474 251 219 199 179 136 449 105 61 3898 344 3870 423 253 187 156 113 71 1637 80
internal_count=6445 123 100 80 48 6322 2424 2173 1699 62 474 251 219 199 179 136 449 105 61 3898 344 3870 423 253 187 156 113 71 1637 80
cat_boundaries=0 1 2 3
cat_threshold=520 2476961 256
is_linear=0
shrinkage=0.1


Tree=99
num_leaves=31
num_cat=7
split_feature=3 2 8 8 6 8 7 7 10 10 4 11 3 2 9 12 1 9 12 7 4 6 4 3 3 3 0 10 3 0
split_gain=19.5847 106.31 88.8717 158.213 109.301 95.169 56.1008 48.03 37.4638 68.7292 46.855 34.5855 36.9539 67.0015 109.736 216.646 106.464 88.4148 81.687 127.239 96.2226 89.0319 121.161 59.251 248.121 83.929 77.9089 90.5685 57.1006 67.0626
threshold=22.500000000000004 0 0.16832915576189039 0.11918301361320281 1 1.0000000180025095e-35 87.500000000000014 133.50000000000003 -0.017651971562729549 -0.083352061199519975 1.5000000000000002 -0.40874738777504938 20.500000000000004 2 -0.049225552786316289 -0.035560740767134204 3 -0.17550007940234083 -0.0065335641933632052 59.500000000000007 2.5000000000000004 4 4.5000000000000009 16.500000000000004 11.500000000000002 7.5000000000000009 5 0.055952871948697129 17.500000000000004 6
decision_type=2 1 2 2 1 2 2 2 2 2 2 2 2 1 2 2 9 2 2 2 2 1 2 2 2 2 9 2 2 9
left_child=7 2 3 4 5 -2 -4 11 9 -3 -10 -1 23 14 15 -14 -15 -18 19 -19 -20 -22 -23 24 25 -13 27 -27 -25 -30
right_child=1 8 6 -5 -6 -7 -8 -9 10 -11 -12 12 13 16 -16 -17 17 18 20 -21 21 22 -24 28 -26 26 -28 -29 29 -31
leaf_value=0.094345502418122798 0.30405074949634986 -0.091597753497106693 -0.054472194931861999 0.36401136865218486 -0.021695414362058268 0.062266342346442904 0.11821833036839963 -0.10806496002312219 -0.016110340619491317 0.1674250764399767 -0.14631062522530555 -0.0058297957355831894 0.0093658263066216645 -0.049201883367493857 -0.070354110419395419 0.38525224068890451 -0.087187908112741352 0.037461257964754718 -0.079702301900117456 0.33010667014556627 -0.0029356194060232679 0.34950110014866698 0.0094228033279068774 0.16253185556519645 -0.16103069253874069 0.06969690533640148 0.012079659098590427 0.28393092843083045 -0.052885979152910538 0.025664025006876107
leaf_weight=38 27 21 76 21 67 41 25 42 59 20 52 3099 46 652 42 23 57 39 65 24 59 22 20 28 98 111 354 24 112 1081
leaf_count=38 27 21 76 21 67 41 25 42 59 20 52 3099 46 652 42 23 57 39 65 24 59 22 20 28 98 111 354 24 112 1081
internal_value=-6.48292e-05 0.021112 0.0590581 0.108673 0.0689533 0.158269 -0.011727 -0.00149977 -0.0440353 0.0347548 -0.0771051 -0.000753068 -0.00135981 -0.018396 0.0523699 0.134661 -0.0270403 0.0234374 0.0519964 0.148945 0.0152026 0.07628 0.187559 0.00228213 -0.00404228 0.000245585 0.0387478 0.10035 0.0213745 0.0180615
internal_weight=6445 409 257 156 135 68 101 6036 152 41 111 5994 5956 1049 111 69 938 286 229 63 166 101 42 4907 3686 3588 489 135 1221 1193
internal_count=6445 409 257 156 135 68 101 6036 152 41 111 5994 5956 1049 111 69 938 286 229 63 166 101 42 4907 3686 3588 489 135 1221 1193
cat_boundaries=0 1 2 3 4 5 6 7
cat_threshold=1283 4 28 613536 4 73748 8208
is_linear=0
shrinkage=0.1


end of trees

feature_importances:
hour=535
concurrent_events=465
event_cause=265
semantic_f3=251
zone=212
semantic_f2=207
corridor=198
semantic_f4=193
semantic_f0=187
veh_bucket=185
semantic_f1=181
day_of_week=121

parameters:
[boosting: gbdt]
[objective: regression]
[metric: rmse]
[tree_learner: serial]
[device_type: cpu]
[data_sample_strategy: bagging]
[data: ]
[valid: ]
[num_iterations: 100]
[learning_rate: 0.1]
[num_leaves: 31]
[num_threads: 0]
[seed: 0]
[deterministic: 0]
[force_col_wise: 0]
[force_row_wise: 0]
[histogram_pool_size: -1]
[max_depth: -1]
[min_data_in_leaf: 20]
[min_sum_hessian_in_leaf: 0.001]
[bagging_fraction: 1]
[pos_bagging_fraction: 1]
[neg_bagging_fraction: 1]
[bagging_freq: 0]
[bagging_seed: 3]
[bagging_by_query: 0]
[feature_fraction: 1]
[feature_fraction_bynode: 1]
[feature_fraction_seed: 2]
[extra_trees: 0]
[extra_seed: 6]
[early_stopping_round: 0]
[early_stopping_min_delta: 0]
[first_metric_only: 0]
[max_delta_step: 0]
[lambda_l1: 0]
[lambda_l2: 0]
[linear_lambda: 0]
[min_gain_to_split: 0]
[drop_rate: 0.1]
[max_drop: 50]
[skip_drop: 0.5]
[xgboost_dart_mode: 0]
[uniform_drop: 0]
[drop_seed: 4]
[top_rate: 0.2]
[other_rate: 0.1]
[min_data_per_group: 100]
[max_cat_threshold: 32]
[cat_l2: 10]
[cat_smooth: 10]
[max_cat_to_onehot: 4]
[top_k: 20]
[monotone_constraints: ]
[monotone_constraints_method: basic]
[monotone_penalty: 0]
[feature_contri: ]
[forcedsplits_filename: ]
[refit_decay_rate: 0.9]
[cegb_tradeoff: 1]
[cegb_penalty_split: 0]
[cegb_penalty_feature_lazy: ]
[cegb_penalty_feature_coupled: ]
[path_smooth: 0]
[interaction_constraints: ]
[verbosity: -1]
[saved_feature_importance_type: 0]
[use_quantized_grad: 0]
[num_grad_quant_bins: 4]
[quant_train_renew_leaf: 0]
[stochastic_rounding: 1]
[linear_tree: 0]
[max_bin: 255]
[max_bin_by_feature: ]
[min_data_in_bin: 3]
[bin_construct_sample_cnt: 200000]
[data_random_seed: 1]
[is_enable_sparse: 1]
[enable_bundle: 1]
[use_missing: 1]
[zero_as_missing: 0]
[feature_pre_filter: 1]
[pre_partition: 0]
[two_round: 0]
[header: 0]
[label_column: ]
[weight_column: ]
[group_column: ]
[ignore_column: ]
[categorical_feature: 0,1,2,6]
[forcedbins_filename: ]
[precise_float_parser: 0]
[parser_config_file: ]
[objective_seed: 5]
[num_class: 1]
[is_unbalance: 0]
[scale_pos_weight: 1]
[sigmoid: 1]
[boost_from_average: 1]
[reg_sqrt: 0]
[alpha: 0.9]
[fair_c: 1]
[poisson_max_delta_step: 0.7]
[tweedie_variance_power: 1.5]
[lambdarank_truncation_level: 30]
[lambdarank_norm: 1]
[label_gain: ]
[lambdarank_position_bias_regularization: 0]
[eval_at: ]
[multi_error_top_k: 1]
[auc_mu_weights: ]
[num_machines: 1]
[local_listen_port: 12400]
[time_out: 120]
[machine_list_filename: ]
[machines: ]
[gpu_platform_id: -1]
[gpu_device_id: -1]
[gpu_use_dp: 0]
[num_gpu: 1]

end of parameters

pandas_categorical:[["Debris", "Fog / Low Visibility", "accident", "congestion", "construction", "debris", "others", "pot_holes", "procession", "protest", "public_event", "road_conditions", "test_demo", "tree_fall", "vehicle_breakdown", "vip_movement", "water_logging"], ["Airport New South Road", "Bannerghata Road", "Bellary Road 1", "Bellary Road 2", "CBD 1", "CBD 2", "Hennur Main Road", "Hosur Road", "IRR(Thanisandra road)", "Magadi Road", "Mysore Road", "Non-corridor", "ORR East 1", "ORR East 2", "ORR North 1", "ORR North 2", "ORR West 1", "Old Airport Road", "Old Madras Road", "Tumkur Road", "Varthur Road", "West of Chord Road"], ["Central Zone 1", "Central Zone 2", "East Zone 1", "East Zone 2", "North Zone 1", "North Zone 2", "South Zone 1", "South Zone 2", "Unknown", "West Zone 1", "West Zone 2"], ["large_vehicle", "lmv", "small_or_none"]]
