tree
version=v4
num_class=1
num_tree_per_iteration=1
label_index=0
max_feature_idx=12
objective=binary sigmoid:1
feature_names=event_cause corridor zone hour day_of_week is_weekend veh_bucket concurrent_events semantic_f0 semantic_f1 semantic_f2 semantic_f3 semantic_f4
feature_infos=-1:14:6:7:16:4:2:13:11:3:8:10:9:0:12:15 -1:11:10:2:19:3:7:14:9:18:12:15:1:13:16:21:5:8:6:20:17:0 -1:8:1:9:5:7:10:4:0:2:6:3 [0:23] [0:6] [0:1] -1:2:0:1 [0:141] [0:0.73741886498112041] [-0.41505783462197077:0.68125091558435591] [-0.36982005573120047:0.85736289357635653] [-0.47200905486867079:0.61396347002562446] [-0.29420929936150042:0.74621190407381]
tree_sizes=3285 3353 3347 3355 3348 3379 3363 3363 3369 3384 3384 3399 3389 3385 3362 3398 3334 3398 3403 3373 3355 3361 3355 3358 3418 3383 3406 3391 3384 3408 3403 3376 3421 3412 3397 3381 3378 3364 3433 3375 3415 3416 3404 3371 3414 3388 3404 3390 3383 3385 3432 3415 3425 3399 3391 3401 3424 3420 3424 3364 3419 3426 3411 3423 3414 3404 3415 3405 3405 3445 3419 3452 3433 3414 3390 3386 3416 3464 3405 3401 3434 3424 3466 3401 3397 3426 3371 3423 3438 3426 3444 3487 3384 3435 3448 3423 3376 3444 3426 3393

Tree=0
num_leaves=31
num_cat=4
split_feature=0 11 12 7 1 9 12 3 0 3 3 3 4 12 6 7 11 7 7 3 11 7 10 12 7 7 9 12 12 10
split_gain=451.853 117.825 49.9373 46.608 34.3047 29.9953 24.551 23.1104 22.7 19.6056 15.8828 34.5576 34.9107 24.1445 15.3116 13.7965 18.1192 28.3831 13.5685 12.379 11.0722 17.7623 14.4224 13.5575 11.1427 10.7169 10.2891 9.86555 8.83234 20.1211
threshold=0 -0.050882831031072537 -0.024577731902530625 74.500000000000014 1 0.61964722907120651 -1.0000000180025095e-35 18.500000000000004 2 5.5000000000000009 18.500000000000004 10.500000000000002 4.5000000000000009 -0.036588249647068118 3 54.500000000000007 0.028221429818474569 8.5000000000000018 120.50000000000001 7.5000000000000009 -0.037750267283982203 67.500000000000014 0.0027530474460865204 -0.00097548765397963209 107.50000000000001 64.500000000000014 -0.21343841019259649 -9.0504352433345839e-05 0.17633173866823754 -0.033484596106078186
decision_type=9 2 2 2 9 2 2 2 9 2 2 2 2 2 1 2 2 2 2 2 2 2 2 2 2 2 2 2 2 2
left_child=1 7 10 15 5 8 19 9 28 -1 11 12 13 26 -7 16 17 -4 -8 -5 -10 -22 24 -24 -23 -12 -3 -18 -2 -30
right_child=4 2 3 6 -6 14 18 -9 20 -11 25 -13 -14 -15 -16 -17 27 -19 -20 -21 21 22 23 -25 -26 -27 -28 -29 29 -31
leaf_value=-2.4476389696726026 -2.536180068365367 -2.0234544297746986 -2.3211025645505163 -2.4201310555156272 -2.5609109445476514 -2.3749660342984313 -1.9731274504647778 -2.5267242228739066 -2.5168385662237438 -2.0450231351932362 -1.9517530577076687 -1.4669818299764321 -1.6093352857387795 -1.7845395389847438 -1.9652189251446477 -2.5267242228739066 -2.6058094760752106 -1.8086301238060658 -1.6093352857387795 -2.0465637570088462 -2.4693061623304939 -2.3043550991667106 -1.8940421972634742 -2.3007663565844663 -2.5626720652381358 -2.2499258366693424 -2.354597495318127 -2.2894684632699942 -2.5001014643704975 -2.1640228892265463
leaf_weight=2.5289164781570426 129.25573110580444 1.5454489588737477 2.8099071979522758 1.6156966388225558 216.78434032201767 2.5991641581058493 3.7933747172355634 8.8512076735496503 11.23962879180908 2.3181734383106232 2.5991641581058493 1.7561919987201688 2.1074303984642029 1.8264396786689716 1.404953598976135 2.5289164781570426 1.6156966388225553 1.7561919987201688 1.404953598976135 1.9669350385665891 15.384241908788683 5.9710527956485731 1.4049535989761355 1.9669350385665882 2.3181734383106232 2.2479257583618164 2.3884211182594299 2.5289164781570435 14.190031349658968 2.0371827185153952
leaf_count=36 1840 22 40 23 3086 37 54 126 160 33 37 25 30 26 20 36 23 25 20 28 219 85 20 28 33 32 34 36 202 29
internal_value=-2.49758 -2.23663 -2.08394 -2.18624 -2.53421 -2.50174 -2.01362 -2.43061 -2.50786 -2.25508 -1.94241 -1.86807 -1.95759 -2.085 -2.2312 -2.3211 -2.26141 -2.124 -1.87481 -2.21504 -2.44671 -2.39875 -2.30567 -2.1313 -2.3766 -2.09004 -2.22451 -2.41279 -2.52553 -2.45791
internal_weight=452.746 48.1899 34.4916 20.0206 404.556 187.772 8.78096 13.6983 183.768 4.84709 14.471 9.62393 7.86774 5.76031 4.00412 11.2396 8.71071 4.5661 5.19833 3.58263 38.285 27.0454 11.6611 3.37189 8.28923 4.84709 3.93387 4.14461 145.483 16.2272
internal_count=6445 686 491 285 5759 2673 125 195 2616 69 206 137 112 82 57 160 124 65 74 51 545 385 166 48 118 69 56 59 2071 231
cat_boundaries=0 1 2 3 4
cat_threshold=10000 3072 16516 1
is_linear=0
shrinkage=1


Tree=1
num_leaves=31
num_cat=4
split_feature=0 3 1 3 3 9 0 11 7 12 10 8 11 9 9 10 12 12 7 7 4 12 7 11 12 10 9 8 11 6
split_gain=277.979 35.3263 31.928 27.2664 24.1237 18.3396 19.5844 16.9492 12.4499 11.5728 13.3551 11.0524 10.976 9.32447 8.34653 13.4452 8.20462 16.331 9.17863 8.73905 8.01512 10.4566 7.86873 11.687 7.13108 11.1045 6.8624 6.49813 6.16003 9.67676
threshold=0 18.500000000000004 1 9.5000000000000018 20.500000000000004 0.61964722907120651 2 -0.050882831031072537 111.50000000000001 -0.11027830303549406 -0.13539868829688215 0.054926875384448223 -0.037750267283982203 -0.16756605835600905 -0.041188157711932676 -0.087773263138061483 -0.036588249647068118 -0.010922586700824482 74.500000000000014 63.500000000000007 3.5000000000000004 -0.021738150377086606 5.5000000000000009 0.00059985853926119699 0.17633173866823754 -0.033484596106078186 -0.014372966815197423 0.2096754852379257 0.23049212039427355 3
decision_type=9 2 9 2 2 2 9 2 2 2 2 2 2 2 2 2 2 2 2 2 2 2 2 2 2 2 2 2 2 1
left_child=2 3 5 8 -3 6 12 -6 9 10 -2 -5 -1 -13 15 -14 -11 19 -19 -18 21 -17 -9 -24 28 -26 -20 -4 -8 -30
right_child=1 4 27 11 7 -7 24 22 -10 16 -12 13 14 -15 -16 20 17 18 26 -21 -22 -23 23 -25 25 -27 -28 -29 29 -31
leaf_value=-0.030628463236383144 0.14831760518846807 -0.028415389196790111 -0.056729143212382011 0.57966183111812986 0.023635655280503962 0.17891691780941366 -0.041422484490618472 0.082806231434653807 0.34988938894709781 0.048094446083096327 0.5147064285659837 0.45869716578875552 0.0053175438428430463 0.21406382002043578 0.047686848930678469 0.28091506979389608 0.45385220734799508 0.063468822292383556 0.080991019105909404 0.22162129030192845 0.37244554717197786 -0.045979486277507128 0.38437473738480232 0.1748567308328326 -0.003255543011799077 0.21628972081251116 0.31010979149209561 -0.097105176287996781 0.14517691339001129 -0.10793417345999695
leaf_weight=9.0404045507311803 1.9187057912349703 9.7872896417975443 135.30925523489714 2.4489712193608266 6.0791170746088072 5.1698727682232848 127.80630560219288 3.0923345983028385 4.9442191123962393 5.6119320988655117 2.066204145550727 2.9402097836136818 3.5022803619503975 3.3145574778318405 14.017902016639711 2.5555046945810318 2.6498024836182639 9.2156927883625013 2.0705209374427795 4.1711435988545418 2.9034940525889397 1.585713766515253 4.6158264651894552 6.2906365990638733 14.292845234274866 2.7465421110391608 3.5460875034332284 56.506422869861126 4.3463683724403372 2.3149472326040268
leaf_count=131 21 125 2033 24 89 59 1879 36 47 63 20 23 47 29 184 32 30 116 22 42 37 21 46 72 204 30 36 849 64 34
internal_value=-0.00145805 0.162816 -0.0368962 0.240656 0.100311 -0.00651015 -0.0120405 0.163061 0.202441 0.179112 0.338293 0.399572 0.0489978 0.32906 0.0982482 0.165449 0.155848 0.183774 0.124881 0.311838 0.245058 0.155744 0.223607 0.263529 -0.0270292 0.0321325 0.225647 -0.0652231 -0.0365361 0.0572155
internal_weight=456.861 74.7633 382.098 44.898 29.8652 190.282 185.112 20.0779 36.1943 31.2501 3.98491 8.70374 33.6053 6.25477 24.5649 10.547 27.2652 21.6532 14.8323 6.82095 7.04471 4.14122 13.9988 10.9065 151.507 17.0394 5.61661 191.816 134.468 6.66132
internal_count=6445 841 5604 473 368 2722 2663 243 397 350 41 76 452 52 321 137 309 246 174 72 90 53 154 118 2211 234 58 2882 1977 98
cat_boundaries=0 1 2 3 4
cat_threshold=82125 1051904 65600 1
is_linear=0
shrinkage=0.1


Tree=2
num_leaves=31
num_cat=5
split_feature=0 1 1 0 9 11 11 12 11 6 7 11 7 9 12 8 8 3 7 12 12 9 9 9 12 7 12 9 7 12
split_gain=201.012 28.61 23.7141 14.9329 20.6137 12.059 10.0551 7.62836 7.18671 8.02804 6.83427 6.11974 6.32172 5.95161 5.94887 12.2981 8.91269 7.65384 5.77306 5.58716 5.53549 12.0135 13.1598 18.8813 10.933 11.1096 10.3618 9.50348 7.54786 5.92224
threshold=0 1 2 3 0.61964722907120651 0.31419930206939634 -0.17932625146811329 0.0088538917928072877 -0.03032808624421663 4 8.5000000000000018 0.23049212039427355 8.5000000000000018 -0.23496807295582084 0.17633173866823754 0.17222514846706902 0.0064713331878659434 20.500000000000004 129.50000000000003 -0.07393992110021784 -0.010922586700824482 -0.14635065812801137 -0.096467906109855381 -0.12239647401664268 -0.00083119458914163809 8.5000000000000018 -0.11933487410762153 -0.17799597509522783 64.500000000000014 -0.07393992110021784
decision_type=9 9 9 9 2 2 2 2 2 1 2 2 2 2 2 2 2 2 2 2 2 2 2 2 2 2 2 2 2 2
left_child=1 3 19 6 8 7 -1 18 -5 11 -6 14 -13 -14 16 -16 17 -10 20 -2 21 26 23 -23 -22 -26 28 29 -4 -28
right_child=2 -3 5 4 10 -7 -8 -9 9 -11 -12 12 13 -15 15 -17 -18 -19 -20 -21 24 22 -24 -25 25 -27 27 -29 -30 -31
leaf_value=-0.10774137702676304 0.11371218217957163 -0.065186749532802554 0.34009372105763275 -0.073839982929838066 0.31071650859008654 0.37541118413263963 0.067707159559445201 0.033151825207336803 0.062794524605581395 -0.047795145211930457 0.078437020921904355 -0.024267083491978668 0.32947772001685627 0.062440617956578598 0.01034845667348063 0.285236720253214 -0.048502563799001752 -0.07168680030406431 0.2917346409057488 -0.080200573817710452 -0.0064159975229489061 0.20674139681490136 0.19172031155528474 0.57186366573972625 0.030757202615164722 0.20209781684935574 0.044460381115638138 -0.042590535351786619 0.11389331309699596 0.21024130361656534
leaf_weight=3.5982782691717139 1.7425261586904515 163.03853800520301 3.4372291713953009 29.50997269526124 2.1174362748861304 2.8398828878998748 35.429923832416534 4.117151550948619 17.60868535190821 56.775432609021664 3.1526909805834293 2.3457417264580718 1.5962102673947813 1.7492954730987547 8.4013592451810819 2.0185580030083647 37.25853056460619 5.5710517317056647 3.8830811083316794 10.087694264948366 4.7620650455355671 3.0883607268333435 12.872650630772116 2.6159588098526028 4.9605353474617031 15.958446137607096 3.6595726758241618 4.0571193695068368 2.5842190533876419 5.2407243773341179
leaf_count=54 18 2599 23 447 20 25 448 46 269 862 34 30 21 23 117 24 571 85 31 131 55 29 108 26 60 140 34 37 23 55
internal_value=-0.00194419 -0.0344999 0.127511 -0.00845596 -0.021601 0.152718 0.0410208 0.165278 -0.0291857 -0.019302 0.171762 0.00183085 0.101598 0.18985 -0.00618232 0.0636001 -0.0182132 0.0304731 0.173383 -0.0279838 0.166116 0.190581 0.247748 0.374184 0.130337 0.161468 0.134625 0.0842551 0.243016 0.142076
internal_weight=456.079 370.172 85.9072 207.133 168.105 74.077 39.0282 71.2371 162.835 133.325 5.27013 76.5494 5.69125 3.34551 70.8582 10.4199 60.4383 23.1797 67.12 11.8302 63.2369 37.5558 18.577 5.70432 25.681 20.919 18.9789 12.9574 6.02145 8.9003
internal_count=6445 5604 841 3005 2503 692 502 667 2449 2002 54 1140 74 44 1066 141 925 354 621 149 590 335 163 55 255 200 172 126 46 89
cat_boundaries=0 1 2 3 4 5
cat_threshold=82125 1052096 106562 65600 1
is_linear=0
shrinkage=0.1


Tree=3
num_leaves=31
num_cat=6
split_feature=0 11 1 11 11 10 2 9 0 8 8 11 8 10 12 4 6 3 9 4 3 12 11 8 9 0 11 8 3 9
split_gain=157.107 27.1044 24.4163 10.9966 10.2224 11.0138 9.6675 13.2852 11.4003 8.12354 7.90941 7.91684 7.00874 6.8226 8.64087 6.13234 6.11353 6.73458 6.77648 8.57793 6.0431 7.36152 6.68279 6.00119 8.72578 5.88889 11.9422 10.6837 5.58469 8.03281
threshold=0 -0.15187777148732182 1 0.27144792741245583 0.10502965217400319 0.21082620684275016 2 0.61964722907120651 3 0.2096754852379257 0.19418017880124397 -0.036538317417022743 0.16901573942430245 -0.1228114807074074 0.17633173866823754 4.5000000000000009 4 19.500000000000004 0.12535069299986826 2.5000000000000004 3.5000000000000004 0.26264254817630983 -0.03032808624421663 0.0040037820714198527 -0.19416839677737871 5 0.071105516319634285 0.092031308290997024 5.5000000000000009 -0.0089745931072593276
decision_type=9 2 9 2 2 2 1 2 9 2 2 2 2 2 2 2 1 2 2 2 2 2 2 2 2 9 2 2 2 2
left_child=1 -1 6 9 5 -3 7 13 10 25 11 -8 28 -2 23 -5 -10 18 20 -20 21 -18 -22 -15 -25 -4 -27 -28 29 -13
right_child=2 4 3 15 -6 -7 8 -9 16 -11 -12 12 -14 14 -16 -17 17 -19 19 -21 22 -23 -24 24 -26 26 27 -29 -30 -31
leaf_value=-0.031042360128039261 -0.10888141724219635 0.14719107570959583 -0.055506786147038703 0.14807486223700839 0.23217031987289852 -0.047726282594052573 -0.05813593661691091 0.36728568231281772 -0.080581778145387542 -0.096465786044178936 -0.036103003651562174 0.073600105963687157 0.2690389113232784 0.15757279088132939 0.2825717109893075 -0.10676382845200748 -0.071288970998788143 -0.05067878217948845 0.238794970553246 0.00020057294946152399 -0.071347357944431478 0.15968409152710858 0.027443227245994406 0.17783429363953995 -0.037027548230673897 -0.020920499178454816 0.36080536037147726 0.0075378530220520067 0.04529832025044709 0.33832646278640705
leaf_weight=8.7635475359857065 2.3279212675988736 51.331473354250193 111.99438752233982 3.9102665334939948 13.937379501760004 3.0724464766681185 3.9907446131110218 1.4325230717658985 18.409169603139162 48.850163109600544 9.3516548797488195 3.2235788255929947 2.0934998244047156 3.7671274617314365 1.7726570889353741 1.2448889315128324 19.197173044085506 41.74901919439435 2.5831151232123366 3.6163925938308239 8.3045744560658914 1.4867582693696011 39.024421595036983 2.4358713962137761 8.4359045512974173 18.349086031317714 1.6961044259369367 1.7285069227218626 14.598640680313109 1.7787016853690207
leaf_count=110 33 408 1858 63 98 34 57 10 286 836 120 35 21 56 20 21 292 624 35 46 131 20 568 33 125 277 21 26 161 20
internal_value=-0.00236851 0.119083 -0.0295573 -0.0545911 0.155759 0.136183 -0.00326901 0.0493172 -0.0119305 -0.0615643 0.0331714 0.071308 0.0951196 0.0513276 0.0740527 0.0865353 -0.0251738 -0.0185486 -0.000473346 0.0996144 -0.00959654 -0.0546867 0.010109 0.0488027 0.0111132 -0.0488188 0.00758869 0.1825 0.0765439 0.167731
internal_weight=454.458 77.1048 377.353 187.773 68.3413 54.4039 189.579 20.172 169.407 182.618 35.0368 25.6852 21.6944 18.7395 16.4116 5.15516 134.371 115.961 74.2124 6.19951 68.0129 20.6839 47.329 14.6389 10.8718 133.768 21.7737 3.42461 19.6009 5.00228
internal_count=6445 650 5795 3102 540 442 2693 277 2416 3018 414 294 237 267 234 84 2002 1716 1092 81 1011 312 699 214 158 2182 324 47 216 55
cat_boundaries=0 1 2 3 4 5 6
cat_threshold=8976 3072 29 66624 2 82052
is_linear=0
shrinkage=0.1


Tree=4
num_leaves=31
num_cat=6
split_feature=0 1 11 2 9 11 0 7 11 4 11 8 3 6 8 9 11 10 0 11 7 12 8 3 11 9 9 7 3 11
split_gain=120.463 21.6072 18.5104 8.19092 10.5223 11.4211 8.16782 7.66523 8.51391 7.84121 7.14238 8.03336 6.72162 6.54474 6.37019 8.69953 6.17961 8.06327 6.14385 7.02386 6.16177 5.90668 5.69305 5.42267 5.25186 4.70032 5.26168 4.4883 4.36845 4.33836
threshold=0 1 -0.15187777148732182 2 0.61964722907120651 0.0024520281878998912 3 67.500000000000014 -0.036538317417022743 2.5000000000000004 0.27144792741245583 0.2096754852379257 2.5000000000000004 4 0.22491110685650462 -1.0000000180025095e-35 0.10502965217400319 0.13038214617237895 5 0.1340814113170388 109.50000000000001 -0.14141601761104736 0.26470666456094566 11.500000000000002 -0.03032808624421663 -0.1304726924241176 -0.090898385971938403 10.500000000000002 7.5000000000000009 0.018272211659436228
decision_type=9 9 2 1 2 2 9 2 2 2 2 2 2 1 2 2 2 2 9 2 2 2 2 2 2 2 2 2 2 2
left_child=2 3 -1 4 5 14 13 12 -9 29 11 18 27 24 15 -2 17 -4 19 20 25 -12 -14 -19 -5 -3 -27 -8 -11 -10
right_child=1 10 16 6 -6 -7 7 8 9 28 21 -13 22 -15 -16 -17 -18 23 -20 -21 -22 -23 -24 -25 -26 26 -28 -29 -30 -31
leaf_value=-0.028687989472854492 0.34825062076734054 -0.10727546593339131 0.12349052155311054 -0.067496392449955742 0.32843514606482421 -0.031889562698273859 0.0036002978956644603 -0.047236537713037055 0.104788289256581 0.089893068952759392 0.16883302150869828 -0.096823655812998649 -0.055465443108087653 -0.05435502953343771 -0.041195414020648635 0.093449451852503737 0.18203603912789576 0.088494187657183906 -0.053448787015073024 0.22832029638107923 0.21545133915114892 -0.039682812342977249 0.082679629540646046 -0.11196002724441503 0.0023608806080362261 0.17686362480254744 -0.011172618137378021 0.23040124520230984 -0.049220959480795613 0.27822749214856135
leaf_weight=8.5462718084454519 2.1855816170573235 4.1656302586197915 53.88890665024519 12.704850159585474 1.5226010307669646 7.7176672481000423 1.7466926164925127 4.9721747338771847 2.7320515513420132 8.8423945605754835 2.5192266553640366 43.279985617846251 18.063763529062275 49.163234744220972 1.4773505330085752 3.463263563811779 15.874808229506014 2.9124527126550666 104.1434442922473 1.4701848998665799 1.2415103800594796 2.9485507048666468 3.5732480511069289 2.5148033797740936 70.372457168996334 1.7387787438929141 10.323444791138167 1.7435259670019148 3.0310450643301001 3.054825983941555
leaf_count=110 30 67 387 214 9 107 21 77 26 89 37 808 221 803 21 48 98 26 1808 18 21 46 42 29 1025 23 157 19 28 30
internal_value=-0.00264691 -0.0276887 0.0989528 -0.00405702 0.0484658 0.0523986 -0.0111321 0.0216163 0.0683546 0.100899 -0.0529864 -0.0597662 -0.0118788 -0.0236477 0.143683 0.192034 0.126621 0.11179 -0.0467356 0.0120415 0.000732823 0.0563889 -0.0326515 -0.00438939 -0.00832226 -0.0156942 0.015933 0.116898 0.0543801 0.196345
internal_weight=451.935 368.197 83.7372 196.367 16.3665 14.8439 180 47.7597 22.6325 17.6603 171.831 166.363 25.1272 132.241 7.1262 5.64885 75.191 59.3162 123.083 18.9395 17.4694 5.46778 21.637 5.42726 83.0773 16.2279 12.0622 3.49022 11.8734 5.78688
internal_count=6445 5795 650 2810 215 206 2595 553 250 173 2985 2902 303 2042 99 78 540 442 2094 286 268 83 263 55 1239 247 180 40 117 56
cat_boundaries=0 1 2 3 4 5 6
cat_threshold=8976 1182720 25 16516 1 2120
is_linear=0
shrinkage=0.1


Tree=5
num_leaves=31
num_cat=5
split_feature=0 1 1 2 0 9 8 8 11 9 11 10 8 4 12 12 10 10 10 3 3 7 3 7 7 3 3 3 12 9
split_gain=93.7426 21.1635 16.8873 9.94512 8.02966 7.52874 6.76534 7.88965 7.25529 7.67943 5.43258 5.34033 6.33901 5.3377 4.99699 5.20793 4.98753 4.35287 4.95479 4.33602 4.10965 5.59036 4.67892 4.90349 10.8565 4.10308 9.66974 7.61511 5.16875 4.58586
threshold=0 1 2 3 4 -0.007393160922857453 0.19418017880124397 0.18744430795739159 0.036971631133082709 -0.008394973701246115 0.043736930039214188 -0.16414341867606327 0.2096754852379257 1.5000000000000002 0.069831600374962083 -0.15621050735339606 1.0000000180025095e-35 -0.055431838665348017 0.0074235558744621738 3.5000000000000004 20.500000000000004 103.50000000000001 12.500000000000002 50.500000000000007 13.500000000000002 18.500000000000004 20.500000000000004 8.5000000000000018 -0.00045376456967503111 -0.16756605835600905
decision_type=9 9 9 1 9 2 2 2 2 2 2 2 2 2 2 2 2 2 2 2 2 2 2 2 2 2 2 2 2 2
left_child=2 3 19 5 6 -2 7 8 9 -5 17 14 -13 -11 15 -3 -7 -6 20 -1 22 -22 -19 24 -24 27 -27 -4 29 -29
right_child=1 11 25 4 10 16 -8 -9 -10 13 -12 12 -14 -15 -16 -17 -18 18 -20 -21 21 -23 23 -25 -26 26 -28 28 -30 -31
leaf_value=0.090656842518617733 0.028014138041984063 0.012231878556499411 0.097601308768925976 -0.047491153431747785 -0.10681430975257163 0.094538818812119493 -0.044720441886572197 0.2507652956486271 0.11898614752937442 0.21797697140661032 0.0027160865262647908 -0.051439906404534413 -0.099946245484193508 0.031356056955164115 -0.10636032798544422 0.25430119011872182 0.27054836064122945 -0.022819447925903513 -0.079379038831284554 -0.071822759498198704 -0.073509681922720935 0.15358004225027155 0.034697942382665638 -0.019404575875133157 0.33633503913649998 -0.019872187524295912 0.10652871148676744 0.23263320046152425 0.28502621900309455 0.096672747365829217
leaf_weight=1.9036710001528252 9.459277097135784 2.4824699945747852 47.637889072299004 11.094463936984543 8.7200989201664907 3.9180384539067736 9.2031214796006662 1.8989666961133469 8.0998780205845815 2.1103817820549056 44.818451464176178 105.58412133902311 36.171463537961245 5.5981430485844612 1.7108437120914457 1.384396389126777 2.7329346723854542 37.910432897508144 18.05622936040163 11.969799779355524 18.064298465847973 1.1532454751431931 4.9299947209656221 5.6900873072445393 1.5742310583591459 8.3280173465609568 22.14734810963273 3.8987270891666403 3.5711746215820304 6.8213576823472968
leaf_count=17 131 36 340 139 148 50 124 16 78 21 652 1898 737 62 31 24 22 616 304 146 309 20 79 91 24 81 169 19 20 41
internal_value=-0.00281373 -0.0283878 0.0751692 -0.00564252 -0.0134007 0.0526533 0.0236863 0.0537684 0.0398632 0.00577894 -0.0243097 -0.0562245 -0.0638172 0.0824477 0.0359382 0.0988963 0.166862 -0.0394437 -0.0327203 -0.0287819 -0.0205672 -0.059882 -0.00548809 0.0483927 0.107704 0.0920628 0.0719871 0.116808 0.18083 0.146119
internal_weight=448.644 342.366 106.278 195.032 178.922 16.1103 38.005 28.8018 26.9029 18.803 140.917 147.333 141.756 7.70852 5.57771 3.86687 6.65097 96.0986 87.3785 13.8735 69.3223 19.2175 50.1047 12.1943 6.50423 92.4045 30.4754 61.9291 14.2913 10.7201
internal_count=6445 5612 833 2886 2683 203 440 316 300 222 2243 2726 2635 83 91 60 72 1591 1443 163 1139 329 810 194 103 670 250 420 80 60
cat_boundaries=0 1 2 3 4 5
cat_threshold=12048 1051776 2203714 25 65600
is_linear=0
shrinkage=0.1


Tree=6
num_leaves=31
num_cat=5
split_feature=0 1 1 8 11 12 3 9 10 9 9 12 11 3 6 4 3 3 8 7 7 8 9 7 4 4 6 11 9 8
split_gain=73.0401 18.4122 15.9907 13.2277 10.3094 9.33977 9.30246 7.8084 7.48178 6.07329 12.1456 8.91547 6.42496 6.15962 5.83382 4.93809 5.44786 4.8723 5.36029 5.87348 8.67258 10.3119 4.77547 4.62506 4.51871 5.48217 4.39553 4.34494 8.64439 11.9936
threshold=0 1 2 0.39411443074654007 0.052171581723326532 0.0013517330493357683 22.500000000000004 0.61964722907120651 0.16070746550705539 -0.14635065812801137 -0.073380382516471623 -0.12158645039389988 0.02709917700859317 19.500000000000004 3 3.5000000000000004 18.500000000000004 20.500000000000004 0.00032068571788706584 94.500000000000014 100.50000000000001 0.059787455298176244 -0.034354656285897303 111.50000000000001 5.5000000000000009 1.5000000000000002 4 0.066701453097480254 -0.062861001927960722 0.35444043473811127
decision_type=9 9 9 2 2 2 2 2 2 2 2 2 2 2 1 2 2 2 2 2 2 2 2 2 2 2 1 2 2 2
left_child=2 4 7 5 -2 6 8 14 9 11 -11 -3 24 -14 -1 -7 -17 18 23 27 -21 -22 -19 -16 25 -12 -9 -20 -29 -30
right_child=1 3 -4 -5 -6 15 -8 26 -10 10 12 -13 13 -15 17 16 -18 22 19 20 21 -23 -24 -25 -26 -27 -28 28 29 -31
leaf_value=-0.062586528375724107 -0.06075211624282835 0.11628001028528077 -0.054329018713795862 -0.090913353988238285 0.094792729934219888 -0.040432724129406586 0.23770987089594298 0.032908615917782873 0.20218109768072054 0.19559090862303347 0.025062254492256915 -0.0085487813128106785 0.058354805442650586 -0.11454120726513034 0.054132834212362924 0.1331992274216543 -0.041044355500025179 0.0022341916037209022 -0.036249537800176888 0.22875482330333086 0.15638182274971346 -0.06150326996773417 -0.073652249711189249 -0.10841879165204488 -0.0197424952590665 0.13044723426148472 0.19864581325497691 -0.015190270288026598 0.23535737035550386 -0.10830130967044792
leaf_weight=20.282749701291323 20.520264104008678 9.628046005964281 138.05965877696872 4.3195819035172454 5.3778191544115534 7.7525624707341176 4.6493217684328547 4.103216052055358 5.796611499041318 11.205261524766682 6.0962415039539328 14.101542603224514 7.2211715281009656 2.8832993656396866 25.686223737895492 5.1086608693003654 2.7658545486629009 15.360746201127766 47.280355580151081 2.3583947159349909 3.3387367986142618 6.216401994228363 18.021478176116943 1.8783926777541626 2.9105780757963648 25.941496882587671 2.6231926083564758 18.056696053594354 3.4628898911178103 1.4369412027299402
leaf_count=352 262 61 2665 53 49 82 35 41 45 77 53 128 65 29 353 49 30 239 748 33 39 90 311 27 25 174 15 250 44 21
internal_value=-0.00281423 0.0557989 -0.029585 0.0739244 -0.0205268 0.0876078 0.0999436 -0.00760105 0.0924769 0.0845268 0.102423 0.0420993 0.0792504 0.00901912 -0.0123951 0.0162212 0.0719977 -0.00528095 0.00489737 -0.00790623 0.0570177 0.0146297 -0.0387333 0.0430557 0.0995562 0.110394 0.0975435 -0.0189186 0.0167755 0.134575
internal_weight=444.444 136.278 308.166 110.38 25.8981 106.061 90.4336 170.106 85.7842 79.9876 56.258 23.7296 45.0528 10.1045 163.38 15.6271 7.87452 143.097 109.715 82.1504 11.9135 9.55514 33.3822 27.5646 34.9483 32.0377 6.72641 70.2369 22.9565 4.89983
internal_count=6445 1217 5228 906 311 853 692 2563 657 612 423 189 346 94 2507 161 79 2155 1605 1225 162 129 550 380 252 227 56 1063 315 65
cat_boundaries=0 1 2 3 4 5
cat_threshold=84109 1024105 1182784 2 1
is_linear=0
shrinkage=0.1


Tree=7
num_leaves=31
num_cat=6
split_feature=0 1 1 2 11 9 0 7 6 8 9 4 9 8 10 11 11 10 10 3 10 11 3 8 9 3 9 8 9 8
split_gain=62.2198 17.1731 9.09099 7.44969 6.16736 9.18664 7.59564 7.50377 5.88829 5.52073 5.37926 5.14514 5.6062 5.00197 5.16028 4.96281 4.6517 4.55528 4.88206 5.66215 4.30314 5.28047 4.78359 4.689 6.96722 4.13178 3.80668 5.78747 9.95365 3.47508
threshold=0 1 2 3 -0.036538317417022743 0.098849189482427921 4 29.500000000000004 5 0.0040037820714198527 0.61964722907120651 3.5000000000000004 -0.12599609317539781 0.2096754852379257 -0.20459515077247328 0.063619999544440115 -0.29078639131744355 0.35402840608445918 0.058254380239828062 18.500000000000004 -0.14371684141421301 0.017166157469861734 1.5000000000000002 0.092031308290997024 -0.16336567049626677 4.5000000000000009 -0.20136476803307254 0.086777475684537433 -0.044356116576746797 0.05101807561996629
decision_type=9 9 9 1 2 2 9 2 1 2 2 2 2 2 2 2 2 2 2 2 2 2 2 2 2 2 2 2 2 2
left_child=1 3 11 9 5 -5 8 -8 -6 -1 -11 -2 -13 15 -15 16 -3 18 20 -20 -4 22 -22 -23 -25 -9 -27 28 -28 -17
right_child=2 13 17 4 6 -7 7 25 -10 10 -12 12 -14 14 -16 29 -18 -19 19 -21 21 23 -24 24 -26 26 27 -29 -30 -31
leaf_value=0.17660855284545574 -0.081946192600246562 0.13651478843859197 -0.015002580941802166 -0.068460550064459322 -0.00094053085330540308 0.20601018632607399 -0.030754114216892087 0.16841929797660066 -0.04822396738873868 0.013744812926115374 0.194836301234943 -0.046164521686610255 0.17293357787165492 0.049249211357372723 -0.098643235457251136 0.13944628843472556 -0.058769246571312633 0.18395388425383347 0.061580920014060382 -0.061204796204690694 -0.054110078066269787 0.16161943010890051 0.076133409886671166 0.12723279494594855 -0.033222470062906372 0.16144202906911054 0.25400132473435705 -0.065986821923329095 0.026543592776469567 -0.012600280513711419
leaf_weight=3.8129190653562572 8.7701937295496446 1.2394821681082238 4.280499815940856 26.476561695337299 73.478877667337656 1.2783283218741406 9.8806289173662645 3.8170139752328422 41.051525253802538 11.302443027496334 1.918784752488137 2.7455717138946056 2.0323400236666194 2.5427522771060458 32.6991236358881 1.6312237903475786 76.703305616974831 3.7660568952560416 12.474699661135675 5.3733754679560652 3.0113952383399001 14.648840393871071 44.358618300408125 8.9753987044095975 3.8742705062031737 2.8427374511957195 2.3848775997757956 4.1515198647975913 9.9531712979078257 19.150437336415052
leaf_count=41 108 25 29 491 1098 22 113 32 740 154 8 35 17 39 759 32 1514 24 83 54 25 88 304 49 25 23 18 42 99 354
internal_value=-0.00291699 -0.0251378 0.0576692 -0.00494936 -0.0118937 -0.055819 -0.00443778 0.0323945 -0.016452 0.0444842 0.0400265 -0.0209772 0.0470314 -0.0517672 -0.0879726 -0.0440866 -0.0556637 0.0691828 0.0718591 0.0246148 0.0825127 0.088088 0.0678536 0.122944 0.0788543 0.0733415 0.0545691 0.0361446 0.0705099 -0.000665624
internal_weight=440.627 326.316 114.311 192.349 175.315 27.7549 147.56 33.0299 114.53 17.0341 13.2212 13.5481 4.77791 133.966 35.2419 98.7244 77.9428 100.763 96.9971 17.8481 79.149 74.8685 47.37 27.4985 12.8497 23.1493 19.3323 16.4896 12.338 20.7817
internal_count=6445 5604 841 2881 2678 513 2165 327 1838 203 162 160 52 2723 798 1925 1539 681 657 137 520 491 329 162 74 214 182 159 117 386
cat_boundaries=0 1 2 3 4 5 6
cat_threshold=82125 1051776 892930 25 16516 1
is_linear=0
shrinkage=0.1


Tree=8
num_leaves=31
num_cat=5
split_feature=0 1 11 0 9 1 3 4 11 9 3 11 9 11 11 8 0 12 8 8 11 11 8 7 7 11 12 8 7 8
split_gain=50.9218 13.7071 8.00414 6.43287 6.2794 5.28195 10.122 7.37572 10.76 7.03419 5.27995 7.45191 5.23614 4.42723 8.50496 4.68127 5.42255 4.38599 13.4428 4.57713 6.73507 4.24734 6.39741 5.61537 4.41801 7.69479 3.99492 11.4821 3.89728 3.69855
threshold=0 1 -0.081420168194863182 2 0.61964722907120651 3 6.5000000000000009 1.5000000000000002 0.039650264339399645 -0.031199973364970993 19.500000000000004 0.020067099252354167 -0.23253003915849449 -0.0033044686584940935 -0.40874738777504938 0.35444043473811127 4 -0.15621050735339606 0.24724963677954195 0.26171587846569438 0.10977135826357586 0.063619999544440115 0.1998441966793281 71.500000000000014 26.500000000000004 0.18039109235786621 0.1528714598900566 0.1841944830095204 8.5000000000000018 0.13563015599932987
decision_type=9 9 2 9 2 9 2 2 2 2 2 2 2 2 2 2 9 2 2 2 2 2 2 2 2 2 2 2 2 2
left_child=2 21 12 5 13 -3 7 -7 9 -9 -8 -12 -1 14 -5 16 -15 18 -18 29 -21 -2 23 24 28 -26 -16 -28 -23 -19
right_child=1 3 -4 4 -6 6 10 8 -10 -11 11 -13 -14 15 26 -17 17 19 -20 20 -22 22 -24 -25 25 -27 27 -29 -30 -31
leaf_value=0.088748374942683839 -0.066191637177806156 -0.0030038938894725083 0.074125461536181117 0.19832292078730429 0.073133293540413494 -0.0082005157133647529 -0.052972369418405232 0.46556485276181547 0.067833168839758845 0.18446965170764221 0.21428025833586095 -0.031014844972949353 -0.05063266030114956 -0.042385630377743511 -0.072266199682870888 -0.1068180155038374 0.33078740065018564 0.0072004637776569881 -0.059254879533715166 -0.03713423072950716 0.26184626577665798 0.049611196588546319 -0.078912255062148759 -0.083327834620394628 0.046229889104892292 0.32905919642426462 0.22505861553525441 -0.1071703388108417 -0.10717038461270499 -0.04213447810679128
leaf_weight=3.805060699582099 79.291838072240353 43.559483118355274 85.271537277847528 1.3164196461439122 7.2939245812594882 1.8585126735270039 5.2303955443203431 1.8804349415004251 2.6960114650428295 1.6906181126832964 2.4659596160054207 2.4880688339471817 9.2411803826689702 23.860832069069147 32.642822917550802 5.0454972833394995 1.583685360848903 67.973498038947582 1.9989170692861078 1.4218893982470029 1.6027362756431101 5.735757011920219 11.307694785296915 4.0836480110883704 3.2828199081122875 1.3606367968022821 1.7754899375140656 2.5121593959629536 2.1912369355559349 19.570934414863586
leaf_count=34 1716 452 504 27 63 20 75 20 26 22 36 33 112 448 638 89 19 1114 28 24 21 106 251 72 63 20 22 45 39 306
internal_value=-0.00285331 -0.0213813 0.057152 -0.00666573 -0.0166359 0.0190381 0.0540142 0.166754 0.218637 0.332488 0.0171019 0.0910853 -0.00998085 -0.0217264 -0.051443 -0.0124904 -0.00845754 0.00419693 0.113163 0.000350002 0.121294 -0.0497369 -0.0208635 0.0185501 0.0516462 0.129105 -0.0603462 0.0304037 0.0062725 -0.00382857
internal_weight=436.04 337.722 98.3178 230.468 168.599 61.8695 18.31 8.12558 6.26706 3.57105 10.1844 4.95403 13.0462 161.305 38.2469 123.058 118.012 94.1517 3.5826 90.5691 3.02463 107.254 27.9618 16.6541 12.5705 4.64346 36.9305 4.28765 7.92699 87.5444
internal_count=6445 5795 650 3528 2844 684 232 88 68 42 144 69 146 2781 732 2049 1960 1512 47 1465 45 2267 551 300 228 83 705 67 145 1420
cat_boundaries=0 1 2 3 4 5
cat_threshold=8976 897582 68672 2112 132
is_linear=0
shrinkage=0.1


Tree=9
num_leaves=31
num_cat=5
split_feature=0 1 1 9 2 0 9 12 8 11 12 10 11 7 8 9 3 8 11 7 10 3 7 3 8 3 7 10 11 3
split_gain=41.0827 11.7774 6.66268 10.3827 5.70199 5.18244 6.44068 4.80023 10.9726 4.83226 5.65889 4.79577 4.77783 9.74302 4.69111 4.31349 5.46956 4.13136 6.63782 4.58364 4.11418 3.93525 3.98934 8.01892 8.49448 4.02967 7.09786 9.25305 3.90907 3.81717
threshold=0 1 2 -0.22704994068232445 3 4 0.61964722907120651 -0.15621050735339606 0.24724963677954195 -0.38675253544220523 -9.0504352433345839e-05 -0.0065708592346501483 0.15441907191378565 34.500000000000007 0.13563015599932987 -0.089345257047556983 6.5000000000000009 0.1998441966793281 0.063619999544440115 71.500000000000014 -0.0021190682454803817 2.5000000000000004 85.500000000000014 17.500000000000004 0.21145571137761812 19.500000000000004 90.500000000000014 0.0027530474460865204 -0.16539035055541271 7.5000000000000009
decision_type=9 9 9 2 1 9 2 2 2 2 2 2 2 2 2 2 2 2 2 2 2 2 2 2 2 2 2 2 2 2
left_child=2 17 3 -1 5 6 7 8 -3 -9 12 15 -11 -14 -12 16 -7 18 -2 29 -13 -22 23 -23 -25 26 -24 -28 -16 -20
right_child=1 4 -4 -5 -6 11 -8 9 -10 10 14 20 13 -15 28 -17 -18 -19 19 -21 21 22 25 24 -26 -27 27 -29 -30 -31
leaf_value=0.147365050716497 -0.055526677255358314 0.27745694537044735 0.064250899426662469 -0.041166139913034895 -0.032899771192540526 0.075828367169407079 0.096189707378094652 0.15978628983797244 -0.060476096062319684 -0.06925980687392122 0.0081196797845775794 0.16562223216245364 0.21934537064438986 -0.073781335380370267 0.11274890345888211 -0.091594340985277689 -0.057791085217217958 -0.083663103697388747 -0.018287423794240379 -0.080906857125416121 0.1417631032781595 -0.054086829456271003 0.27140454789256269 0.022028003111916675 0.26443093725960237 -0.037019824933585167 -0.057259290979282423 0.16785380605501532 -0.062450031196063627 0.090518951749976109
leaf_weight=3.497700463980439 56.329185869544744 1.7784583345055573 79.85029049217701 17.719233807176352 51.220549892634153 7.1110351309180277 5.4867126792669287 1.501952726393937 2.0899445787072182 29.848944719880819 58.753006730228662 2.8534826152026644 1.8349201381206501 2.9681237898766994 1.375186994671824 5.0062073171138755 5.3820917531847954 28.894169125705957 5.6526653245091456 3.8000124767422667 3.4711131043732157 11.096088912338024 2.0222664028406125 6.5807674564421159 1.8526209667325018 2.5154368057847014 3.5131596699357033 3.8019464686512947 17.228966772556305 7.5052913203835487
leaf_count=30 1224 16 470 150 876 67 45 27 32 580 968 32 29 50 29 60 64 743 101 72 32 115 16 77 21 27 36 38 291 127
internal_value=-0.00291969 -0.0199777 0.0500505 -0.00685505 -0.00645761 0.00249309 -0.00897802 -0.0146588 0.0948851 -0.018392 -0.0207812 0.0254846 -0.0543646 0.0382027 -0.00573758 -0.0131639 0.0182645 -0.0470363 -0.0390139 0.0158363 0.0501796 0.0407282 0.029553 0.00177676 0.0752783 0.075319 0.105582 0.0597408 -0.0494996 0.0437757
internal_weight=432.542 331.474 101.067 21.2169 229.293 178.072 122.866 117.38 3.8684 113.511 112.009 55.2062 34.652 4.80304 77.3572 17.4993 12.4931 102.181 73.2872 16.958 37.7069 34.8534 31.3823 19.5295 8.43339 11.8528 9.33737 7.31511 18.6042 13.158
internal_count=6445 5795 650 180 3528 2652 2067 2022 48 1974 1947 585 659 79 1288 191 131 2267 1524 300 394 362 330 213 98 117 90 74 320 228
cat_boundaries=0 1 2 3 4 5
cat_threshold=8976 897582 2908417 797 16524
is_linear=0
shrinkage=0.1


Tree=10
num_leaves=31
num_cat=7
split_feature=0 1 1 11 7 12 11 12 10 4 11 0 2 6 11 12 11 11 10 12 11 12 4 8 8 9 2 10 10 12
split_gain=34.3807 12.3893 9.94556 8.28723 8.01241 5.80548 5.64146 5.06666 16.5922 4.98777 4.92864 4.03868 4.2547 7.21085 5.87485 10.1167 5.72746 13.301 6.01269 4.76145 4.1369 4.02928 4.35637 3.7113 5.93054 6.07508 5.72368 3.60914 6.67311 4.50767
threshold=0 1 2 0.071105516319634285 96.500000000000014 0.0010477557230651683 -0.03032808624421663 0.48452778313389405 -0.12521718774343901 4.5000000000000009 -0.37828953706399376 3 4 5 0.16765532550389617 0.17633173866823754 0.12539187393828236 0.14720080873246819 -0.087773263138061483 0.030479383880829342 0.16765532550389617 0.036194918184238492 3.5000000000000004 0.47207975348085091 0.26171587846569438 -0.27620152152996064 6 -0.0021271774870235817 -0.013938153897332696 -0.031642121609986355
decision_type=9 9 9 2 2 2 2 2 2 2 2 9 1 1 2 2 2 2 2 2 2 2 2 2 2 2 1 2 2 2
left_child=1 6 3 -2 5 23 -1 9 -9 10 -3 -8 14 -14 15 19 18 -18 -15 -13 -19 -7 -23 24 25 -4 27 28 -27 -29
right_child=2 7 4 -5 -6 21 11 8 -10 -11 -12 12 13 16 -16 -17 17 20 -20 -21 -22 22 -24 -25 -26 26 -28 29 -30 -31
leaf_value=-0.04965169631678714 -0.055698469967479264 0.1640040938171643 -0.082406285874264434 0.067374061476760047 0.099127435060718527 -0.062542285015498827 -0.032377300010968446 -0.067124029339209829 0.42146323508410682 -0.094082128389568517 -0.047958842218101524 0.087267145378757183 -0.068808503271857308 -0.092213183363108867 -0.070349379243574567 0.33494836260505267 0.34982556579531154 -0.10968338544393381 0.0085607050422293156 -0.10698102388008823 0.059606582855650569 -0.040736225860063903 0.11074644994685479 -0.076073347649261269 0.14730276512121071 0.062175404160643703 -0.016208500161486662 0.16924504957024564 -0.060272243780562451 0.07041459563209479
leaf_weight=24.683230131864548 21.783698409795765 1.1131999418139447 3.7250940948724738 7.3063349351286879 24.615204725414515 9.215442858636381 17.95698981359601 2.6032491326332097 0.94823066145181556 28.188851576298475 75.389605592936277 11.825599964708092 13.225677836686373 6.5022461414337149 2.5131013318896285 1.5708846189081658 1.5168526098132122 1.6899214275181282 66.198239021003246 1.4126446731388558 9.8986829072236997 3.7558415643870822 3.8388547077775002 2.4288029670715323 5.7635944969952098 21.181812647730116 13.909031193703411 5.369913224130868 5.6346291340887538 32.827252898365259
leaf_count=507 295 25 25 59 151 102 347 53 19 672 1758 149 260 106 35 21 21 25 933 24 126 38 34 26 47 138 119 32 41 257
internal_value=-0.00276744 -0.0244135 0.0325768 -0.0184462 0.0443065 0.0358869 -0.00537374 -0.0495605 0.0633268 -0.058124 -0.0448745 0.00236343 0.00967605 -6.99259e-05 0.0450267 0.0950107 0.0105169 0.0713675 -0.000452393 0.066539 0.0349197 -0.0180971 0.035833 0.0458768 0.0492269 0.0423874 0.0482776 0.0559595 0.0364469 0.0843086
internal_weight=428.593 267.237 161.356 29.09 132.265 107.65 158.994 108.243 3.55148 104.692 76.5028 134.311 116.354 99.0316 17.3222 14.8091 85.8059 13.1055 72.7005 13.2382 11.5886 16.8101 7.5947 90.8401 88.4113 82.6477 78.9226 65.0136 26.8164 38.1972
internal_count=6445 5081 1364 354 1010 859 2554 2527 72 2455 1783 2047 1700 1471 229 194 1211 172 1039 173 151 174 72 685 659 612 587 468 179 289
cat_boundaries=0 1 2 3 4 5 6 7
cat_threshold=82061 1084416 2990659 132 1180 2 427
is_linear=0
shrinkage=0.1


Tree=11
num_leaves=31
num_cat=4
split_feature=0 1 11 2 12 11 8 10 11 10 12 10 8 11 12 3 9 4 12 11 4 12 7 12 9 7 7 7 6 9
split_gain=28.6686 8.99604 5.55956 4.76579 5.05052 5.89989 4.12 4.76057 4.31981 3.77177 5.85008 5.61322 4.27514 4.16222 4.64681 5.07767 8.15956 4.3182 5.5446 5.54379 4.69368 7.5606 5.80467 5.06407 11.2138 4.70195 4.56993 6.72397 4.15703 5.73871
threshold=0 1 -0.15187777148732182 2 0.069372370349033055 0.081873619674320719 0.2096754852379257 -0.20459515077247328 0.063619999544440115 -0.026868939965529141 -0.11658787507893016 -0.024639288450117331 0.22208585661367952 -0.0033044686584940935 -0.026054202337324972 8.5000000000000018 -0.06413930694921198 5.5000000000000009 -0.00019508726451929304 -0.0008066153419671742 3.5000000000000004 0.001530062644280365 83.500000000000014 0.0070863513362422409 -0.049225552786316289 35.500000000000007 90.500000000000014 97.500000000000014 3 0.098849189482427921
decision_type=9 9 2 1 2 2 2 2 2 2 2 2 2 2 2 2 2 2 2 2 2 2 2 2 2 2 2 2 1 2
left_child=2 3 -1 9 -5 -6 8 -8 -3 10 12 -11 -2 28 15 -15 -17 18 -16 -20 21 22 -21 25 -25 -22 -24 -28 29 -13
right_child=1 6 -4 4 5 -7 7 -9 -10 11 -12 13 -14 14 17 16 -18 -19 19 20 23 -23 26 24 -26 -27 27 -29 -30 -31
leaf_value=-0.032788156702301535 0.094462456984879928 -0.045751512396759376 0.051249462382256285 -0.050693400916209733 -0.032557238205644705 0.16170776706702844 0.055564107389130639 -0.091248161413379048 0.0069612837705193727 0.20048578458339594 -0.041634276371759704 -0.011707155583530535 -0.024086198780904247 0.013516393784769556 -0.053915247083770969 0.25513350091458864 0.035001494521267613 -0.05364239204981186 0.19659049312307897 -0.001695772761561228 0.11056039964871643 -0.08412901149312639 0.21650042509761855 0.043477049615619372 0.36456663652452442 -0.0056072452980382576 -0.10975732472024753 0.12055128197433192 -0.0657645554168763 0.16364255158637561
leaf_weight=8.5769607275724393 6.4994366876780969 62.399372462183237 95.796842828392982 38.723444547504187 3.9498470760881892 2.5874584093689919 2.4307934157550362 24.172699924558401 20.705063462257385 1.5786621831357468 34.209641879424453 14.920628024265172 5.718422744423151 6.6253445558249933 8.6655921116471273 3.128074835985899 3.647030983120203 8.8802862428128702 1.9737892113625992 19.407814338803295 5.4578268565237549 7.6089519038796416 2.3400711677968484 3.1546605564653873 1.6600381433963765 9.6354003325104696 1.8051026649773119 4.2577520757913589 12.456867702305319 2.1332423202693453
leaf_count=110 65 1453 540 686 64 39 39 726 360 20 569 220 80 66 124 26 35 126 34 284 82 112 23 40 20 140 27 55 255 25
internal_value=-0.00282857 -0.0176298 0.0404666 -0.00474776 -0.0302784 0.0443326 -0.0399421 -0.0778337 -0.0326184 0.00354924 -0.0204206 0.013172 0.0389772 0.0106609 0.0215328 0.0757645 0.136637 0.0118232 0.020636 0.0319103 0.0260354 0.00419924 0.0283656 0.0648858 0.154184 0.0363999 0.097797 0.0519812 -0.02185 0.0102271
internal_weight=425.107 320.733 104.374 211.025 45.2608 6.53731 109.708 26.6035 83.1044 165.765 46.4275 119.337 12.2179 117.758 88.2477 13.4005 6.77511 74.8473 65.967 57.3014 55.3276 35.4197 27.8107 19.9079 4.8147 15.0932 8.40293 6.06285 29.5107 17.0539
internal_count=6445 5795 650 3217 789 103 2578 765 1813 2428 714 1714 145 1694 1194 127 61 1067 941 817 783 501 389 282 60 222 105 82 500 245
cat_boundaries=0 1 2 3 4
cat_threshold=8976 1199232 797 4
is_linear=0
shrinkage=0.1


Tree=12
num_leaves=31
num_cat=4
split_feature=0 1 12 8 1 10 9 7 7 6 7 7 7 12 12 3 12 8 9 9 8 8 7 8 9 8 10 8 8 7
split_gain=24.0168 10.8343 8.89679 7.9267 6.96291 6.79399 6.60241 5.78758 6.35886 4.90148 4.97569 6.28368 4.82402 5.30509 5.77276 4.31233 7.54241 5.86316 4.71942 7.79298 4.06254 9.78212 3.89657 3.64251 8.48408 3.74175 3.72137 3.49103 5.51933 3.3464
threshold=0 1 -0.07393992110021784 0.39411443074654007 2 0.78863600642067055 0.61964722907120651 79.500000000000014 68.500000000000014 3 111.50000000000001 94.500000000000014 104.50000000000001 0.0010477557230651683 0.069372370349033055 8.5000000000000018 0.0011710093050480981 0.011252350275485658 -0.15010045399865227 -0.16946326875093951 0.25977452260912293 0.20865589485723204 68.500000000000014 0.1615316523382285 -0.1574489029536654 0.20036606214016683 0.0015133580892717523 0.097909804793618313 0.050442957126145792 6.5000000000000009
decision_type=9 9 2 2 9 2 2 2 2 1 2 2 2 2 2 2 2 2 2 2 2 2 2 2 2 2 2 2 2 2
left_child=4 2 -2 12 6 7 9 8 15 10 11 23 13 -3 -15 -6 18 -18 19 -17 21 27 -16 24 -1 -25 -26 28 -10 -4
right_child=1 3 29 -5 5 -7 -8 -9 20 -11 -12 -13 -14 14 22 16 17 -19 -20 -21 -22 -23 -24 25 26 -27 -28 -29 -30 -31
leaf_value=0.24607806018706466 0.080822930667543758 0.041436570589359664 0.011010024524316112 -0.093305407283625186 -0.061277650912931962 0.17690595914591589 0.096243321618580971 -0.086231676452039496 0.0078010048475249255 -0.033360467259870352 -0.10862673999121375 0.17016468560111414 0.0811876007778322 -0.066803211623018652 0.0028625518505561967 -0.022842593256574253 0.22393372146025745 0.017446515207678839 -0.06995581734133488 0.27934732071579782 -0.10508023909931351 0.36950429823272862 0.16885034653425768 -0.092704907717650276 0.031416840137175973 0.0019334131632818949 -0.055788381304180484 -0.10518544314775413 0.28491302817404157 -0.089939699091937914
leaf_weight=1.6922502480447281 4.8470667786896255 104.79717160761356 4.1026987619698074 4.5088422913104287 47.258660266175866 1.4054652266204346 6.1994190141558638 25.928801288828254 2.6188152767717834 49.385512545704842 3.4192995876073828 2.5133347176015368 25.136093026027083 10.109686376526954 4.7069867178797713 4.7605882696807384 1.5199256241321553 14.435321146622298 22.240775039419535 1.03977128304541 1.2768106907606123 1.0442553069442508 2.0217038467526436 5.8671442754566696 29.284728795289993 14.5087963193655 5.8752381876111022 1.3393736109137533 0.99062864109873761 16.45005258359015
leaf_count=26 41 805 73 57 1088 23 47 605 57 920 55 40 180 118 45 104 34 319 510 24 35 21 20 92 445 270 102 30 16 243
internal_value=-0.00273934 0.0246377 -0.0294518 0.0349823 -0.0225974 -0.0386549 -0.00389753 -0.0441952 -0.0331324 -0.00975992 0.00869339 0.0154082 0.0413067 0.0330653 -0.0190351 -0.040303 -0.017773 0.0371169 -0.0490051 0.0313279 0.0568756 0.0913799 0.0527353 0.00861163 0.0273712 -0.0253172 0.0168448 0.0326926 0.0838557 -0.0697883
internal_weight=421.285 176.68 25.3998 151.28 244.605 125.859 118.746 124.454 98.5249 112.546 63.1608 59.7415 146.772 121.636 16.8384 91.255 43.9964 15.9552 28.0411 5.80036 7.26988 5.99307 6.72869 57.2282 36.8522 20.3759 35.16 4.94882 3.60944 20.5528
internal_count=6445 1582 357 1225 4863 2866 1997 2843 2238 1950 1030 975 1168 988 183 2079 991 353 638 128 159 124 65 935 573 362 547 103 73 316
cat_boundaries=0 1 2 3 4
cat_threshold=18573 761961 165952 1
is_linear=0
shrinkage=0.1


Tree=13
num_leaves=31
num_cat=5
split_feature=0 1 1 8 11 7 12 12 9 4 11 4 2 9 7 3 10 7 7 7 10 8 8 3 9 3 7 6 7 11
split_gain=20.9511 8.68207 7.3289 4.7379 4.591 4.17611 4.57896 4.01699 11.5664 5.85502 4.64766 3.35147 3.23901 4.78954 3.42436 4.40719 5.47732 4.56115 5.836 4.15395 3.09444 5.46876 12.6162 2.98931 5.4414 4.0937 4.96686 3.08115 4.04976 3.83163
threshold=0 1 2 0.44863997319293986 -0.03032808624421663 96.500000000000014 0.0010477557230651683 0.48452778313389405 -0.07654608637095002 4.5000000000000009 -0.37828953706399376 1.0000000180025095e-35 3 -0.2291956316687867 63.500000000000007 3.5000000000000004 -1.0000000180025095e-35 77.500000000000014 68.500000000000014 85.500000000000014 -0.20459515077247328 0.19813925140715322 0.19036988841771263 20.500000000000004 -0.034354656285897303 22.500000000000004 13.500000000000002 4 6.5000000000000009 0.0031708242839081978
decision_type=9 9 9 2 2 2 2 2 2 2 2 2 1 2 2 2 2 2 2 2 2 2 2 2 2 2 2 1 2 2
left_child=1 4 11 5 -1 6 12 9 -9 10 -3 -2 13 -4 -14 -16 19 18 -18 -17 -12 22 -22 27 25 -25 -27 28 29 -6
right_child=2 7 3 -5 23 -7 -8 8 -10 -11 20 -13 14 -15 15 16 17 -19 -20 -21 21 -23 -24 24 -26 26 -28 -29 -30 -31
leaf_value=-0.04617800424903503 0.055545826837781781 0.16696270830978863 0.079540078557501115 -0.08497453257761535 0.14249804825500056 0.070469789118693324 -0.02014602825513662 -0.066278497587192869 0.31129042443744381 -0.095418150431632195 0.077877862337698792 -0.075185134237110429 0.064693791459931135 -0.04099726770834225 -0.05791671204363328 0.031573750980758042 -0.091400800110800234 0.11606566826455543 0.095778875730386182 -0.07911037808173324 -0.036672203977081062 -0.096847931686360494 0.27931151071420024 -0.0087443402708869515 -0.059755337332789427 0.014280082338644629 0.27811706086134175 0.015573180024766301 -0.080117208855794028 -0.047024923138554768
leaf_weight=23.428747605532408 2.3379373289644709 1.0958178490400303 4.3050788007676628 3.3156486563384524 1.9813899770379064 28.265967136248946 17.117130022495985 2.5623137578368191 1.1872917674481858 23.389259193092585 2.1298117972910395 12.163187839090822 45.962970705702901 14.070634027943013 5.5815360322594634 10.014866564422844 3.0342599041759994 10.900310937315224 3.6930748820304871 5.1263112537562838 47.042587406933308 15.261655520647762 1.2984473332762707 7.0671472884714621 18.174781700596213 1.5908038653433325 1.2938708700239656 94.249433100223541 7.9338003247976303 2.3108724802732468
leaf_count=529 33 23 30 45 32 168 191 55 16 663 33 178 354 126 43 65 27 59 22 34 1149 499 31 118 342 25 21 1321 177 36
internal_value=-0.00267146 -0.0204775 0.0241556 0.0311878 -0.00500718 0.0358952 0.027738 -0.043511 0.0532766 -0.0523565 -0.0372854 -0.0320242 0.0357197 -0.00826169 0.0413775 0.0242223 0.0382131 0.0761041 0.0113544 -0.0059003 -0.0406904 -0.0446607 -0.0281848 0.00178698 -0.0272082 0.032232 0.13262 0.00944635 -0.0377847 0.0404625
internal_weight=417.887 251.998 165.889 151.388 158.031 148.072 119.806 93.9672 3.74961 90.2176 66.8283 14.5011 102.689 18.3757 84.3133 38.3504 32.7688 17.6276 6.72733 15.1412 65.7325 63.6027 48.341 134.602 28.1266 9.95182 2.88467 106.475 12.2261 4.29226
internal_count=6445 5070 1375 1164 2601 1119 951 2469 71 2398 1735 211 760 156 604 250 207 108 49 99 1712 1679 1180 2072 506 164 46 1566 245 68
cat_boundaries=0 1 2 3 4 5
cat_threshold=82060 1084480 2203712 1620 2
is_linear=0
shrinkage=0.1


Tree=14
num_leaves=31
num_cat=6
split_feature=0 1 2 7 10 12 11 9 0 11 9 3 11 12 6 4 8 8 11 3 4 11 10 1 3 8 4 12 10 4
split_gain=17.3769 7.34127 4.26245 5.21431 7.35009 3.98209 3.97769 6.68289 4.97758 4.9594 3.69393 3.85227 3.82656 3.46505 5.83691 4.03285 3.63169 8.38759 5.13131 4.0734 3.62263 3.34412 3.06997 3.89147 5.36304 5.37609 6.0705 5.06485 4.14045 3.52227
threshold=0 1 2 23.500000000000004 0.16972473411188879 -0.11027830303549406 -0.037750267283982203 0.14448225102241341 3 -0.40874738777504938 -0.00091690444562941723 18.500000000000004 0.09877963885580171 0.48452778313389405 4 4.5000000000000009 0.1998441966793281 0.19418017880124397 0.2933466333105364 1.0000000180025095e-35 1.5000000000000002 -0.034517921980542342 0.076578621354267976 5 4.5000000000000009 0.13060319542295332 3.5000000000000004 -0.07393992110021784 0.0010130739978376408 2.5000000000000004
decision_type=9 9 1 2 2 2 2 2 9 2 2 2 2 2 1 2 2 2 2 2 2 2 2 9 2 2 2 2 2 2
left_child=1 13 3 4 5 -2 7 9 -8 -3 11 12 -4 15 -15 16 17 18 19 20 -1 -10 23 24 -5 29 -27 -25 -29 -26
right_child=2 6 10 22 -6 -7 8 -9 21 -11 -12 -13 -14 14 -16 -17 -18 -19 -20 -21 -22 -23 -24 27 25 26 -28 28 -30 -31
leaf_value=0.26752605295536674 0.048381384996817649 0.11242607319744929 0.1958816333836676 -0.024801872092038713 0.11321848511171849 -0.060156631257644123 -0.036888736829187259 0.23137150698838671 0.13844527808464843 -0.058290089741477494 -0.0061882980599737777 0.055624144943846182 0.07086078385003941 0.17516135589521409 -0.1082219936904812 -0.09260455569842202 -0.081892669071370383 0.24495174749494733 0.1962861462119643 -0.043629962703798042 -0.012444784649606355 0.0052320032734172704 -0.013623674470187051 0.086194488878834186 0.040318892652147303 -0.078951166188956437 0.088317160588857954 -0.056676678537715103 0.057621209621960469 0.12046706267956575
leaf_weight=0.80604635924100776 4.084568724036223 1.8140001781284869 6.6395803578198009 6.0218140035867682 3.5309059023857108 19.602618880569935 21.433967251330614 0.88384844735264678 1.9070839565247286 27.484578037634492 3.1721351370215407 7.4035064429044715 3.8781600296497345 1.7628475502133361 1.2367513850331306 17.834101662039757 13.850841514766215 1.1393021643161763 0.97427799925207992 36.078313250094652 1.083303529769182 158.86293867789209 13.705761600285767 4.6671053357422378 7.5353464633226421 4.1498104855418187 4.5470881313085556 13.935584347695114 4.1023549269884816 20.134115524590015
leaf_count=20 19 30 38 35 23 183 472 17 20 647 22 54 19 31 21 546 468 22 12 919 27 2341 101 30 38 30 26 112 32 90
internal_value=-0.00257986 -0.016054 0.0269983 0.0149477 -0.0213772 -0.0414406 -0.00565683 -0.0395475 -0.000353237 -0.0477203 0.0632792 0.110885 0.149783 -0.0414376 0.0583208 -0.0513811 -0.0377495 -0.022495 -0.0303195 -0.0361344 0.106998 0.00641329 0.0293916 0.0384488 0.0506587 0.0770841 0.00850344 -0.00462195 -0.030682 0.09864
internal_weight=414.263 287.152 127.11 106.017 27.2181 23.6872 212.386 30.1824 182.204 29.2986 21.0934 17.9212 10.5177 74.7658 2.9996 71.7662 53.9321 40.0812 38.9419 37.9677 1.88935 160.77 78.799 65.0932 42.3882 36.3664 8.6969 22.705 18.0379 27.6695
internal_count=6445 5593 852 719 225 202 3527 694 2833 677 133 111 57 2066 52 2014 1468 1000 978 966 47 2361 494 393 219 184 56 174 144 128
cat_boundaries=0 1 2 3 4 5 6
cat_threshold=82124 995886 1876 132 1 2048
is_linear=0
shrinkage=0.1


Tree=15
num_leaves=31
num_cat=4
split_feature=0 1 1 9 8 10 4 10 10 11 12 10 4 10 10 8 7 8 4 12 10 3 8 8 6 11 7 12 12 9
split_gain=14.5499 7.1352 6.7705 5.3445 5.80935 5.16855 5.01919 6.10646 4.0509 6.9677 4.85873 5.46983 4.64833 4.57099 4.23635 4.19805 3.88455 3.78456 3.37437 3.3599 3.78329 3.1725 3.10544 6.79086 3.09485 3.08775 3.05426 4.46444 4.21089 3.94668
threshold=0 1 2 0.17874969990092107 0.1615316523382285 0.78863600642067055 1.5000000000000002 0.00043834955599935147 -0.18320304030814302 0.39276332841328537 0.090104034907074346 -0.029407069914699144 4.5000000000000009 -0.019964330312537439 0.14151906662723435 0.062598869267161739 64.500000000000014 0.44863997319293986 5.5000000000000009 -0.096023323738133423 0.27373206468993411 20.500000000000004 0.228668526934551 0.22064664323470665 3 -0.31533840624178872 96.500000000000014 0.00033620372787884967 -0.11658787507893016 -0.14019162839946639
decision_type=9 9 9 2 2 2 2 2 2 2 2 2 2 2 2 2 2 2 2 2 2 2 2 2 1 2 2 2 2 2
left_child=2 19 3 4 6 8 24 18 9 -4 12 15 22 -13 -15 -12 21 26 -8 -2 -21 -5 23 -10 -1 -6 28 -28 -3 -30
right_child=1 17 5 16 25 -7 7 -9 10 -11 11 13 -14 14 -16 -17 -18 -19 -20 20 -22 -23 -24 -25 -26 -27 27 -29 29 -31
leaf_value=-0.090384725451937709 0.061773368795273065 0.070065925383463165 0.15388110290248444 0.16042833791246783 0.092220408024594275 0.13695295297509025 0.054673292046352844 -0.049899293766049561 -0.036667157216756188 -0.10802512799132234 0.090942743037693674 0.29665601728908297 -0.095589753879820841 -0.10378312768978258 0.15653876449887141 -0.052640693557325424 -0.033516680483963217 -0.082905526455830464 -0.025943527394254502 -0.068999435573651027 0.085295741476258666 0.011965803545454096 -0.088039809602594901 0.24866906277573164 -0.006193581373886068 -0.054570620843675678 0.038342764979763869 0.13706466191566943 -0.016700409808310997 0.024667245647275696
leaf_weight=6.6602206639945507 2.7765151932835606 14.885076630860565 2.618734559044241 4.4646525084972364 1.5159123111516262 1.6191381700336922 33.123733855783939 8.8529261909425241 49.805640084668994 1.6594608463346956 2.4782180320471552 0.97514094039797816 22.71024108491838 1.1169619876891368 1.4196851868182419 11.41889864951372 2.5151887610554695 3.1816744040697804 6.157203819602727 18.304148767143491 1.7402361948043097 2.1241578720510006 12.226732179522513 0.84829259850084682 12.676640614867212 26.196434486657381 33.480892926454544 5.3068627286702386 31.46757030300796 86.346068238839507
leaf_count=148 22 90 42 40 33 22 541 169 1218 26 37 18 661 34 21 281 35 46 109 345 20 23 405 24 197 510 236 40 311 741
internal_value=-0.00255432 0.0166354 -0.0201657 -0.000904662 -0.00799264 -0.0369838 0.00784034 0.0251276 -0.0430564 0.0522908 -0.0470168 0.00114152 -0.056812 0.112648 0.0419112 -0.027036 0.0722071 0.0237978 0.0420368 -0.0287325 -0.0556037 0.112566 -0.0428069 -0.0318887 -0.0351916 -0.0465409 0.0271652 0.0518497 0.01995 0.0136181
internal_weight=410.673 197.489 213.184 104.287 95.1831 108.897 67.4707 48.1339 107.278 4.2782 103 17.4089 85.5909 3.51179 2.53665 13.8971 9.104 174.668 39.2809 22.8209 20.0444 6.58881 62.8807 50.6539 19.3369 27.7123 171.486 38.7878 132.699 117.814
internal_count=6445 1851 4594 1805 1707 2789 1164 819 2767 68 2699 391 2308 73 55 318 98 1464 650 387 365 63 1647 1242 345 543 1418 276 1142 1052
cat_boundaries=0 1 2 3 4
cat_threshold=16516 107075 34880 4
is_linear=0
shrinkage=0.1


Tree=16
num_leaves=31
num_cat=6
split_feature=0 1 8 11 2 3 3 7 7 9 7 4 7 9 9 3 3 7 8 7 2 7 3 7 11 6 8 8 6 10
split_gain=12.3946 5.55571 4.60147 4.62957 4.00749 4.44244 7.54091 9.92576 12.0467 7.64583 6.49642 5.52608 4.55084 4.53228 6.62239 3.87531 5.02803 3.50273 4.84531 4.71044 3.44081 3.88226 3.39174 5.47478 5.62078 7.01164 3.22323 4.55414 3.13846 3.42114
threshold=0 1 0.2096754852379257 -0.37828953706399376 2 19.500000000000004 12.500000000000002 64.500000000000014 34.500000000000007 -0.080726559756099367 47.500000000000007 3.5000000000000004 124.50000000000001 -0.019880778273411722 -0.080516077502315944 19.500000000000004 22.500000000000004 104.50000000000001 0.012020447569379228 117.50000000000001 3 3.5000000000000004 22.500000000000004 12.500000000000002 0.081873619674320719 4 0.05101807561996629 0.22426892353469749 5 -0.16414341867606327
decision_type=9 9 2 2 1 2 2 2 2 2 2 2 2 2 2 2 2 2 2 2 1 2 2 2 2 1 2 2 1 2
left_child=1 4 3 -3 15 6 28 8 9 -8 -10 -11 22 14 -9 -1 26 -5 19 -19 21 -2 -7 -24 25 -25 -17 -28 -6 -30
right_child=20 2 -4 17 5 12 7 13 10 11 -12 -13 -14 -15 -16 16 -18 18 -20 -21 -22 -23 23 24 -26 -27 27 -29 29 -31
leaf_value=0.012739644405826115 -0.055186765762064584 0.18659209136541363 -0.081870892245821669 -0.036234310121648329 -0.069347459717222198 -0.055606113061177381 -0.075435347872961314 -0.067680172844166761 0.37254118431790972 0.0025404976616207769 0.099404570247726393 0.23585560568037339 0.17147676522111188 -0.10782238283602648 0.18190966848430001 0.23472398281815485 -0.056074642598919859 0.3349637430734706 -0.026241952907577248 0.041010626837230772 0.053907350845571161 0.018247030153925904 -0.067789835166379916 0.14512473753416086 0.25119304933615655 -0.10627715553481394 -0.0127351092450471 0.22016226997907321 0.072164186717996279 -0.010371364007372732
leaf_weight=17.542819395661358 7.7697372976690522 1.0103262849152077 18.7068877723068 61.098428199067712 8.4334704447537661 35.861753484234214 3.0435590744018564 2.3937340043485165 2.2623650655150418 1.8081694468855865 1.4156988058239219 2.3146694861352444 1.0325451791286457 3.6933220494538537 1.9123519342392681 2.2967933379113665 1.6303805150091646 0.91121559031307642 3.7297154255211353 1.3569140434265134 21.90375866740942 98.068106515333056 5.0716445557773095 2.223361648619175 1.3732528984546659 2.2142028212547302 2.0623337328433995 1.4161465503275392 5.3281055837869635 87.455531403422356
leaf_count=219 59 15 717 1603 213 659 51 44 28 30 22 35 15 61 20 28 21 26 87 32 133 660 111 36 16 44 30 20 61 1349
internal_value=-0.00245622 -0.014092 -0.0340231 -0.0258763 -0.00388161 -0.00980576 -0.000127017 0.0579565 0.12029 0.0447825 0.26741 0.13353 -0.0361804 -0.0265464 0.0431638 0.0273745 0.0990064 -0.0290756 0.0438486 0.159106 0.0223644 0.0117463 -0.0407674 0.00813155 0.0743952 0.0196832 0.142786 0.0820812 -0.0109406 -0.00563176
internal_weight=407.341 279.6 86.8135 68.1066 192.786 167.838 120.061 18.8439 10.8445 7.1664 3.67806 4.12284 47.7768 7.99941 4.30609 24.9485 7.40565 67.0963 5.99785 2.26813 127.742 105.838 46.7442 10.8825 5.81082 4.43756 5.77527 3.47848 101.217 92.7836
internal_count=6445 5593 2480 1763 3113 2795 1914 291 166 116 50 65 881 125 64 318 99 1748 145 58 852 719 866 207 96 80 78 50 1623 1410
cat_boundaries=0 1 2 3 4 5 6
cat_threshold=82124 1084800 29 1876 4 2
is_linear=0
shrinkage=0.1


Tree=17
num_leaves=31
num_cat=4
split_feature=0 1 2 4 3 8 12 10 12 4 7 3 7 11 11 7 11 12 4 8 12 9 8 12 8 7 1 9 10 11
split_gain=10.525 4.55756 4.75621 5.67388 7.24371 7.15251 5.57547 5.51236 3.20034 3.00822 4.28235 3.42251 3.39308 5.46034 2.93041 4.16273 3.00499 2.89375 4.56636 4.55734 7.01158 2.91026 3.30995 12.1962 4.01764 3.47178 2.84825 8.28812 5.88535 5.32685
threshold=0 1 2 5.5000000000000009 4.5000000000000009 0.087645792508921974 0.5952556478292057 0.0099711511907633731 0.64305945152968558 4.5000000000000009 8.5000000000000018 18.500000000000004 10.500000000000002 0.046134059190259882 -0.34784006549529961 72.500000000000014 -0.27972275674540642 0.10074759109501949 2.5000000000000004 0.087645792508921974 0.12811024061498119 -0.3013888982083886 0.097909804793618313 -0.00083119458914163809 0.07813779429005499 114.50000000000001 3 -0.15010045399865227 0.22291688773004328 0.039650264339399645
decision_type=9 9 1 2 2 2 2 2 2 2 2 2 2 2 2 2 2 2 2 2 2 2 2 2 2 2 9 2 2 2
left_child=1 17 8 6 -5 -6 9 -7 14 10 -4 12 13 -12 15 -3 -16 18 21 -19 -21 -1 23 24 -23 -25 27 -18 29 -29
right_child=-2 2 3 4 5 7 -8 -9 -10 -11 11 -13 -14 -15 16 -17 26 19 -20 20 -22 22 -24 25 -26 -27 -28 28 -30 -31
leaf_value=0.18701646980558936 0.022264316312714961 0.21778454663377378 -0.071351119488089185 -0.10556529579446945 0.32127890633366357 -0.10589676638617801 0.18327847442296188 0.21602965223469617 -0.10654453069293146 -0.1068148264027373 0.023476870809080185 -0.052200515136766851 -0.010868461098946285 0.28186963910951496 -0.10428206459056043 -0.027560709315552497 0.12051221500036897 0.15106646152895919 -0.074446332437180185 0.22257484923652526 -0.081538778383327473 0.10684932199264444 -0.057347493952191797 -0.064448652349531996 0.35301233940513854 0.16104459941767454 -0.0029241159856869797 0.023595121760599816 0.19559845720830835 -0.073287050980939766
leaf_weight=0.68485045619309204 114.77960055880249 1.5245531108230346 19.401019560173154 1.7269841171801079 1.3887345064431431 1.2523444816470148 1.0276452936232079 0.92457802407443512 2.6184921357780686 8.2361857239156944 2.2906171027570985 7.2891944479197255 5.2175497952848673 1.2719473037868736 2.5631474573165169 1.2656633928418157 8.2893872503191215 1.9208673909306515 29.970450662076473 0.91725962795317162 4.3700482770800591 1.8712568897753947 12.55556273460388 7.5739736296236533 1.0268480349332092 0.75043778866529454 131.48404452390969 20.936803929507739 1.5795446317642916 7.7856211680918923
leaf_count=19 705 25 414 43 22 29 16 16 51 182 45 148 104 20 77 24 128 37 942 27 124 40 386 215 13 17 2011 404 19 142
internal_value=-0.00225704 -0.0123153 -0.00504513 -0.0294804 0.0625356 0.143953 -0.0469572 0.0308312 0.00302317 -0.0523706 -0.0397287 -0.00154995 0.0404998 0.115731 0.00483094 0.106494 0.00318784 -0.0347561 -0.048279 0.0191462 -0.0287801 -0.0162204 -0.0220739 0.0173895 0.194069 -0.0441206 0.00480748 0.0253409 0.00766873 -0.00266617
internal_weight=404.495 289.716 228.074 50.0268 5.29264 3.56566 44.7342 2.17692 178.047 43.7065 35.4703 16.0693 8.78011 3.56256 175.429 2.79022 172.639 61.6416 54.4334 7.20818 5.28731 24.4629 23.7781 11.2225 2.8981 8.32441 170.075 38.5914 30.302 28.7224
internal_count=6445 5740 3920 1039 110 67 929 45 2881 913 731 317 169 65 2830 49 2781 1820 1632 188 151 690 671 285 53 232 2704 693 565 546
cat_boundaries=0 1 2 3 4
cat_threshold=84172 2962218 797 1156
is_linear=0
shrinkage=0.1


Tree=18
num_leaves=31
num_cat=5
split_feature=0 1 1 11 11 12 2 10 4 4 11 8 8 10 10 6 12 9 8 3 9 9 9 8 12 9 10 3 11 11
split_gain=8.85673 4.85968 4.66295 4.24764 3.53174 5.46875 4.84726 3.24989 4.96799 5.69328 6.57829 4.34162 4.99227 3.61741 3.40645 3.22476 3.72363 7.93293 3.4418 3.20619 7.1274 3.87487 15.749 3.16447 3.41313 4.60244 5.84058 4.74351 4.96435 4.44022
threshold=0 1 2 -0.37828953706399376 -0.0033044686584940935 -0.032632608491438252 3 -0.0031680377678777352 3.5000000000000004 2.5000000000000004 -0.084718979298309988 0.20131184270043131 0.13749425431081139 -0.0065708592346501483 -0.0095252542847014034 4 0.17633173866823754 -0.0416319479251843 0.11918301361320281 8.5000000000000018 0.14448225102241341 -0.099517369046813367 -0.13771935410294769 0.44863997319293986 -0.010922586700824482 -0.013216736707570216 0.025501302217826399 18.500000000000004 0.034508459182486594 0.060097822148779553
decision_type=9 9 9 2 2 2 1 2 2 2 2 2 2 2 2 1 2 2 2 2 2 2 2 2 2 2 2 2 2 2
left_child=1 4 -2 -3 5 -1 -6 8 9 11 -11 12 14 -10 -7 -5 -17 18 -18 20 21 22 -9 24 -4 27 -27 28 -26 -30
right_child=2 3 23 15 6 7 -8 19 13 10 -12 -13 -14 -15 -16 16 17 -19 -20 -21 -22 -23 -24 -25 25 26 -28 -29 29 -31
leaf_value=-0.10423792234661565 -0.027774042824513581 0.14383226816509859 0.038517812931437585 -0.082495679951243905 -0.034270367959142088 -0.11005520119313422 0.010443238074714355 -0.065582605916035444 -0.10573944067881419 -0.015756935781617916 0.2878125137613945 -0.10455293272098352 0.25709979132228739 0.074319150725558822 0.11518892278160285 -0.044375424084497586 0.076252078137911461 0.30269737551873421 -0.10447024807815082 -0.091439218667351066 0.22214401124973762 -0.088514251814816675 0.47311141043531324 -0.080520061877478441 -0.0525062124826364 0.01707364865128571 0.13245332666582216 -0.069731332757668948 0.099998687585102719 -0.01101012542867017
leaf_weight=8.2498561497777683 15.281303821131585 1.1704922411590803 77.299556229263544 18.707041218876839 20.071539713069797 1.3517129514366382 116.16106741689146 2.5228716060519223 3.8355730585753918 1.1191725172102454 1.9709502216428516 2.1119845993816853 1.0718512106686828 1.5734796132892359 1.3340859450399905 31.820347363129258 2.1399536672979593 0.98316322080790897 2.0762493666261435 7.4640079699456683 1.2159101292490948 5.3711897879838961 0.69145377725362767 2.9623273145407429 8.4311455413699168 33.90640708617866 5.0393664725124827 11.755667151883243 7.1552919764071685 7.2582679726183414
leaf_count=256 235 22 494 591 455 24 1841 64 102 28 26 57 19 27 21 1049 38 30 56 199 24 124 17 45 90 240 36 129 52 54
internal_value=-0.00215179 -0.014491 0.0148322 -0.0380145 -0.00525724 -0.0317276 0.00210645 -0.0128177 0.0223168 0.0680037 0.177867 0.0101654 0.0746428 -0.0533609 0.00182772 -0.0486556 -0.0315554 0.0469039 -0.0127438 -0.0420577 -0.00445257 -0.036544 0.0502993 0.0205023 0.0238454 0.00842419 0.0320031 -0.018116 0.00844475 0.0440977
internal_weight=402.103 233.014 169.089 56.8972 176.117 39.8841 136.233 31.6342 14.3688 8.95976 3.09012 5.86963 3.75765 5.40905 2.6858 55.7268 37.0197 5.19937 4.2162 17.2654 9.80143 8.58552 3.21433 153.808 150.846 73.5461 38.9458 34.6004 22.8447 14.4136
internal_count=6445 5070 1375 1786 3284 988 2296 732 304 175 54 121 64 129 45 1764 1173 124 94 428 229 205 81 1140 1095 601 276 325 196 106
cat_boundaries=0 1 2 3 4 5
cat_threshold=82060 3837120 2203714 736 4
is_linear=0
shrinkage=0.1


Tree=19
num_leaves=31
num_cat=5
split_feature=0 1 8 1 10 11 2 2 3 9 8 3 7 7 3 7 7 10 10 7 4 3 10 12 9 12 3 10 12 7
split_gain=7.44815 5.41293 4.30237 3.76811 7.5641 4.88559 3.94756 3.7408 4.69934 3.76819 3.3838 9.70141 4.495 8.63885 3.89184 5.60149 8.14734 6.15929 7.74126 7.33716 7.32323 4.68203 4.44084 3.29771 4.03499 3.17654 7.57735 7.3019 6.53571 3.16229
threshold=0 1 0.39411443074654007 2 0.78863600642067055 -0.40874738777504938 3 4 20.500000000000004 0.61964722907120651 1.0000000180025095e-35 1.0000000180025095e-35 68.500000000000014 75.500000000000014 6.5000000000000009 64.500000000000014 1.5000000000000002 -0.087773263138061483 -0.12521718774343901 57.500000000000007 3.5000000000000004 9.5000000000000018 0.22996500068205245 0.25101629095741712 -0.080516077502315944 0.0013517330493357683 18.500000000000004 -0.0095252542847014034 -0.11658787507893016 96.500000000000014
decision_type=9 9 2 9 2 2 1 1 2 2 2 2 2 2 2 2 2 2 2 2 2 2 2 2 2 2 2 2 2 2
left_child=3 -2 29 4 6 -5 25 9 -9 10 11 -7 -13 -14 23 16 -16 18 20 21 -18 -19 -23 -12 -25 28 -27 -28 -1 -3
right_child=1 2 -4 5 -6 7 -8 8 -10 -11 14 12 13 -15 15 -17 17 19 -20 -21 -22 22 -24 24 -26 26 27 -29 -30 -31
leaf_value=0.25380319162532317 -0.034039044938501462 0.01402914955113602 -0.086348782023770124 0.1871099098417289 0.2075578398394666 0.27020832047856486 -0.045872713698940935 -0.015503375497033768 -0.096392394803869755 0.083257885993611475 -0.047618300536289404 -0.015767470237207249 0.32848743123109692 0.034717842667560721 -0.082359406258093112 -0.031077789815084148 0.19193890699564564 0.15503148041384274 0.35691441390900047 0.2547634109187592 -0.10796879742517795 -0.047658241248926314 0.13295136456997589 -0.036424443397489639 0.15597992982361725 -0.030009143419948522 0.045264084245231567 0.393237451627231 -0.052020987671259948 0.047319343708005369
leaf_weight=0.79684594832360733 13.986119046807287 127.02178318426013 3.7838438600301734 1.3225401900708664 1.2546246089041222 1.5920795872807527 61.628923751413822 25.923837476409972 9.9345872979611141 5.78246378712356 29.646322892978787 16.155130734667186 1.1504383813589791 7.7072375509887934 4.1507405824959305 18.004577656276524 2.3117773197591309 1.8818391449749423 1.5022132061421913 1.3771721031516797 1.2568450439721344 8.0942308790981752 1.6366689763963211 2.5915547590702772 1.8811392448842514 2.4915355667471886 1.2103374544531109 1.2018384169787166 5.6789354681968689 36.801671983674169
leaf_count=10 252 1030 61 17 16 30 1663 557 239 59 643 285 24 147 87 394 35 37 29 31 23 162 25 42 29 60 21 27 160 250
internal_value=-0.00222848 0.0124234 0.0179987 -0.0143365 -0.0316386 -0.00393193 -0.0400827 -0.00597975 -0.0296461 0.00434302 0.000252544 0.0308571 0.0156223 0.0728728 -0.010701 0.0103746 0.0439758 0.0730102 0.166478 0.0365236 0.0863134 0.0106422 -0.017281 -0.0355427 0.0444976 0.0168125 0.0923023 0.218638 -0.0143893 0.0215075
internal_weight=399.76 181.593 167.607 218.166 74.263 143.903 73.0084 142.581 35.8584 106.722 100.94 26.6049 25.0128 8.85768 74.3351 40.2161 22.2115 18.0607 5.07084 12.9899 3.56862 11.6127 9.7309 34.119 4.47269 11.3795 4.90371 2.41218 6.47578 163.823
internal_count=6445 1593 1341 4852 1957 2895 1941 2878 796 2082 2023 486 456 171 1537 823 429 342 87 255 58 224 187 714 71 278 108 48 170 1280
cat_boundaries=0 1 2 3 4 5
cat_threshold=18572 630848 2447242 529 1436
is_linear=0
shrinkage=0.1


Tree=20
num_leaves=31
num_cat=6
split_feature=0 2 1 7 8 11 7 11 3 2 8 6 12 12 6 9 8 8 11 7 4 7 12 7 7 7 10 12 7 10
split_gain=6.51167 4.64 4.60401 4.55642 5.65763 5.99341 3.80483 5.40226 6.37863 3.53687 4.52301 4.38979 3.49564 6.20122 3.42565 3.33213 3.31831 3.35442 5.52537 3.66764 3.43079 3.2959 3.0463 3.80479 3.11638 2.62115 2.60295 5.30136 2.64897 5.6421
threshold=0 1 2 23.500000000000004 0.17206629158942524 0.071914560947979059 108.50000000000001 -1.0000000180025095e-35 7.5000000000000009 3 0.0057901733434694031 4 0.0070863513362422409 0.009161399193155154 5 -4.6528702457777512e-05 0.023706464320095474 0.057722340174352453 0.043736930039214188 1.5000000000000002 4.5000000000000009 7.5000000000000009 0.090104034907074346 117.50000000000001 82.500000000000014 3.5000000000000004 -0.12402633290969568 0.48452778313389405 40.500000000000007 0.012612870234507472
decision_type=9 1 9 2 2 2 2 2 2 1 2 1 2 2 1 2 2 2 2 2 2 2 2 2 2 2 2 2 2 2
left_child=2 3 6 4 -2 -6 12 -8 -9 10 25 22 -1 -14 -15 -3 -12 -18 -19 -20 21 -21 23 -11 -24 -4 -16 28 29 -28
right_child=1 15 9 -5 5 -7 7 8 -10 11 16 -13 13 14 26 -17 17 18 19 20 -22 -23 24 -25 -26 -27 27 -29 -30 -31
leaf_value=-0.072813998464078752 -0.067642853306410289 0.081908244527620022 0.18778371642613734 0.015977810386113778 -0.057687400437596653 0.11340470115367562 -0.10385361658603871 0.30263231353596631 -0.022343923339137761 -0.089867326531382394 -0.079487237762832841 -0.0053160244747134707 0.24842293972870758 -0.10417083292076385 -0.10421635369628485 -0.021718639966430926 0.13665817024452956 -0.055932556794455718 -0.063954314343986407 0.16397392929823279 -0.047634691435956937 0.022841334337851744 0.11907814759769737 0.12604620046152357 -0.10488952218361657 0.057756711296890029 -0.030081855888841887 0.22418775704063321 -0.073744043635359371 0.23177086026127511
leaf_weight=29.028800036758184 16.19203484617174 21.376257237046961 2.3167675342410829 80.624022709205747 3.8137936145067197 4.420756459236145 1.4134346321225169 1.2239954825490706 1.1923479232937095 13.49807152710855 3.5701476503163603 171.74667747784406 0.85234656184911628 4.2789605744183064 1.8605350516736496 3.6298755630850783 2.3774284105747965 7.4529665093868998 2.0707856304943553 4.6260770019143802 1.6184219643473623 2.5761699490249157 1.7354824077337974 0.86867588199675161 0.96768157370388497 4.6863123048096895 2.7112250514328466 1.1671377196907995 3.1696894140914083 1.1814269777387378
leaf_count=1013 154 126 30 494 29 22 49 29 29 389 67 3051 28 136 55 27 31 160 27 54 34 33 41 25 25 63 90 10 94 30
internal_value=-0.0023897 0.0153245 -0.0111362 0.00412207 -0.0333222 0.0341642 -0.0365779 0.051436 0.142272 -0.0042308 0.0227107 -0.00961385 -0.0524615 -0.013647 -0.0291926 0.0477647 0.00955545 0.0248965 0.0104123 0.0558117 0.0839286 0.113492 -0.0584879 -0.0768123 0.038902 0.100772 0.00260414 0.0267543 -0.00587398 0.0493909
internal_weight=398.248 130.057 268.192 105.051 24.4266 8.23455 48.0799 3.82978 2.41634 220.112 31.2951 188.817 44.2501 15.2213 14.369 25.0061 24.292 20.7218 18.3444 10.8915 8.82067 7.20225 17.0699 14.3667 2.70316 7.00308 10.09 8.22948 7.06234 3.89265
internal_count=6445 852 5593 699 205 51 1563 107 58 4030 499 3531 1456 443 415 153 406 339 308 148 121 87 480 414 66 93 279 224 214 120
cat_boundaries=0 1 2 3 4 5 6
cat_threshold=82124 1364 467503 1049 2 4
is_linear=0
shrinkage=0.1


Tree=21
num_leaves=31
num_cat=6
split_feature=0 1 1 2 11 7 10 8 6 3 11 12 7 3 10 7 10 10 10 8 4 8 11 10 8 8 4 6 10 3
split_gain=5.495 4.00235 3.49483 3.40803 5.14379 6.52061 9.5681 4.47603 4.35834 3.32942 4.78639 4.67734 3.22573 3.12144 6.0066 5.45093 6.25884 8.8228 5.23521 6.93953 5.1962 3.86173 4.11718 3.5071 3.08007 4.00093 4.2085 2.99179 3.67316 3.81526
threshold=0 1 2 3 0.038956743572730386 1.5000000000000002 0.080950209544893875 0.24724963677954195 4 20.500000000000004 0.23049212039427355 0.17633173866823754 1.5000000000000002 4.5000000000000009 -0.041706990823595705 16.500000000000004 -0.001026105771509899 -0.0048044983241521608 -0.16414341867606327 0.22064664323470665 4.5000000000000009 0.50105573517414126 -1.0000000180025095e-35 -0.02365216990390832 0.054926875384448223 0.092031308290997024 1.0000000180025095e-35 5 -0.087773263138061483 6.5000000000000009
decision_type=9 9 9 1 2 2 2 2 1 2 2 2 2 2 2 2 2 2 2 2 2 2 2 2 2 2 2 1 2 2
left_child=1 3 24 4 12 -6 7 -7 -5 13 11 -11 -1 -10 18 16 17 23 19 -15 -17 22 -18 -16 -2 -26 -27 -20 -29 -30
right_child=2 -3 -4 8 5 6 -8 -9 9 10 -12 -13 -14 14 15 20 21 -19 27 -21 -22 -23 -24 -25 25 26 -28 28 29 -31
leaf_value=0.097930945648064316 -0.11659410755799123 -0.0332000714355302 0.015833106406581469 -0.059943493548929777 -0.057202531050111007 0.33421728561756497 -0.051920675987824599 0.13080118383342562 -0.021577568308455905 -0.06136094448522126 0.12923647982375477 0.079820666386464734 -0.037830267405961085 0.18885271785477781 0.23007205740585343 0.032891496125831657 -0.10595280316302919 0.42604579327764225 -0.088497871269283046 -0.062475458646674767 -0.051887039355200927 0.21566595032813077 0.053692178205026919 0.0069869295743846928 0.11089435820365955 0.083946347199305937 -0.083232029724467138 -0.11356160608225817 0.15196781424471797 -0.052365002552053702
leaf_weight=2.3455738108605164 4.1376242116093627 57.678825862705708 155.28309715632349 15.390186900272965 1.8424420598894347 2.222227131947875 1.5856990367174146 2.1077511496841908 33.269980625249445 22.270719905383892 1.6530261486768711 2.6229966897517434 6.894532922655344 2.2421285398304489 1.1743604298681019 27.860168159008026 1.914098922163247 1.1203635465353752 10.598619529977437 2.1541130542755127 9.7630787277594191 1.2152392882853735 10.35304870828986 1.7620847374200823 2.0424123983830205 1.9532926417887191 6.5727405529469252 1.8295046389102934 2.0244075395166923 1.665641928091645
leaf_count=29 58 1938 1140 445 25 29 23 16 636 529 20 39 127 20 20 417 52 18 202 35 155 20 164 38 18 28 131 28 17 28
internal_value=-0.00228822 -0.012239 0.0109891 -0.00357589 0.0296154 0.107072 0.158236 0.235198 -0.00892352 -0.00378695 -0.035543 -0.0464849 -0.00336768 0.00395096 0.0151741 0.0323548 0.078395 0.187296 -0.0310241 0.0657045 0.0108918 0.0456269 0.028782 0.0962044 -0.025865 -0.0148176 -0.0449319 -0.0574068 0.00229402 0.0597346
internal_weight=395.55 225.561 169.989 167.882 16.9982 7.75812 5.91568 4.32998 150.884 135.494 26.5467 24.8937 9.24011 108.947 75.6769 55.1624 17.5392 4.05681 20.5144 4.39624 37.6232 13.4824 12.2671 2.93645 14.7061 10.5684 8.52603 16.1182 5.51955 3.69005
internal_count=6445 5070 1375 3132 249 93 68 45 2883 2438 588 568 156 1850 1214 884 312 76 330 55 572 236 216 58 235 177 159 275 73 45
cat_boundaries=0 1 2 3 4 5 6
cat_threshold=82060 1608896 2203714 1033 2 1
is_linear=0
shrinkage=0.1


Tree=22
num_leaves=31
num_cat=6
split_feature=7 0 1 1 7 12 10 4 10 10 6 8 4 3 10 7 4 4 9 9 4 4 7 2 6 9 12 9 7 11
split_gain=4.97846 4.32304 4.19551 4.11348 5.73811 4.27476 5.11222 4.5659 4.20882 5.66969 4.03112 11.97 3.73361 3.56082 4.73832 4.12042 4.73694 3.88492 3.29155 5.02183 4.11087 7.78398 8.0739 5.47058 5.49782 5.38302 4.79998 3.95518 3.71356 3.2617
threshold=138.50000000000003 0 1 2 79.500000000000014 0.069372370349033055 -0.029407069914699144 4.5000000000000009 -0.02365216990390832 0.14151906662723435 3 0.076461959630824985 1.0000000180025095e-35 21.500000000000004 0.014366456314149069 34.500000000000007 4.5000000000000009 1.0000000180025095e-35 0.17874969990092107 1.0000000180025095e-35 2.5000000000000004 3.5000000000000004 96.500000000000014 4 5 -0.080726559756099367 0.26264254817630983 -0.25131114922114067 9.5000000000000018 0.071105516319634285
decision_type=2 9 9 9 2 2 2 2 2 2 1 2 2 2 2 2 2 2 2 2 2 2 2 1 1 2 2 2 2 2
left_child=1 3 12 13 5 7 10 -5 -8 -10 11 -7 -3 14 18 -15 -17 -16 19 20 23 22 29 24 28 27 -27 -23 -1 -22
right_child=-2 2 -4 4 -6 6 8 -9 9 -11 -12 -13 -14 15 17 16 -18 -19 -20 -21 21 25 -24 -25 -26 26 -28 -29 -30 -31
leaf_value=0.25067158218568392 0.16082124647382534 0.073051620790066218 0.011504537387428126 -0.01485368334262201 -0.081719046404564608 0.44652510277515289 0.29806971510387636 -0.078973280218679873 -0.10575058910448343 0.14162465257904536 -0.041745337405842728 -0.043190506744039674 -0.090479081757849661 -0.09417090604652377 0.11857363514061164 -0.034630640720106937 0.17932910930722268 -0.060959384595827261 0.08215500669186504 -0.10535254519132793 0.040240540413254214 0.071151977990911455 0.34123293223113355 -0.034482957182804946 -0.046108203407113524 0.027792954761784446 0.21325858466358044 -0.08133388717246548 0.059754142250755884 0.16856858441820369
leaf_weight=2.429492736235261 1.8631266746669997 1.629380665719508 187.59255974646658 42.974985558539629 17.80540066305548 0.71501906216144595 0.94800820760428894 14.975712568499146 1.3380593443289388 3.0122561026364565 9.1273950757458824 1.6530147185549138 9.7534399302676302 7.6981738768517953 1.3302309848368157 4.1142280418425798 1.382433984428644 12.833273889496921 7.4383667930960646 3.4566440545022479 6.669595340266822 2.176306888461113 1.3323868997395028 18.166585827246312 1.6252898797392843 15.379773553460842 1.5346910916268814 7.7886518202722055 1.754651430994272 2.8172271866351366
leaf_count=28 12 30 1580 1282 586 9 13 529 46 36 229 57 233 183 26 86 26 259 69 82 116 37 20 337 33 264 18 161 25 33
internal_value=-0.00225672 -0.00303289 0.00722457 -0.0133199 -0.0277087 -0.0185496 0.0258748 -0.0314236 0.107144 0.0655376 -0.0115826 0.104677 -0.0357041 0.00131477 0.00880911 -0.0469511 0.0191812 -0.0440977 0.019135 0.0119377 0.0185114 0.0391006 0.110723 -0.0138619 0.0404134 0.0102719 0.0446207 -0.0480316 0.170609 0.0783491
internal_weight=393.316 391.453 198.975 192.478 92.5499 74.7445 16.7938 57.9507 5.29832 4.35032 11.4954 2.36803 11.3828 99.928 86.7332 13.1948 5.49666 14.1635 72.5697 65.1313 61.6747 37.6986 10.8192 23.976 5.80943 26.8794 16.9145 9.96496 4.18414 9.48682
internal_count=6445 6433 1843 4590 2787 2201 390 1811 95 82 295 66 263 1803 1508 295 112 285 1223 1154 1072 649 169 423 86 480 282 198 53 149
cat_boundaries=0 1 2 3 4 5 6
cat_threshold=16516 106560 34880 2 1178 1
is_linear=0
shrinkage=0.1


Tree=23
num_leaves=31
num_cat=5
split_feature=0 1 10 9 11 2 11 6 10 10 11 11 4 3 8 7 7 9 10 9 11 8 4 6 8 11 7 11 8 3
split_gain=4.26609 3.09417 5.36199 5.35367 3.30167 2.69614 5.3447 7.51793 3.20907 7.01309 6.83394 12.5743 4.79751 3.88364 3.24384 2.9706 2.94495 2.954 2.73079 2.72567 2.68464 2.62548 3.30189 3.52096 5.77874 3.97801 3.03908 2.51546 2.47126 3.70219
threshold=0 1 0.10004674926903408 -0.22704994068232445 -0.22502730462803439 2 -0.054231063703676259 3 0.094115201944854801 0.097132733114240144 0.063619999544440115 0.071914560947979059 2.5000000000000004 21.500000000000004 0.084166079178236056 13.500000000000002 63.500000000000007 -0.12599609317539781 0.07376418793710858 -0.1244890796812403 0.31419930206939634 0.0057901733434694031 1.0000000180025095e-35 4 0.10121648133570108 0.081068449301637771 2.5000000000000004 0.0534848495592175 0.12072293783020091 20.500000000000004
decision_type=9 9 2 2 2 1 2 1 2 2 2 2 2 2 2 2 2 2 2 2 2 2 2 1 2 2 2 2 2 2
left_child=1 3 4 -1 -3 6 7 -2 18 -10 12 -12 16 14 -13 21 17 -11 -7 20 -16 -8 -23 24 -24 -25 -27 -4 29 -5
right_child=5 2 27 28 -6 8 15 -9 9 10 11 13 -14 -15 19 -17 -18 -19 -20 -21 -22 22 23 25 -26 26 -28 -29 -30 -31
leaf_value=0.084541391344762754 0.28310727773568573 -0.077531221374997211 0.028698700700507979 -0.068402299808036332 0.039503193215476323 -0.014639361111002969 0.068968743921643746 -0.031132467607195818 0.27467086510358701 -0.022960678012921995 0.3079388302685977 -0.082048611452558193 -0.11121011742387175 0.14049570083303811 -0.045704452660514774 -0.082555038073991588 -0.10532227676100121 0.19783345752029813 -0.081386037265006317 0.12304923203588475 0.053757744434583303 0.10303644009135796 0.26938336416640052 -0.095550523758849579 -0.028346831739199274 -0.10851017232698756 0.049445216338818848 -0.075932957339907264 -0.12012494884669274 0.056522101351997138
leaf_weight=3.494862005114558 1.7424411326646805 2.4973066709935656 3.429012790322302 7.3829468861222249 69.345803398638964 220.14959519542754 7.4707328565418782 1.3521311851218334 1.0260826032608772 1.1336892861872914 1.6317043518647576 3.6045647226274076 6.3758537294343114 2.303085687570273 5.4391820225864738 3.2478367844596496 1.049610339105129 1.3016911540180465 6.3050968982279292 2.3334557637572173 5.4158578831702471 2.6195232626050737 1.0508902948349716 6.4744086014106887 1.7170901782810686 1.577206704765558 5.3493966730311513 6.9642032235860825 4.0071682296693316 3.4954097867012024
leaf_count=29 27 26 22 45 342 4666 102 38 16 24 23 65 151 29 84 60 30 30 120 30 60 31 17 121 34 26 65 40 73 19
internal_value=-0.00225645 0.0146634 0.0229341 -0.0173832 0.035435 -0.00833115 0.0159002 0.145805 -0.0118712 0.0175135 0.00888726 0.0414886 -0.0596418 0.0187212 0.00202047 0.00766502 0.0347032 0.095052 -0.0164978 0.0249975 0.00391979 0.0188238 -0.00111501 -0.0179885 0.0846893 -0.0391966 0.0134783 -0.041412 -0.0529913 -0.0282619
internal_weight=391.288 100.617 82.2363 18.3804 71.8431 290.671 32.6017 3.09457 258.069 31.6148 30.5887 20.7279 9.86084 19.0961 16.7931 29.5071 3.48499 2.43538 226.455 13.1885 10.855 26.2592 18.7885 16.169 2.76798 13.401 6.9266 10.3932 14.8855 10.8784
internal_count=6445 596 430 166 368 5849 521 65 5328 542 526 291 235 268 239 456 84 54 4786 174 144 396 294 263 51 212 91 62 137 64
cat_boundaries=0 1 2 3 4 5
cat_threshold=8720 2384129 25 4 2
is_linear=0
shrinkage=0.1


Tree=24
num_leaves=31
num_cat=3
split_feature=1 3 8 7 8 7 9 0 9 9 7 7 4 3 10 11 11 12 3 10 4 10 10 2 10 3 8 12 10 11
split_gain=3.94243 5.17611 7.26043 7.59375 6.16585 5.71401 7.46215 4.08459 3.8736 6.67436 4.51728 10.6448 3.27272 7.03191 3.25259 3.62029 3.51161 2.64729 2.4849 2.23414 3.71561 2.19719 6.65424 3.87602 4.43675 4.40487 4.9333 3.06402 4.19142 3.83607
threshold=0 5.5000000000000009 0.086777475684537433 95.500000000000014 0.050442957126145792 11.500000000000002 -0.20793238258139868 1 -0.11249472891024744 -0.13771935410294769 61.500000000000007 41.500000000000007 4.5000000000000009 2.5000000000000004 0.078448182355351989 -0.018252983431715854 -0.22502730462803439 -0.11658787507893016 19.500000000000004 -0.0021271774870235817 2.5000000000000004 -0.0048044983241521608 -0.0040249653178515629 2 0.30892606600993705 1.0000000180025095e-35 0.26681947452551952 0.1703352545915279 -0.061920332780620112 0.00022836835900457369
decision_type=9 2 2 2 2 2 2 9 2 2 2 2 2 2 2 2 2 2 2 2 2 2 2 1 2 2 2 2 2 2
left_child=1 2 3 4 12 6 -4 14 9 10 11 17 -1 -14 16 -16 -2 -3 -11 -8 -21 27 -23 -24 25 -25 -27 29 -29 -9
right_child=7 8 5 -5 -6 -7 19 21 -10 18 -12 -13 13 -15 15 -17 -18 -19 -20 20 -22 22 23 24 -26 26 -28 28 -30 -31
leaf_value=-0.067630573769622282 -0.080457303707597738 0.07756154757466277 0.17193701533032124 0.26995407222015894 0.13778479834765631 -0.10691802623955218 -0.11608712570524896 -0.064291816401745652 -0.075339462497760315 0.21700654094990712 -0.10747744348989666 0.27367977238417929 0.26537275233987268 -0.10475710260095519 0.070111817608052088 -0.049168370633761081 0.034227161579339027 -0.067979671223576954 0.038083837979225946 0.23463605904670048 -0.10767961407984733 0.20783716138360978 0.0079854137856235543 0.11578818581039901 0.10414209486787183 -0.095919158055593978 0.040512956483736519 -0.0091159959368268696 0.094634906444716393 -0.011777822122282032
leaf_weight=4.7473710998892802 2.771244201809167 1.5545868063345549 2.2443660087883472 1.5778068676590908 3.7444258816540241 6.6314371945336461 2.4074459793046121 20.225036830641329 22.781704735942185 1.4220130294561379 6.117383903823792 1.2579597877338526 1.044384900480509 1.0093819722533224 3.3016672879457483 11.095887944102284 73.018924938514829 6.3738790741190332 1.7091509308665989 0.57982787862419882 0.69975658506155014 1.5661894045770157 123.29098357539624 1.3399692624807418 1.8153285849839438 15.133307571522893 3.2130722347646943 16.559904140420262 5.0908859334886065 44.552447025664151
leaf_count=124 33 16 28 33 43 215 59 511 636 29 181 22 27 37 27 64 375 168 33 17 27 27 2076 30 27 380 64 284 70 782
internal_value=-0.00215401 -0.0226382 0.0101392 0.0653452 0.034732 -0.0431356 0.0281747 0.00264483 -0.0477623 -0.0136829 -0.0408997 0.00343551 -0.0220046 0.0834619 0.0195851 -0.0218149 0.0300338 -0.0394424 0.119341 -0.0593362 0.0474365 -0.00445461 0.00281977 0.000602139 -0.0310205 -0.0592416 -0.0720253 -0.0172886 0.0152796 -0.0281739
internal_weight=388.878 65.9029 24.6862 12.1234 10.5456 12.5628 5.9314 322.975 41.2167 18.435 15.3038 9.18643 6.80114 2.05377 90.1877 14.3976 75.7902 7.92847 3.13116 3.68703 1.27958 232.787 146.359 144.793 21.5017 19.6863 18.3464 86.4283 21.6508 64.7775
internal_count=6445 1695 610 264 231 346 131 4750 1085 449 387 206 188 64 499 91 408 184 62 103 44 4251 2604 2577 501 474 444 1647 354 1293
cat_boundaries=0 1 2 3
cat_threshold=2466635 9752 795
is_linear=0
shrinkage=0.1


Tree=25
num_leaves=31
num_cat=4
split_feature=7 1 3 8 7 7 9 9 7 7 11 9 9 8 10 0 7 7 8 8 8 4 11 6 10 7 11 12 11 2
split_gain=3.59874 3.17512 3.76043 5.52219 5.55426 4.70007 4.88942 3.96499 4.99342 6.94566 3.90722 3.31414 3.63119 3.27807 2.99646 2.92926 3.93222 3.46415 3.14079 6.54694 2.84097 3.84894 2.70482 6.44828 4.21578 3.87584 3.69742 2.64783 3.09582 2.64598
threshold=138.50000000000003 0 5.5000000000000009 0.084166079178236056 95.500000000000014 11.500000000000002 -0.20793238258139868 -0.11249472891024744 61.500000000000007 41.500000000000007 -0.11847184929993161 -0.16946326875093951 -0.23253003915849449 0.093606438911280357 -0.054145752711120529 1 111.50000000000001 107.50000000000001 0.1998441966793281 0.1921126463846515 0.054926875384448223 5.5000000000000009 -0.19570717842636684 2 0.031462478159090507 5.5000000000000009 -0.03032808624421663 0.0088538917928072877 0.09100886596633799 3
decision_type=2 9 2 2 2 2 2 2 2 2 2 2 2 2 2 9 2 2 2 2 2 2 2 1 2 2 2 2 2 1
left_child=1 2 3 4 20 6 -5 8 9 10 -4 12 -12 -10 -13 16 17 22 19 27 21 -1 23 -3 25 -25 -24 -17 -29 -28
right_child=-2 15 7 5 -6 -7 -8 -9 13 -11 11 14 -14 -15 -16 18 -18 -19 -20 -21 -22 -23 26 24 -26 -27 29 28 -30 -31
leaf_value=-0.040786043295117619 0.1338207450273424 0.16205343407955433 -0.10484442900783771 0.14586907078270639 0.2157393763787484 -0.10644747329696061 -0.051861942718446456 -0.077760444607541362 0.13888455160897825 0.21195890198845346 0.075688640860965078 0.019994791524989352 -0.11830601077075456 -0.10557617602099356 0.25499516308798803 0.018560450818165548 -0.07021744836182163 0.17960879324949616 -0.019872975363158775 0.14091342132629572 0.11796415386181802 0.16933606359803202 -0.062227605222842819 0.13830473634071033 0.22457670444036376 -0.10396747968943094 0.015375434947835054 -0.09301846441664359 0.023390158507733821 -0.011865525746881661
leaf_weight=5.702924641780557 1.9391443971544493 3.1818256359547377 2.723837842233479 2.0339959654957056 1.8251258619129647 5.7360245576128364 3.2468272261321527 18.905585568398237 0.6076241284608831 1.7661837637424458 2.0405386798083782 1.0775141865015032 1.8303545396775005 5.6401394531130791 1.0929530123248716 110.81421299278736 9.4863872714340669 1.0209053317084897 25.591799568384886 4.2271675765514365 2.4045053664594889 1.0290678422898052 11.660482936538754 0.81970113050192406 0.60914377216249693 3.396204530261457 42.561094771139331 4.7809614427387697 4.3753009662032127 104.10671722982079
leaf_count=155 12 51 90 24 31 203 92 580 3 27 33 18 38 187 22 794 183 16 280 27 28 23 432 23 22 115 725 64 33 2114
internal_value=-0.00206598 -0.00275166 -0.0224269 0.00622339 0.0564748 -0.0437761 0.0242974 -0.0463575 -0.0109749 0.031043 -0.00541153 0.0394193 -0.0160419 -0.0818012 0.138331 0.00136655 -0.00717951 -0.00403528 0.011274 0.0185998 0.0246598 -0.0086663 -0.00516242 0.0515431 -0.0213318 -0.0568623 -0.00803009 0.01429 -0.0373928 -0.00372124
internal_weight=386.234 384.295 57.6632 21.9785 10.9616 11.0168 5.28082 35.6847 16.7791 10.5314 8.7652 6.04136 3.87089 6.24776 2.17047 326.632 176.842 167.356 149.789 124.198 9.1365 6.73199 166.335 8.00688 4.82505 4.21591 158.328 119.97 9.15626 146.668
internal_count=6445 6433 1554 556 237 319 116 998 418 228 201 111 71 190 40 4879 3681 3498 1198 918 206 178 3482 211 160 138 3271 891 97 2839
cat_boundaries=0 1 2 3 4
cat_threshold=369483 18820 4 1039
is_linear=0
shrinkage=0.1


Tree=26
num_leaves=31
num_cat=3
split_feature=1 7 9 12 3 8 11 11 9 2 9 3 9 0 8 9 9 11 4 9 3 8 3 9 7 12 12 4 7 10
split_gain=2.92383 3.96627 4.43461 3.57754 4.82004 4.48046 3.76765 3.26043 3.58149 3.11195 5.61632 3.72678 3.86706 3.6221 3.53205 3.16888 5.54077 7.32123 3.0236 2.86704 4.74771 4.51941 3.88876 6.70255 10.6221 5.62047 3.53938 7.42 3.53907 3.52399
threshold=0 63.500000000000007 -0.34106758904324735 -0.021738150377086606 6.5000000000000009 0.088590241664025973 0.018272211659436228 -0.15187777148732182 -0.013080456046260054 1 -0.067936879322930729 3.5000000000000004 -0.090898385971938403 2 0.26681947452551952 -0.27238832877992025 -0.24603264038277373 0.19127887076340758 2.5000000000000004 -0.080516077502315944 22.500000000000004 0.16901573942430245 7.5000000000000009 -0.1897242449083692 95.500000000000014 0.013940269689973075 0.17633173866823754 4.5000000000000009 4.5000000000000009 -0.041706990823595705
decision_type=9 2 2 2 2 2 2 2 2 1 2 2 2 9 2 2 2 2 2 2 2 2 2 2 2 2 2 2 2 2
left_child=1 2 -1 -3 5 6 18 -4 -9 10 11 -2 14 15 -13 -11 17 -17 -5 20 21 -18 23 -23 25 -25 29 -28 -24 -21
right_child=9 3 7 4 -6 -7 -8 8 -10 13 -12 12 -14 -15 -16 16 19 -19 -20 26 -22 22 28 24 -26 -27 27 -29 -30 -31
leaf_value=0.24079038017437263 -0.086217389588240101 -0.10431255818074743 -0.10355214875323027 0.15382950462281436 -0.082735112773115405 -0.10464588358065163 0.19081280047008781 0.02085875091084724 -0.051646457992792189 -0.067664783653988772 -0.072454623166417639 -0.0093678645854894504 0.17147860934681639 0.017967865043663305 0.13993744286249371 0.020055082687475093 -0.067425766829774136 0.24161974747837001 -0.039552223212753999 -0.10481175389616973 0.09908754774885023 -0.011103036737893306 0.090658281634585336 -0.10389035342185504 0.46569146881595913 0.23405622913875015 0.0067336384587724056 0.199010533178544 -0.081726891606966265 0.00090341226476225566
leaf_weight=0.72993236128240724 3.3593983622267869 9.1628976454958337 3.2656527440994969 1.1518430970609173 7.3324571643024683 1.8438564660027621 1.8758765906095503 24.898007153533396 9.3792006587609666 7.543394490145146 16.066580666229129 11.140909693203865 1.7187865301966638 124.38531382661313 1.847141923382879 5.17084359191358 21.470005474984646 2.095840223133564 2.71263637393713 3.2637021616101256 2.7554977983236304 6.5251044686883697 1.4577004425227631 1.1114846784621488 0.86284660920500744 0.8831582199782132 7.2920655384659749 2.7691761450842023 6.50781852286309 93.18631686270237
leaf_count=9 59 271 140 32 230 67 26 490 369 136 389 174 22 976 31 83 454 20 61 101 51 127 28 36 14 25 103 32 155 1734
internal_value=-0.00197261 -0.0201104 -0.00333046 -0.0551327 -0.0249228 0.0309704 0.0745316 -0.00807681 0.0010193 0.00210619 -0.0227695 0.00881281 0.03052 0.00572827 0.0118661 -0.00411646 -0.00129572 0.0839583 0.018087 -0.00547923 -0.0277508 -0.0367544 0.00120456 0.0448285 0.172549 0.0457406 0.00321383 0.0596544 -0.0501802 -0.00267381
internal_weight=383.765 62.3524 38.2728 24.0796 14.9167 7.58421 5.74036 37.5429 34.2772 321.413 34.1328 18.0662 14.7068 287.28 12.9881 162.895 155.352 7.26668 3.86448 148.085 41.5736 38.8181 17.3481 9.38259 2.85749 1.99464 106.511 10.0612 7.96552 96.45
internal_count=6445 1695 1008 687 416 186 119 999 859 4750 675 286 227 4075 205 3099 2963 103 93 2860 890 839 385 202 75 61 1970 135 183 1835
cat_boundaries=0 1 2 3
cat_threshold=2466635 1124 84352
is_linear=0
shrinkage=0.1


Tree=27
num_leaves=31
num_cat=2
split_feature=7 1 7 3 7 3 3 8 8 8 8 10 12 2 12 4 10 11 11 3 12 10 10 7 10 9 4 4 4 12
split_gain=2.72675 2.31433 3.18653 4.82895 3.27186 4.38919 4.84701 3.11577 4.70714 4.53958 2.5734 2.46575 3.37564 2.24274 3.48543 3.12646 7.20548 2.91391 4.75642 2.60262 3.01178 3.8633 3.51587 7.3894 6.3599 5.30374 5.25373 2.96463 2.50943 4.0982
threshold=138.50000000000003 0 7.5000000000000009 19.500000000000004 3.5000000000000004 10.500000000000002 1.0000000180025095e-35 0.17206629158942524 0.1972255393842807 0.10413912153073206 0.050442957126145792 0.26230651962890877 0.0033056468641578644 1 -0.0063061500211343997 3.5000000000000004 0.055952871948697129 -0.034517921980542342 0.086596462000013849 4.5000000000000009 0.20693059428537422 -0.079947961530429379 -0.10417704854668704 9.5000000000000018 -1.0000000180025095e-35 -0.28550113898147056 2.5000000000000004 3.5000000000000004 4.5000000000000009 -0.052351772874865456
decision_type=2 9 2 2 2 2 2 2 2 2 2 2 2 1 2 2 2 2 2 2 2 2 2 2 2 2 2 2 2 2
left_child=1 2 3 4 5 6 -1 9 -9 10 -6 -4 -13 14 17 -16 -17 -3 -19 20 22 27 23 -15 -24 -25 -27 -22 29 -26
right_child=-2 13 11 -5 7 -7 -8 8 -10 -11 -12 12 -14 19 15 16 -18 18 -20 -21 21 -23 24 25 28 26 -28 -29 -30 -31
leaf_value=0.18581042680144966 0.11466639479034185 0.15468775708552052 -0.047415193187367616 -0.061914275853323243 0.025328381933227773 0.14326051243790708 -0.10692740526572436 0.37030396116059927 0.066916248132620912 -0.1164725055807172 0.21997920290140974 0.16292568450628228 -0.049010724781247378 -0.098268305666263767 -0.041355766340731313 0.12432022925620308 -0.11465633408602161 -0.064992894202544713 0.10629899852995253 0.0033563531507572126 -0.10921474380051342 0.15981661569190483 -0.083746793727309726 -0.11427077807272817 -0.11029595287964933 0.26657378908143964 0.050500946830413368 0.086839554572067823 -0.052286837908429133 0.017145225403785564
leaf_weight=0.67750951461494135 1.9973076581954945 3.4520207727327943 34.314800044521689 5.8540229033678761 1.410147316753865 1.4611937291920183 3.424501626752317 0.91065226029604707 1.1664517242461441 1.1700280383229253 1.3102993145585058 1.3694861540570848 1.6654986357316373 2.7123830178752524 7.3670999798923749 4.3661690875887871 1.7744492106139658 2.5900955367833394 4.3330569565296173 231.20715579390526 1.6265519205480816 2.0871369838714591 17.388893743976951 0.92790836561471213 2.8000898193567982 2.0520640816539526 2.4916534442454576 1.4668526398018 10.70341931004077 25.529449246823791
leaf_count=15 12 24 1030 191 33 30 117 14 34 23 13 19 35 45 95 50 24 29 32 3408 29 25 370 13 34 28 37 23 211 402
internal_value=-0.0018697 -0.00248285 -0.0197112 0.0120537 0.0496062 -0.00556395 -0.0585773 0.101038 0.199929 0.0482407 0.119082 -0.0397739 0.046622 0.00099582 0.0254089 0.00256736 0.0552634 0.079637 0.0422151 -0.00169602 -0.0186779 0.0546847 -0.0245606 0.0366915 -0.0334452 0.103593 0.148085 -0.0162483 -0.0110363 0.00454895
internal_weight=381.608 379.611 54.7346 17.3848 11.5308 5.5632 4.10201 5.96758 2.0771 3.89047 2.72045 37.3498 3.03498 324.876 23.8829 13.5077 6.14062 10.3752 6.92315 300.994 69.7864 5.18054 64.6059 8.18401 56.4219 5.47163 4.54372 3.0934 39.033 28.3295
internal_count=6445 6433 1554 470 279 162 132 117 48 69 46 1084 54 4879 254 169 74 85 61 4625 1217 77 1140 123 1017 78 65 52 647 436
cat_boundaries=0 1 2
cat_threshold=369483 9
is_linear=0
shrinkage=0.1


Tree=28
num_leaves=31
num_cat=5
split_feature=0 2 7 11 11 8 9 0 1 7 7 7 7 11 12 12 3 2 12 7 11 12 4 7 12 8 10 8 3 4
split_gain=2.28429 3.12797 5.66673 2.51388 9.90461 2.67382 4.38631 3.15836 4.21241 4.64845 5.88955 4.02707 4.63753 4.58572 3.80818 10.5029 3.77781 3.20539 4.46547 10.6843 6.37392 5.06759 2.97057 3.14167 3.94167 4.56202 4.73957 3.65074 3.32599 5.33512
threshold=0 1 13.500000000000002 0.23049212039427355 0.23949347965260481 0.13229992302506885 -0.1519833171539777 2 3 104.50000000000001 62.500000000000007 34.500000000000007 9.5000000000000018 -0.0012733494458861915 0.00085283630380552072 0.0088538917928072877 2.5000000000000004 4 0.019399799390678128 5.5000000000000009 0.019058231718925123 7.1476644827677939e-05 3.5000000000000004 2.5000000000000004 -0.012548925286006611 0.19393918745718344 -0.13104638544652522 0.2096754852379257 19.500000000000004 2.5000000000000004
decision_type=9 1 2 2 2 2 2 9 9 2 2 2 2 2 2 2 2 1 2 2 2 2 2 2 2 2 2 2 2 2
left_child=1 2 -1 5 -5 6 -2 14 9 10 11 12 13 -9 -8 -16 -15 -10 20 -20 21 -19 23 -7 25 -25 -27 -28 -26 -30
right_child=3 -3 -4 4 -6 22 7 8 17 -11 -12 -13 -14 16 15 -17 -18 18 19 -21 -22 -23 -24 24 28 26 27 -29 29 -31
leaf_value=-0.052834485946121938 0.14750520558057151 0.036940507753927869 0.011299515062380245 0.27830238067730706 0.0068900828382681776 -0.076574373805200893 -0.063368673357176927 0.29680675452590494 -0.012321057877602343 0.24076283725229117 -0.043693664978289477 0.21867362540752602 -0.10450767922366749 0.24649612570908086 0.19925864451809508 -0.10662649391841768 0.010378680568774546 0.076037114086980426 0.28241058297849991 -0.010615864600522999 -0.10704873241937547 -0.10798295163802385 -0.04593924587207808 -0.093980775048793708 0.062257795887766622 0.13644645990463541 0.092063191911391659 -0.03462281334697858 -0.10397722329266212 0.10746596888795662
leaf_weight=16.653366042301059 1.9400760931894172 21.777676913887262 79.766632108017802 1.4620533809065843 16.730485713109374 6.025007937103509 19.221455351449553 0.98715826775878479 94.976435479708016 1.4269429063424457 4.3927235696464768 2.1077755438163877 1.3616068838164208 0.84658701717853535 2.14011810068041 2.360768030397594 3.3950159763917327 9.440495749004187 2.2304398510605088 2.8144370969384909 3.5393810058012596 1.7783858478069294 35.780907251872122 6.926413111388686 13.391406340524556 2.2583386059850481 2.6458813585341003 16.214572210796177 3.4755102200433603 1.8172842273488639
leaf_count=158 36 134 498 15 229 175 502 23 1761 28 118 44 39 22 38 61 88 158 25 40 75 36 991 162 334 39 35 423 114 44
internal_value=-0.0017823 0.00932416 0.000201581 -0.00689176 0.0287023 -0.00983418 -0.00191336 -0.00380778 0.003307 0.0410782 0.0506914 0.0983575 0.0598772 0.102684 -0.0309386 0.0388183 0.0575057 -0.00437966 0.0250621 0.118937 0.00995418 0.0468668 -0.0236977 -0.00861222 0.00015041 -0.0235553 -0.000457579 -0.0168504 0.035733 -0.0313781
internal_weight=379.885 118.198 96.42 261.688 18.1925 243.495 154.96 153.02 129.297 14.5178 13.0909 8.69814 6.59037 5.22876 23.7223 4.50089 4.2416 114.78 19.8031 5.04488 14.7583 11.2189 88.5353 52.7544 46.7294 28.0452 21.1188 18.8605 18.6842 5.29279
internal_count=6445 790 656 5655 244 5411 3094 3058 2457 362 334 216 172 133 601 99 110 2095 334 65 269 194 2317 1326 1151 659 497 458 492 158
cat_boundaries=0 1 2 3 4 5
cat_threshold=11793 1364 388 2379904 1379
is_linear=0
shrinkage=0.1


Tree=29
num_leaves=31
num_cat=3
split_feature=7 1 11 7 7 11 11 7 10 2 9 8 12 9 9 11 12 4 11 9 10 3 9 8 10 2 4 7 3 3
split_gain=2.19427 1.96729 5.26442 3.9789 3.43032 3.59123 6.88012 3.34083 2.96849 2.74007 2.64961 4.34612 3.98974 2.62988 5.29708 3.46874 2.57429 4.41312 6.43596 2.36564 3.84842 3.23465 2.16986 4.17634 2.05508 2.05498 3.37701 4.42465 2.58598 4.34787
threshold=138.50000000000003 0 0.31419930206939634 100.50000000000001 7.5000000000000009 -0.0012733494458861915 -0.0057735521567636346 124.50000000000001 0.26230651962890877 1 -0.27620152152996064 0.29108783715307424 -0.12396265807624775 -0.082343916392681446 -0.13771935410294769 -0.043313160643240013 -0.023761275089391534 3.5000000000000004 0.013379905599865296 -0.039157559841278437 -0.00053711450308688302 4.5000000000000009 -0.021646508207240411 0.076461959630824985 0.16972473411188879 2 5.5000000000000009 4.5000000000000009 19.500000000000004 9.5000000000000018
decision_type=2 9 2 2 2 2 2 2 2 1 2 2 2 2 2 2 2 2 2 2 2 2 2 2 2 1 2 2 2 2
left_child=1 2 3 4 5 6 13 19 -6 16 11 -11 -13 14 15 -1 -3 -18 -19 21 -21 -5 23 -7 -14 26 -12 -28 29 -27
right_child=-2 9 -4 7 8 22 -8 -9 -10 10 25 12 24 -15 -16 -17 17 18 -20 20 -22 -23 -24 -25 -26 28 27 -29 -30 -31
leaf_value=-0.10925264399664897 0.10241441275432105 0.086104291693201218 0.10347006858952226 0.13092176977332801 -0.059493558273652374 0.083677036352226397 0.30920239429274182 -0.10718408425374751 0.063284063752230793 -0.079524067420470537 -0.049073352890228794 0.18621415543594719 -0.10784835118309935 -0.10367431210107558 0.17604195180343116 0.16597130930145435 -0.038377941240666263 0.14699735181343779 -0.068480963738512868 0.27152334015938345 0.052895319099457994 -0.10483731028868769 -0.084427014956218682 -0.058883354194939799 0.059697761791819938 0.001741810040338299 0.2082515286948452 -0.054448808418325403 -0.013445030777983378 0.039668154223732724
leaf_weight=1.8880713451653715 2.0138806179165831 8.3791979523375648 3.3389009069651356 1.0302791427820919 34.466889882460237 3.4711657734587789 0.94008202664554374 1.2037147879600523 2.0885603288188568 10.053489008918403 19.071950107812885 1.3107126168906686 1.4576319791376584 1.3669701050966976 1.9981645215302708 0.60455853957682859 7.1345199551433307 4.2361514754593372 2.0603018552064896 1.2128833923488858 2.394977586343884 1.3373762378469107 4.8688716571778032 5.03663335647434 1.4707615626975892 146.78701629023999 1.2462721448391669 1.3204597467556594 66.484921673312783 38.065550267696381
leaf_count=73 12 56 42 16 998 49 18 38 37 123 396 15 40 63 35 9 88 38 28 15 44 49 173 101 14 2157 25 26 1139 528
internal_value=-0.00169011 -0.00224721 -0.0164877 -0.0253347 -0.034211 -0.00111041 0.0580742 0.0448055 -0.0524788 0.00134122 -0.00168647 -0.0437166 0.0412047 0.0177719 0.0547394 -0.0425003 0.0292136 0.015472 0.0764893 0.0754225 0.126393 -0.00224735 -0.0311872 -0.000718988 -0.0236997 0.000452382 -0.0236509 0.0731049 0.00333581 0.00955175
internal_weight=378.341 376.327 67.2481 63.9092 56.73 20.1745 6.79785 7.17923 36.5555 309.079 287.269 14.2926 4.23911 5.85776 4.49079 2.49263 21.8102 13.431 6.29645 5.97552 3.60786 2.36766 13.3767 8.5078 2.92839 272.976 21.6387 2.56673 251.337 184.853
internal_count=6445 6433 1760 1718 1556 521 198 162 1035 4673 4463 192 69 180 117 82 210 154 66 124 59 65 323 150 54 4271 447 51 3824 2685
cat_boundaries=0 1 2 3
cat_threshold=516683 9 100
is_linear=0
shrinkage=0.1


Tree=30
num_leaves=31
num_cat=4
split_feature=0 2 7 10 3 10 7 7 12 8 9 10 11 3 10 1 7 8 7 11 12 9 9 12 2 12 11 12 3 3
split_gain=1.96651 2.35937 4.45793 2.57193 2.50252 2.43088 3.74161 5.95222 3.78217 3.606 3.25154 3.18163 3.85111 3.02733 2.36412 2.27888 4.04083 4.06531 4.05185 2.50493 3.81564 5.24574 4.97342 3.74122 2.7845 3.63769 3.17902 2.81421 2.74526 3.5285
threshold=0 1 13.500000000000002 0.22996500068205245 4.5000000000000009 0.076578621354267976 63.500000000000007 49.500000000000007 7.1476644827677939e-05 0.10276328473188595 -0.22199930506919352 -0.14140843894309393 0.11606605447527513 18.500000000000004 -0.013938153897332696 2 104.50000000000001 0.14019120348918732 117.50000000000001 -0.037750267283982203 -0.034769549956628683 0.14448225102241341 -0.099517369046813367 -0.031642121609986355 3 -0.15621050735339606 -0.016710637455943506 0.64305945152968558 17.500000000000004 5.5000000000000009
decision_type=9 1 2 2 2 2 2 2 2 2 2 2 2 2 2 9 2 2 2 2 2 2 2 2 1 2 2 2 2 2
left_child=1 2 3 4 -1 6 7 9 11 -4 -7 -8 13 -13 -3 16 -2 18 -18 20 -17 22 23 -22 25 -21 -27 -28 29 -25
right_child=15 14 5 -5 -6 10 8 -9 -10 -11 -12 12 -14 -15 -16 19 17 -19 -20 24 21 -23 -24 28 -26 26 27 -29 -30 -31
leaf_value=0.0063637877763847344 -0.046719040854339228 0.089510787360316355 0.080458652192820501 0.060192575229319006 -0.08839351211243518 0.029051350528495647 -0.1063417347255339 0.17645951306187774 0.090774517955328662 -0.054048127138442564 -0.07176816844190767 0.012581511696322951 0.089146970582658178 -0.046166831758616925 0.021882476506680078 -0.10513546667889878 0.24068157145205935 -0.10695971619927785 0.0094184936525799311 0.13794034375610661 0.21423254966471117 0.22585683975816956 -0.082694466594713301 -0.026017916651020948 0.0069615388235490508 0.11085803493275147 -0.054294396509784265 0.13340216288558335 -0.061857216373942425 0.099060771245132961
leaf_weight=3.8369507296010843 31.509141931310296 8.3172255232930201 4.582059331238268 1.9467853531241406 10.186142184771596 5.5566187929362059 2.7161413542926303 3.6000887081027022 4.9233671315014353 3.5275960154831409 7.5390712227672321 29.720251424238086 4.8719905428588381 12.444042813032864 13.656337309628723 5.4276628559455302 1.4264516476541751 1.0934461853466926 1.6157287089154122 1.2056502811610723 0.87645447719842806 0.89082620665430923 8.4055280359461886 4.775374065153299 167.15974168945104 1.3289192738011539 23.64393584895879 0.82674145139753719 4.5946094961836925 4.2739972975105047
leaf_count=32 1211 46 27 13 113 43 19 19 27 33 58 154 24 94 88 230 29 44 35 19 13 20 265 128 2754 26 618 16 144 103
internal_value=-0.00161722 0.00871094 0.000632263 -0.0475138 -0.0624663 0.0103856 0.0181531 0.0694529 0.00716631 0.0219499 -0.0289895 -0.00110733 0.0049695 -0.00475702 0.0326306 -0.00638845 -0.026958 0.0584153 0.117856 -0.00209223 -0.0294701 -0.0122265 -0.0214776 0.0139593 0.00192357 -0.0232349 -0.0397728 -0.0479531 0.00109429 0.0330565
internal_weight=376.479 117.425 95.4511 15.9699 14.0231 79.4812 66.3855 11.7097 54.6758 8.10966 13.0957 49.7524 47.0363 42.1643 21.9736 259.054 35.6448 4.13563 3.04218 223.409 29.2445 23.8168 22.926 14.5204 194.165 27.0052 25.7996 24.4707 13.644 9.04937
internal_count=6445 790 656 158 145 498 397 79 318 60 101 291 272 248 134 5655 1319 108 64 4336 903 673 653 388 3433 679 660 634 375 231
cat_boundaries=0 1 2 3 4
cat_threshold=11793 1364 483883 736
is_linear=0
shrinkage=0.1


Tree=31
num_leaves=31
num_cat=6
split_feature=7 0 1 0 7 1 7 7 12 12 9 11 12 2 9 11 3 7 4 0 7 7 10 3 12 3 8 10 10 7
split_gain=1.75635 1.48415 3.34176 4.35721 3.08839 3.17188 3.77307 3.92368 4.16157 6.27472 2.97483 5.38743 5.5785 3.30543 4.18895 4.14162 3.90212 3.84676 2.89793 2.79501 5.19419 3.84968 2.92299 2.81342 4.81811 3.86593 4.54326 3.41301 3.40481 5.45927
threshold=138.50000000000003 0 1 2 118.50000000000001 3 74.500000000000014 68.500000000000014 0.0069455940023783235 0.0080039039437109546 -0.1897242449083692 -0.34784006549529961 -0.19634359581224767 4 -0.17621028406570624 0.00022836835900457369 12.500000000000002 3.5000000000000004 5.5000000000000009 5 103.50000000000001 104.50000000000001 -1.0000000180025095e-35 6.5000000000000009 -0.0033034003713019364 5.5000000000000009 0.0040037820714198527 0.037794265000999167 -0.084996288013709842 9.5000000000000018
decision_type=2 9 9 9 2 9 2 2 2 2 2 2 2 1 2 2 2 2 2 9 2 2 2 2 2 2 2 2 2 2
left_child=1 4 18 -4 5 10 7 8 -7 -10 11 -1 -13 15 -15 16 17 -12 19 20 22 23 -3 25 27 26 -21 -25 -28 -30
right_child=-2 2 3 -5 -6 6 -8 -9 9 -11 13 12 -14 14 -16 -17 -18 -19 -20 21 -22 -23 -24 24 -26 -27 28 -29 29 -31
leaf_value=0.18324797948224891 0.091353631007337552 -0.052124689746771459 0.016676422836664675 -0.017611481641726826 -0.086182034692651802 -0.040269396934834875 -0.069778542800388477 0.084521462570123745 0.24391835700266565 0.0026773039588360989 0.22624053334285149 0.11408928222667006 -0.08101578419496161 0.16402804893446046 0.019048443295838484 -0.1066810306208692 -0.074978629451685111 0.0075015341251019295 0.097506624091793531 0.15815885963825996 -0.13721706451782179 0.11768900821891362 0.056310081081740161 0.015838315920423854 -0.057735277437463497 0.1486674181521683 0.1011078837242968 0.15550240535445936 0.086469598309821774 -0.12569973289432004
leaf_weight=1.0265774149447686 2.0248784758150569 4.6081444006413212 51.157654441893101 86.42793149035424 5.013726277742534 35.370710853952914 14.133655860554425 3.9060798035934559 1.1373222265392566 20.734560532495379 1.1875363476574405 1.6915175449103106 10.966843156144019 2.0513020483776918 70.031702659092844 5.7682835822924972 3.0400081649422646 2.4891709415242076 5.2272560056298962 2.0499912332743389 3.3669856563210496 5.0870769750326863 5.3979460336267939 9.0604188302531821 8.2806790173053759 3.578812255524098 1.9995381720364083 2.1684878729283801 1.860134536400438 3.4845566572621465
leaf_count=17 12 39 270 1002 135 1300 543 101 34 547 24 22 263 30 1301 129 104 40 46 19 19 58 44 98 115 36 13 18 19 47
internal_value=-0.00152756 -0.00203271 0.00400329 -0.0045963 -0.00833991 -0.00657151 -0.0204909 -0.0124497 -0.0190668 0.0152217 0.00560835 -0.0370762 -0.0549442 0.0131788 0.0203509 -0.0247258 0.00884447 0.0781518 0.0225788 0.0193226 -0.0170387 0.0290646 0.00637219 0.024133 0.00013427 0.0602236 0.0265302 0.0428098 -0.0102112 -0.0518576
internal_weight=374.329 372.305 193.756 137.586 178.549 173.535 75.2823 61.1487 57.2426 21.8719 98.2529 13.6849 12.6584 84.568 72.083 12.485 6.71672 3.67671 56.17 50.9428 13.3731 37.5697 10.0061 32.4826 19.5096 12.973 9.39422 11.2289 7.34423 5.34469
internal_count=6445 6433 1843 1272 4590 4455 2525 1982 1881 581 1930 302 285 1628 1331 297 168 64 571 525 102 423 83 365 231 134 98 116 79 66
cat_boundaries=0 1 2 3 4 5 6
cat_threshold=16516 3429798 9984 35008 624 10240
is_linear=0
shrinkage=0.1


Tree=32
num_leaves=31
num_cat=3
split_feature=0 7 10 11 9 8 10 8 11 12 9 7 7 11 11 12 4 10 11 7 11 3 12 7 1 12 2 4 4 10
split_gain=1.47418 1.6239 1.60019 3.39264 2.35315 2.06214 2.97458 5.35877 4.0749 3.54837 2.50037 1.73411 2.49334 1.49593 5.96475 2.96258 2.43823 2.88938 3.09039 2.222 3.71243 4.90766 4.38723 2.24721 4.61545 4.93524 5.157 5.11388 7.5813 8.13842
threshold=0 2.5000000000000004 0.080950209544893875 -0.19570717842636684 -0.23253003915849449 0.18744430795739159 -0.0021271774870235817 0.013478166205983322 -0.022580406270039838 -0.0002415632351161349 -0.14635065812801137 96.500000000000014 57.500000000000007 0.23049212039427355 0.23949347965260481 -0.080063104773454422 3.5000000000000004 -0.11999801773067545 0.16279699378151072 1.0000000180025095e-35 -0.0025313830454667123 7.5000000000000009 -0.0061694721250841961 64.500000000000014 1 -0.019376666333663115 2 1.5000000000000002 5.5000000000000009 -0.0033267818578998111
decision_type=9 2 2 2 2 2 2 2 2 2 2 2 2 2 2 2 2 2 2 2 2 2 2 2 9 2 1 2 2 2
left_child=1 -1 3 -3 -4 6 7 -5 -9 -8 -10 12 -12 15 -15 16 17 18 -2 20 21 -17 -23 24 -21 27 -27 -26 -29 -30
right_child=13 2 4 5 -6 -7 9 8 10 -11 11 -13 -14 14 -16 19 -18 -19 -20 23 -22 22 -24 -25 25 26 -28 28 29 -31
leaf_value=0.051224508142497287 0.16349127445214745 -0.085777591094191419 0.021867068479391738 -0.12742576617067791 -0.061557838056011706 0.067489591112217417 0.086872829540953239 -0.069326069120450723 -0.024453613336096414 0.011537392048765117 0.076291647382938657 0.083650342302184919 -0.022561215541713059 0.19651407951048044 0.0039648355423574149 -0.10732572932702218 -0.083551731679030961 -0.056420891995483335 -0.0039376235285172373 -0.02211166509910286 -0.068176898505884556 -0.025613002607709441 0.24954929848254925 -0.01404366756472923 0.14189089332338187 -0.031797903339109833 0.020097954973686039 -0.0020456945996227198 -0.035273736416695463 0.3317562210838918
leaf_weight=8.4819147754460555 1.4372821380384264 3.4480955572798839 5.9097673967480659 3.4833215475082389 7.9020007830113155 6.9625501148402682 8.7288267668336648 6.1964040966704514 8.1220766231417674 22.03532048035413 4.323325030505659 6.4883782118558875 6.2260002456605434 1.7642134679481412 18.265658452175558 1.3269983925856643 8.6897127185948175 7.8369347834959644 4.7320423033088446 32.81777554191649 11.764078508131204 1.006356153637171 1.3659261539578436 85.672247991431504 5.8069560043513802 16.899700151290745 60.311272911727428 12.078082610853015 0.99253865797072682 1.5438550012186159
leaf_count=48 30 66 42 18 57 38 52 57 40 105 21 28 35 15 242 40 194 177 74 867 244 28 33 1841 111 446 1212 234 25 25
internal_value=-0.00148637 0.00853133 0.00544974 0.0111391 -0.0258621 0.0157442 0.0102525 -0.00975699 0.00331469 0.0329126 0.0212048 0.0429707 0.0179507 -0.00519803 0.0209244 -0.00746013 -0.0419395 -0.0161226 0.0350687 -0.00408106 -0.0407007 0.0466764 0.132822 -0.00146096 0.00680264 0.0170411 0.00722383 0.0625039 0.03096 0.18813
internal_weight=372.62 98.308 89.8261 76.0143 13.8118 72.5662 65.6037 34.8395 31.3562 30.7641 25.1598 17.0377 10.5493 274.312 20.0299 254.282 22.696 14.0063 6.16932 231.586 15.4634 3.69928 2.37228 216.122 130.45 97.6324 77.211 20.4214 14.6145 2.53639
internal_count=6445 607 559 460 99 394 356 199 181 157 124 84 56 5838 257 5581 475 281 104 5106 345 101 61 4761 2920 2053 1658 395 284 50
cat_boundaries=0 1 2 3
cat_threshold=8721 1558082 616
is_linear=0
shrinkage=0.1


Tree=33
num_leaves=31
num_cat=2
split_feature=1 3 11 3 11 8 0 7 10 7 7 10 9 7 9 9 7 3 3 4 3 7 12 11 11 7 12 12 10 11
split_gain=1.43025 3.08002 3.66988 2.32511 2.52737 2.41918 2.37942 3.33 2.86566 3.71107 3.57707 3.45023 5.48948 3.41428 3.50986 3.58992 3.50641 4.38832 3.3345 3.19041 2.93605 2.80654 2.38406 2.3382 3.23046 2.26473 2.8283 2.23702 2.22664 2.18543
threshold=0 5.5000000000000009 -0.066352861651436848 5.5000000000000009 -0.00021892909243083296 0.19036988841771263 1 101.50000000000001 0.00043834955599935147 68.500000000000014 75.500000000000014 -0.13301203404873482 -0.1519833171539777 13.500000000000002 -0.080516077502315944 -0.051553287296813098 9.5000000000000018 3.5000000000000004 1.0000000180025095e-35 1.5000000000000002 1.5000000000000002 2.5000000000000004 -1.0000000180025095e-35 0.045510216900696614 0.12233919885834507 6.5000000000000009 0.069372370349033055 -0.063159657506402692 -1.0000000180025095e-35 0.23049212039427355
decision_type=9 2 2 2 2 2 9 2 2 2 2 2 2 2 2 2 2 2 2 2 2 2 2 2 2 2 2 2 2 2
left_child=1 2 -1 4 5 -2 7 8 9 11 -11 -6 -13 14 -14 -16 17 20 -15 -12 -17 -22 -21 28 -25 -10 -27 -7 -8 -5
right_child=3 -3 -4 29 6 27 23 -9 25 10 19 12 13 18 15 16 -18 -19 -20 22 21 -23 -24 24 -26 26 -28 -29 -30 -31
leaf_value=-0.1051526888944095 -0.074687382965877888 -0.039047056488996694 0.025343264624511821 0.0043194855752739531 -0.10641745540000905 -0.1119861016831504 -0.01687950842168446 -0.11036472485689755 -0.11691021953380556 0.15514378630947459 0.13122906867540679 0.13945857232292225 -0.11265028519548803 0.059724794701148914 0.19580066761622683 -0.029707962813306385 0.13277700448064697 -0.08963936062391159 -0.098545394484300802 -0.12243931037578802 0.22511464695108938 0.022879204480345958 0.026476156682814878 -0.07693588345602638 0.038742969944431244 -0.042697366278469664 0.11752206347249683 0.0097067305496967328 0.087273939268074391 0.044350033093382792
leaf_weight=2.4307622467167702 10.918120237067344 30.143098172266036 18.999520733952522 204.58773937262595 3.4550766292959443 1.7861770065501321 2.7167312540113917 3.4634338039904824 3.5081117758527389 2.7664011996239406 1.8669566735625265 2.5430167606100467 1.9026359096169496 1.6668397095054368 1.2239568978548057 2.4648877298459393 2.0802009999752054 4.0073782186955214 6.6101346760988235 1.602341817691922 1.3279678830876949 1.419953044503927 3.2670659525319934 3.8428052430972439 6.493267772719264 9.7920346856117231 1.2414691867306817 9.7897917618975026 8.3963481318205613 14.61214793473482
leaf_count=129 225 1032 457 3053 82 44 26 52 67 35 25 36 40 24 13 47 48 69 137 23 15 26 56 32 42 188 16 212 60 134
internal_value=-0.00151343 -0.0154465 0.0105416 0.00118328 -0.011403 -0.0409195 -0.00285349 -0.0130561 -0.0091419 0.00523823 0.0594036 -0.012695 0.000131009 -0.0154747 0.0138982 0.0331228 0.015503 -0.0109557 -0.0666725 0.0200863 0.0495329 0.120612 -0.0225264 0.0204407 -0.00426479 -0.0469224 -0.0246698 -0.00907053 0.0618123 0.00698797
internal_weight=370.926 51.5734 21.4303 319.353 100.153 22.4941 77.659 56.2099 52.7464 38.2048 9.50277 28.702 25.247 22.704 14.427 12.5243 11.3004 9.22019 8.27697 6.73636 5.21281 2.74792 4.86941 21.4492 10.3361 14.5416 11.0335 11.576 11.1131 219.2
internal_count=6445 1618 586 4827 1640 481 1159 999 947 676 139 537 455 419 258 218 205 157 161 104 88 41 79 160 74 271 204 256 86 3187
cat_boundaries=0 1 2
cat_threshold=2466379 27012
is_linear=0
shrinkage=0.1


Tree=34
num_leaves=31
num_cat=4
split_feature=7 2 11 10 11 4 9 10 3 3 7 7 9 12 12 9 11 7 0 7 7 12 7 11 9 3 9 1 9 0
split_gain=1.43379 1.23827 4.15388 3.48978 2.80853 3.69889 4.25046 3.83465 2.68968 5.85578 3.13141 4.74894 5.77044 5.16864 5.06802 3.6846 2.68002 2.81353 2.80823 3.93878 2.66208 6.16804 2.6022 3.51327 2.26612 4.33497 2.80768 2.23941 3.82364 3.30828
threshold=138.50000000000003 0 -0.034517921980542342 -0.026868939965529141 -0.043313160643240013 1.0000000180025095e-35 -0.21661439368457275 0.023118273968598942 18.500000000000004 5.5000000000000009 123.50000000000001 44.500000000000007 -0.23545744974618663 -0.0210885290280695 -0.0043101508204381094 -0.12935832107006742 -0.026736570255571118 14.500000000000002 1 7.5000000000000009 1.0000000180025095e-35 -0.11027830303549406 2.5000000000000004 -0.11847184929993161 -0.11380243522561705 19.500000000000004 -0.20001758355746643 2 -0.16045655316716165 3
decision_type=2 1 2 2 2 2 2 2 2 2 2 2 2 2 2 2 2 2 9 2 2 2 2 2 2 2 2 9 2 9
left_child=1 2 3 -1 5 6 -3 -8 9 -7 11 12 -11 -13 -15 -16 -4 18 19 -18 21 -6 23 -10 26 -26 -5 -22 -29 -30
right_child=-2 4 16 24 20 8 7 -9 22 10 -12 13 -14 14 15 -17 17 -19 -20 -21 27 -23 -24 -25 25 -27 -28 28 29 -31
leaf_value=-0.10600167426212692 0.082371743175376488 0.14362337174663106 -0.13080250091395138 0.058099090239594309 0.19833029894977861 -0.072405554379882581 -0.082265830689948749 0.18378516553934979 -0.1087930584555506 0.11798531382301719 -0.094571018949175745 -0.033883022116873579 -0.11454817675364837 0.2424324263018649 0.14436612534534668 -0.10452409549469395 -0.11193243674285361 -0.12020192348210074 0.018920633865090013 0.042593053175960106 0.0073365600010581247 -0.067062409264550232 -0.094848560386234612 0.15247849835150382 -0.079905085753459351 0.13349109906322601 0.21601263064113879 0.030154560861321886 0.017291366068521396 -0.035369844628335347
leaf_weight=0.97326773405074973 2.0295766964554778 2.5422063674777746 1.5043035726994265 2.117585058324039 0.94987396523356338 11.722622374072673 2.6564041837118562 0.68053370341658581 0.98684049583971534 1.6127381566911934 1.9472503447905172 2.2655777339823535 3.1547301043756288 2.6853570267558089 1.4749664589762677 0.99677091743797364 5.4049738608300686 1.7403808934614051 39.940625017508864 2.3740701219066978 180.3827503323555 11.218761034775524 11.098368994891642 1.0756580168381322 1.728001877665519 2.1196498339995742 2.4042873783037058 15.074145859107373 12.429444569163023 42.340437345206738
leaf_count=34 12 34 20 32 13 366 79 15 25 29 26 66 91 42 27 37 77 23 611 30 2569 236 363 19 43 37 28 247 177 1037
internal_value=-0.00144772 -0.0019105 0.0102289 0.0732218 -0.00447996 -0.0277366 0.0462076 -0.0280075 -0.0388775 -0.0201479 0.0231838 0.041994 -0.0358868 0.0920156 0.147324 0.0439968 0.000688157 0.00468738 0.00924221 -0.0283408 -0.000671113 -0.0463461 -0.0756797 0.0274683 0.0940632 0.0376537 0.142062 0.00155008 -0.0126357 -0.0267197
internal_weight=369.632 367.603 60.3071 9.34279 307.295 44.9 5.87914 3.33694 39.0209 25.86 14.1374 12.1901 4.76747 7.42267 5.15709 2.47174 50.9644 49.46 47.7197 7.77904 262.395 12.1686 13.1609 2.0625 8.36952 3.84765 4.52187 250.227 69.844 54.7699
internal_count=6445 6433 935 174 5498 1219 128 94 1091 684 318 292 120 172 106 64 761 741 718 107 4279 249 407 44 140 80 60 4030 1461 1214
cat_boundaries=0 1 2 3 4
cat_threshold=537 2240 3971076 67648
is_linear=0
shrinkage=0.1


Tree=35
num_leaves=31
num_cat=6
split_feature=0 1 4 10 3 7 12 10 6 11 11 12 12 7 0 10 11 10 3 2 1 7 11 10 11 7 12 10 11 11
split_gain=1.20164 1.62391 2.88343 3.34862 4.5899 5.15774 2.54824 2.2427 4.00347 2.01293 5.95006 4.50516 3.15489 2.57786 2.93293 6.21155 4.98694 5.97792 3.93787 2.49938 2.55829 5.00444 5.61611 4.24502 3.76021 3.33558 2.39814 3.75764 2.46217 2.44007
threshold=0 1 3.5000000000000004 -1.0000000180025095e-35 8.5000000000000018 108.50000000000001 0.36084437979176426 0.33327119557966439 2 -0.010656554871265198 -0.0095679895437636043 -0.036588249647068118 -0.031642121609986355 115.50000000000001 3 0.014973464725279042 -0.081420168194863182 -0.0079625532507878859 7.5000000000000009 4 5 5.5000000000000009 0.010980346401370989 -0.0021190682454803817 0.12817875666462 2.5000000000000004 0.18247480436877692 0.029594720823269822 -0.11283753926688021 -0.19864667094060498
decision_type=9 9 2 2 2 2 2 2 1 2 2 2 2 2 9 2 2 2 2 1 9 2 2 2 2 2 2 2 2 2
left_child=-1 2 3 6 5 7 -2 8 -5 11 -11 -3 -13 14 26 16 17 -16 -18 -12 -21 22 23 -22 -23 -24 27 -14 29 -29
right_child=1 9 -4 4 -6 -7 -8 -9 -10 10 19 12 13 -15 15 -17 18 -19 -20 20 21 24 25 -25 -26 -27 -28 28 -30 -31
leaf_value=0.0070062222753935494 -0.086176061771716939 -0.093681230185728964 -0.077440289744322988 0.25394740808175448 -0.069203518967023328 0.35570071462783037 0.086743400690666536 0.16287281709576576 -0.038390726157583127 0.22605670250091478 0.0062438555541252799 0.11664203624352246 -0.071752817052834483 -0.11000042414638998 0.022476581465784927 -0.11094844205372621 -0.073239282579514106 0.28274466334102444 0.13582238975539573 -0.036750738812230392 0.38103195048660538 -0.10451482589999316 -0.11092231879490318 0.09114170555594113 0.14706582604102478 0.12035907440847185 0.043042105817081726 -0.028071010307795186 -0.10398096467775753 0.15751236562977827
leaf_weight=110.27636520192027 5.6790746469050637 7.2188324565067878 9.9080332890152913 0.56130304886028171 2.7722966130822897 0.63985807076096524 1.0026898365467785 1.3372857905924318 2.831904022023084 1.1817986844107498 158.8471866035834 1.9508074661716808 14.122898293659096 2.5902691325172773 1.4594479687511919 1.769053165335208 2.1237962609156993 2.23228570073843 1.5648092124611137 22.673863139934838 1.0012075304985049 2.6943380888551478 1.1867088060826065 1.0195202808827186 0.76214946061372746 1.3140904717147348 3.4635345367714754 1.1756680356338625 0.91442635282874007 1.7828360702842474
leaf_count=754 255 312 451 31 132 11 25 11 120 24 2652 30 479 59 33 52 34 36 22 559 13 85 26 35 11 37 56 31 33 36
internal_value=-0.0013805 -0.00504436 -0.0254036 -0.00776072 0.0352926 0.0892359 -0.0602271 0.0531932 0.00996774 -0.00192742 0.00237073 -0.0217263 -0.00694864 -0.0142109 -0.00610475 0.0273997 0.0976867 0.179853 0.0154505 0.000975729 -0.0213854 0.0184353 0.110791 0.234773 -0.0490417 0.0106087 -0.022618 -0.0478235 0.0394362 0.0837641
internal_weight=368.058 257.782 24.7324 14.8244 8.14265 5.37035 6.68176 4.73049 3.39321 233.05 190.681 42.3687 35.1498 33.199 30.6088 9.14939 7.38034 3.69173 3.68861 189.499 30.6519 7.97801 4.52153 2.02073 3.45649 2.5008 21.4594 17.9958 3.87293 2.9585
internal_count=6445 5691 1036 585 305 173 280 162 151 4655 3442 1213 901 871 812 177 125 69 56 3418 766 207 111 48 96 63 635 579 100 67
cat_boundaries=0 1 2 3 4 5 6
cat_threshold=10769 401963 2 17472 1307 526468
is_linear=0
shrinkage=0.1


Tree=36
num_leaves=31
num_cat=4
split_feature=3 3 10 4 8 9 8 9 7 12 1 11 12 8 3 3 6 7 3 12 0 11 1 7 11 11 7 7 7 11
split_gain=1.18346 3.18193 4.97395 2.51789 3.9003 2.60104 2.45086 5.03561 3.48813 2.8007 2.02842 2.49488 2.70066 6.13352 2.16124 2.90918 3.90542 5.76922 2.75812 2.19548 2.16102 4.5797 3.6582 5.04289 3.90943 4.09401 3.58078 8.12475 3.81625 5.17784
threshold=22.500000000000004 21.500000000000004 0.22996500068205245 4.5000000000000009 0.35444043473811127 -0.004468157586979919 0.045560522534825114 -0.16756605835600905 34.500000000000007 -0.0043101508204381094 0 0.27144792741245583 0.19566988797904036 0.088590241664025973 9.5000000000000018 17.500000000000004 1 1.5000000000000002 12.500000000000002 -0.16467614536281963 2 0.19444424987219186 3 6.5000000000000009 -0.063832101648202993 -0.29078639131744355 64.500000000000014 45.500000000000007 1.5000000000000002 0.11183507750225226
decision_type=2 2 2 2 2 2 2 2 2 2 9 2 2 2 2 2 1 2 2 2 9 2 9 2 2 2 2 2 2 2
left_child=1 10 -3 4 6 -5 8 -8 -2 -9 11 12 -1 -14 -12 16 18 -18 -16 -17 21 -21 24 -24 25 -22 27 28 -26 -30
right_child=3 2 -4 5 -6 -7 7 9 -10 -11 14 -13 13 -15 15 19 17 -19 -20 20 22 -23 23 -25 26 -27 -28 -29 29 -31
leaf_value=-0.040668248587545121 -0.061978602530993888 -0.054496948930843496 0.10969852295387768 -0.070726150478580538 -0.1103139264514548 0.08857229653262888 -0.022069117905097319 0.2095839100821483 0.09351415554459136 0.070481822943056424 -0.0036066839992118052 0.055884658926513286 0.19251634716387023 -0.10331013119662918 0.048008235698191466 0.14196112983187253 0.1683801287054893 -0.10569206543522294 0.14607413277781056 -0.033579187201239924 0.15451412888817187 0.13752648305639179 0.057478707596121517 -0.075098430101560698 -0.052321783876610961 -0.11085613811366123 0.0083820686282664973 0.2030550578120196 0.089698918789036464 -0.069549611135316977
leaf_weight=32.070104170590639 3.1907263388857272 20.165684292092923 2.0307112503796807 4.5359148001298308 1.5189974363893259 1.3242447767406691 2.6338154682889581 3.0983810648322105 2.6333676520735025 2.7164394315332157 182.69928718172014 3.524714400060474 1.5776302125304931 1.2611266449093816 10.510498369112609 1.1814176607877005 1.0287452563643462 3.0307832411490381 3.9442552495747814 24.136236502788964 0.7145644994452599 1.6726599410176266 4.0272413548082104 9.9765451778657717 3.4263533083722058 3.1186307249590746 16.039306188002229 3.8223899975419036 12.870862807147203 2.4266766896471372
leaf_count=944 103 422 21 74 38 26 46 33 46 43 2901 46 18 52 74 16 16 83 37 346 13 10 100 288 74 89 212 40 190 44
internal_value=-0.00142796 -0.00285021 -0.039475 0.0212509 0.0420244 -0.0347288 0.0582373 0.0926427 0.00832754 0.144601 -0.000333844 -0.0192805 -0.032393 0.0610945 0.00280346 0.0145684 0.0504278 -0.0362381 0.0747674 0.00660902 0.00466442 -0.0162094 0.0145132 -0.0215692 0.0282674 -0.0613872 0.0444999 0.0701939 0.0430709 0.064437
internal_weight=366.908 345.256 22.1964 21.6519 15.7917 5.86016 14.2727 8.44864 5.82409 5.81482 323.06 38.4336 34.9089 2.83876 284.626 101.927 18.5143 4.05953 14.4548 83.4129 82.2315 25.8089 56.4226 14.0038 42.4188 3.8332 38.5856 22.5463 18.7239 15.2975
internal_count=6445 6036 443 409 309 100 271 122 149 76 5593 1060 1014 70 4533 1632 210 99 111 1422 1406 356 1050 388 662 102 560 348 308 234
cat_boundaries=0 1 2 3 4
cat_threshold=353058 4 2260 2132100
is_linear=0
shrinkage=0.1


Tree=37
num_leaves=31
num_cat=4
split_feature=0 2 4 12 7 12 10 7 10 11 11 4 3 3 7 12 3 7 11 3 7 7 8 8 8 3 1 7 7 6
split_gain=1.11624 2.60869 2.57298 3.6889 2.93549 2.91499 2.22029 3.36619 2.74798 3.24972 2.60908 2.20081 2.15336 3.51062 2.43532 3.92668 3.74002 3.21394 2.10059 2.07789 1.9367 2.29931 1.81289 2.64889 1.81133 1.69106 1.68618 2.21914 3.68335 2.89761
threshold=0 1 5.5000000000000009 -0.00097548765397963209 8.5000000000000018 -0.066376733776290373 0.35402840608445918 13.500000000000002 0.076578621354267976 0.19127887076340758 0.11606605447527513 2.5000000000000004 4.5000000000000009 1.5000000000000002 63.500000000000007 7.1476644827677939e-05 20.500000000000004 72.500000000000014 0.12203329191954664 18.500000000000004 81.500000000000014 102.50000000000001 0.17373201514300748 0.076461959630824985 0.228668526934551 5.5000000000000009 2 108.50000000000001 117.50000000000001 3
decision_type=9 1 2 2 2 2 2 2 2 2 2 2 2 2 2 2 2 2 2 2 2 2 2 2 2 2 9 2 2 1
left_child=1 6 3 5 -5 -3 7 11 9 10 12 22 13 -9 16 17 -14 -16 24 20 -19 -22 23 -1 -10 -13 27 29 -29 -2
right_child=26 2 -4 4 -6 -7 -8 8 18 -11 -12 25 14 -15 15 -17 -18 19 -20 -21 21 -23 -24 -25 -26 -27 -28 28 -30 -31
leaf_value=0.015616695465361831 -0.10315765031447839 0.011480598965938008 0.12330012298639531 -0.068826500912769109 0.056975323289869165 0.1063386073353324 0.073696202448447365 0.038688519729722176 -0.087569472021414019 -0.082388267224936557 0.080525119984592025 -0.019955007024083274 -0.00097936053986634984 -0.094777830828969095 -0.087995570767833042 0.094240884108334477 0.13414404242504413 -0.03554413275737206 0.037652331352062175 -0.031891154267073923 0.070616328317022248 0.0010812292541051217 0.07035285428615097 -0.12528557822935932 0.011899886807697818 -0.11911815955735228 -0.0020328634215008475 0.20490574045191579 -0.046658510661974503 -0.021650399407381254
leaf_weight=3.4092402663081867 6.9238869589753449 6.0579712502658394 3.3765268344432107 5.185650572180748 2.8877545073628426 6.9632795192301282 3.7073466572910538 3.42415110953152 7.1737275281921011 3.5308252535760394 5.7333184182643881 2.5907233227044344 4.0479353852570039 4.6432170905172825 3.9777673259377471 4.669066719710826 4.1468155095353723 4.5431480072438744 2.6976836770772925 9.6834537805989367 9.8710514120757598 9.1760451421141607 2.0515161491930485 2.1921136938035488 2.45796855725348 5.1151482593268156 220.87273545050994 0.93943299865350072 1.5298616415821014 11.786154903005814
leaf_count=31 361 37 19 43 15 37 21 22 67 24 29 24 30 32 34 26 30 21 13 75 48 43 13 34 19 57 4586 19 53 582
internal_value=-0.00137879 0.00610505 0.0299949 0.0292792 -0.0238288 0.0622071 -0.00202198 -0.0051852 0.00306834 0.0110036 0.0161627 -0.0480556 0.00982043 -0.0381288 0.0175391 0.00779263 0.0673976 -0.00304272 -0.0403407 0.00711313 0.0231238 0.0371174 -0.0100706 -0.039526 -0.0621853 -0.0857794 -0.00522767 -0.0272075 0.0490481 -0.0518132
internal_weight=365.366 123.313 24.4712 21.0947 8.07341 13.0213 98.8423 95.1349 79.7762 67.4468 63.916 15.3587 58.1827 8.06737 50.1153 41.9205 8.19475 37.2515 12.3294 33.2737 23.5902 19.0471 7.65287 5.60135 9.6317 7.70587 242.052 21.1793 2.46929 18.71
internal_count=6445 844 151 132 58 74 693 672 513 414 390 159 361 54 307 247 60 221 99 187 112 91 78 65 86 81 5601 1015 72 943
cat_boundaries=0 1 2 3 4
cat_threshold=12049 1364 401963 4
is_linear=0
shrinkage=0.1


Tree=38
num_leaves=31
num_cat=3
split_feature=7 7 8 8 11 11 8 0 8 12 4 3 3 7 12 10 10 8 10 11 12 12 0 1 10 8 9 8 8 3
split_gain=1.06484 1.08271 1.23688 3.83883 3.71606 7.36741 3.16215 4.58204 3.56664 3.44871 3.24179 3.20144 3.34138 7.07336 2.98144 5.80021 7.94397 4.81504 3.57403 3.03467 4.04458 3.17457 2.5895 3.02886 4.3034 3.43962 4.68037 3.27553 6.04136 4.45145
threshold=138.50000000000003 133.50000000000003 0.13060319542295332 0.12072293783020091 0.0065105049225959175 0.15647779832126885 0.16901573942430245 0 0.1972255393842807 0.49102501227419332 5.5000000000000009 7.5000000000000009 9.5000000000000018 14.500000000000002 -0.15621050735339606 -0.029407069914699144 -0.019382561154647114 0.20131184270043131 -0.022250193789308256 0.063619999544440115 0.12085724950085901 -0.01972656732300478 1 2 0.027469474260839979 0.10276328473188595 -0.11249472891024744 0.062598869267161739 0.053204839805174708 1.0000000180025095e-35
decision_type=2 2 2 2 2 2 2 9 2 2 2 2 2 2 2 2 2 2 2 2 2 2 9 9 2 2 2 2 2 2
left_child=1 2 3 22 -5 -6 11 8 -8 14 -10 -4 13 -13 -9 -16 17 -17 -19 21 -21 -18 -1 -24 25 26 -25 28 29 -28
right_child=-2 -3 6 4 5 -7 7 9 10 -11 -12 12 -14 -15 15 16 19 18 -20 20 -22 -23 23 24 -26 -27 27 -29 -30 -31
leaf_value=-0.022712914882901752 0.07112030119303514 -0.05786527668922116 -0.077156280170112224 -0.0041700125519023743 0.23583193269470026 -0.025989016171553775 0.07706310575040301 0.038628942682330754 -0.0031902257499258273 0.16569043054002824 0.11065916497789563 0.32344281722399759 -0.026252052509750476 -0.053451458263154353 -0.072357866442631438 0.32624848992487715 -0.10613379857735517 -0.10268501006465308 0.23406007915034377 -0.0024630581484184171 0.16445962827594679 -0.018672380168805267 0.013328848766978424 0.13204604586546223 -0.087800456484487824 -0.0958975228717142 0.12912140597839328 -0.077591855823169631 0.23735605928432696 -0.011750559327660146
leaf_weight=29.091674548573792 2.0191307794302693 3.4002883438952258 12.133364926092328 3.6432031691074354 2.7041388005018234 1.7836489640176294 11.537934953346847 7.7196708670817307 21.98114814050496 1.0155182955786575 2.8221707227639845 0.88213075511157812 14.805968337692319 1.1433662520721553 19.499574924819171 1.0871717324480408 5.8781781969591966 0.74104485427960753 0.54843647731468059 17.909391606692228 1.5796151999384154 14.116166685242208 132.86029777023941 2.6651969356462351 7.1825792826712123 3.7708385456353417 2.4254725733771911 5.3505842396989456 1.098089301958679 29.83590133395046
leaf_count=681 12 36 270 101 35 25 97 96 258 13 24 14 266 26 679 14 259 39 12 296 15 466 1635 24 142 89 49 108 19 645
internal_value=-0.00129831 -0.00170312 -0.00116941 0.00341799 0.0708616 0.131772 -0.00870476 -0.000732681 0.0244129 -0.0150985 0.00976378 -0.0379995 -0.00977234 0.110691 -0.0199419 -0.0273107 -0.00632641 0.171233 0.0405379 -0.0170144 0.0110663 -0.0443853 0.000858811 0.00549167 -0.0133526 -0.00446588 0.00386697 -0.00495819 0.00669166 -0.00115953
internal_weight=363.232 361.213 357.812 222.412 8.13099 4.48779 135.401 106.436 36.3413 70.0948 24.8033 28.9648 16.8315 2.0255 69.0793 61.3596 41.86 2.37665 1.28948 39.4834 19.489 19.9943 214.281 185.189 52.3287 45.1461 41.3752 38.71 33.3595 32.2614
internal_count=6445 6433 6397 3553 161 60 2844 2268 379 1889 282 576 306 40 1876 1780 1101 65 51 1036 311 725 3392 2711 1076 934 845 821 713 694
cat_boundaries=0 1 2 3
cat_threshold=76176 2436 3414404
is_linear=0
shrinkage=0.1


Tree=39
num_leaves=31
num_cat=3
split_feature=12 12 8 12 9 1 3 7 9 9 4 11 8 10 3 12 12 4 9 7 3 10 6 12 4 4 1 10 8 11
split_gain=1.06397 4.06346 5.70774 2.88248 3.57244 4.40346 3.83028 3.86958 5.84081 3.13902 3.03051 2.82725 2.6905 2.62123 2.17709 2.9847 2.96115 3.02175 6.1173 2.61921 2.19562 2.02737 2.78518 3.2449 1.89984 1.83605 1.7454 3.40913 2.75379 2.87042
threshold=0.0088538917928072877 0.0070863513362422409 0.024967705538852355 0.1703352545915279 -0.013958909996093056 0 20.500000000000004 8.5000000000000018 -0.16045655316716165 -0.19229895367925162 1.5000000000000002 0.18670126284110791 0.036827268320215184 0.16070746550705539 2.5000000000000004 0.20108356820170883 0.44977051629817533 2.5000000000000004 -0.080516077502315944 67.500000000000014 21.500000000000004 0.22996500068205245 1 0.032941612142012487 2.5000000000000004 3.5000000000000004 2 0.26230651962890877 0.11297457911351592 -0.031494488526656018
decision_type=2 2 2 2 2 9 2 2 2 2 2 2 2 2 2 2 2 2 2 2 2 2 1 2 2 2 9 2 2 2
left_child=1 26 -3 4 5 6 7 12 9 -9 -5 13 -2 14 -12 -16 19 -18 -19 20 -17 -7 23 -23 -4 -14 27 28 29 -1
right_child=3 2 24 10 -6 21 -8 8 -10 -11 11 -13 25 -15 15 16 17 18 -20 -21 -22 22 -24 -25 -26 -27 -28 -29 -30 -31
leaf_value=0.14417009271644285 0.36152917704019472 0.22301949808133756 0.083116724772312689 -0.050898768008273254 -0.10524765107272943 -0.070651006603936084 -0.10710170158192843 0.047808307636581171 -0.071741945994366271 0.24684996241363472 0.10694860223609622 -0.10993975889009718 0.0086341345335049328 0.16605586254625102 0.11594576869004503 -0.10932955272407437 0.18832832128317001 -0.10541641801236226 0.11033271299686864 0.042727698130480059 0.04791318579012644 0.1856378385245947 -0.046313022477523405 -0.016573062277149334 -0.11106535166441588 0.20004298194041126 0.0027387031516747074 0.11971266811867237 -0.079011015535595197 -0.022965749389297994
leaf_weight=1.1108406540006388 0.6155726350843892 1.9646981190890067 0.98247495293617282 6.1052830102853504 5.3762150174006811 14.746584962587805 1.2782328738830973 2.0869653532281522 2.8203786732628955 1.2772432463243588 2.9666354702785709 1.3906146101653565 0.83393184468150172 1.4704642081633199 2.4736116616986719 4.681017402559517 1.236476907506584 2.358520014211535 2.9680314939469103 2.5170915462076664 1.0959013402462003 1.3018723577260956 8.0482787834480387 2.0325861796736717 1.0342439180240033 1.2558029768988488 260.61793827218935 1.460880210623144 9.6825533304363471 13.705593207385396
leaf_count=25 5 28 18 130 181 383 39 36 100 17 44 23 24 11 45 91 17 64 28 45 16 19 106 32 24 32 3955 22 497 388
internal_value=-0.00129931 0.00138129 0.101712 -0.012279 -0.029171 -0.0179028 0.0276071 0.0780307 0.0343955 0.123376 0.0117763 0.0282995 0.177785 0.0371308 0.0277906 0.0142405 -0.00269287 0.0474945 0.0148021 -0.042406 -0.0795001 -0.033397 -0.0144736 0.0623761 -0.0164666 0.123659 -1.25953e-05 -0.0207106 -0.0375378 -0.010435
internal_weight=361.497 290.559 3.98142 70.9373 41.6737 36.2974 10.1681 8.88989 6.18459 3.36421 29.2636 23.1584 2.70531 21.7678 20.2973 17.3307 14.857 6.56303 5.32655 8.29401 5.77692 26.1293 11.3827 3.33446 2.01672 2.08973 286.578 25.9599 24.499 14.8164
internal_count=6445 4957 70 1488 974 793 253 214 153 53 514 384 61 361 350 306 261 109 92 152 107 540 157 51 42 56 4887 932 910 413
cat_boundaries=0 1 2 3
cat_threshold=574600 1 2466306
is_linear=0
shrinkage=0.1


Tree=40
num_leaves=31
num_cat=3
split_feature=2 11 10 7 11 11 0 9 9 3 4 11 4 12 8 12 12 6 3 11 4 3 7 12 12 12 12 9 9 12
split_gain=0.973455 3.37621 2.58372 2.45696 2.545 2.68236 2.69847 2.11752 3.37059 2.29505 1.98421 1.96985 2.96753 3.21987 2.93551 2.34905 3.7921 3.65114 4.05204 2.30766 2.22207 2.49225 2.11501 6.2178 1.87873 1.73786 5.0075 2.54435 2.40013 4.17666
threshold=0 -0.034517921980542342 -0.026868939965529141 14.500000000000002 -0.0033044686584940935 -1.0000000180025095e-35 1 -0.2291956316687867 -0.062861001927960722 20.500000000000004 5.5000000000000009 -0.043313160643240013 1.0000000180025095e-35 -0.023761275089391534 0.31644549244109477 -0.023761275089391534 -0.013816469765594247 2 18.500000000000004 -0.1893173882411224 4.5000000000000009 5.5000000000000009 1.0000000180025095e-35 -0.12158645039389988 -0.075294647603604631 -0.0085943490418845855 -0.0051426480637334305 -0.12935832107006742 -0.1519833171539777 0.14212593872767157
decision_type=1 2 2 2 2 2 9 2 2 2 2 2 2 2 2 2 2 1 2 2 2 2 2 2 2 2 2 2 2 2
left_child=1 2 -1 4 -3 -6 7 -7 24 10 -10 12 13 19 -15 -14 17 18 -17 -2 21 -18 23 -13 -9 -23 -27 28 29 -28
right_child=11 3 -4 -5 5 6 -8 8 9 -11 -12 22 15 14 -16 16 20 -19 -20 -21 -22 25 -24 -25 -26 26 27 -29 -30 -31
leaf_value=-0.10530882099832195 0.21578855442724693 -0.063958934936732992 0.082981698869070017 -0.12027669264292871 0.10865442350367896 0.088143685048634651 -0.026802413687600436 0.0098392199592954293 0.064374409823772669 -0.045245523229093226 -0.051753451509370732 0.20854682503050526 -0.064190546444631513 -0.081138896309089867 0.14268132904015926 0.15568696548899705 -0.10677124904766862 -0.10308635310850629 -0.042937401890092888 0.02908946827240394 -0.106435687041327 -0.10930735577087465 0.0014864501240455727 -0.06400486423239525 -0.087862653903992796 0.26576842337241291 -0.10845267154629548 -0.063053026233568371 0.19989876384412972 0.1658352382253625
leaf_weight=0.79764406150206824 1.3429990243166687 4.819602887146174 8.4395201634615642 1.61917558684945 2.7268325835466376 4.5229644104838327 9.4718483975157124 3.8049654932692647 14.112024640664469 2.8503264989703885 1.6426084795966751 0.90901349019259114 15.354602018371223 2.3717436594888563 0.77826836425811041 3.2852672250010073 2.404252061154696 1.1761757917702187 1.4942438649013636 1.3057087855413554 3.738636865746229 1.0866767447441779 248.13252454763278 10.569426833186297 4.0770336082205167 0.77964655961840978 1.3177311071194715 3.3578988821245823 0.90131511352955884 0.95931214187294234
leaf_count=34 19 91 140 23 31 46 141 35 218 54 33 11 471 61 20 51 96 55 35 28 166 30 4039 238 89 18 50 89 19 14
internal_value=-0.00125713 0.00958239 0.0667225 0.000881252 0.00496585 0.0126539 0.00618736 0.0188337 0.0141087 0.0373276 0.0522667 -0.00357519 -0.0238809 0.0424904 -0.02584 -0.0346147 -0.0124635 0.0547488 0.09359 0.123753 -0.0399838 -0.0169947 -0.000454858 -0.0424206 -0.0406979 0.00869329 0.0262207 -0.00235266 0.0617766 0.00710408
internal_weight=360.15 58.8845 9.23716 49.6474 48.0282 43.2086 40.4818 31.0099 26.487 18.605 15.7546 301.265 41.6545 5.79872 3.15001 35.8558 20.5012 5.95569 4.77951 2.64871 14.5455 10.8068 259.611 11.4784 7.882 8.40258 7.3159 6.53626 3.17836 2.27704
internal_count=6445 935 174 761 738 647 616 475 429 305 251 5510 1222 128 81 1094 623 141 86 47 482 316 4288 249 124 220 190 172 83 64
cat_boundaries=0 1 2 3
cat_threshold=537 25872 4
is_linear=0
shrinkage=0.1


Tree=41
num_leaves=31
num_cat=2
split_feature=0 12 4 3 10 3 1 10 11 7 12 3 3 7 7 3 12 9 9 8 7 10 11 11 12 3 12 12 9 9
split_gain=0.975893 1.79867 3.81953 3.20011 2.68278 1.86609 1.7688 4.00804 4.3085 3.76995 2.34568 2.80101 2.19571 1.86088 4.22501 3.63868 2.72894 3.50249 2.5158 3.85396 3.83359 4.93756 4.39269 3.30455 2.7119 2.57765 2.38225 2.66559 2.57868 3.06248
threshold=0 0.0013517330493357683 3.5000000000000004 18.500000000000004 -0.055431838665348017 21.500000000000004 1 0.009176520191078277 0.030419889063846052 2.5000000000000004 -0.13409543015221198 20.500000000000004 5.5000000000000009 35.500000000000007 63.500000000000007 3.5000000000000004 -0.07393992110021784 -0.077760386306719609 -0.18756638411484511 0.01715809247118032 124.50000000000001 -0.01531300789334576 -0.037750267283982203 0.16765532550389617 -1.0000000180025095e-35 10.500000000000002 -4.6797082974217137e-05 -0.036588249647068118 -0.19606702761693942 -0.28215725676914755
decision_type=9 2 2 2 2 2 9 2 2 2 2 2 2 2 2 2 2 2 2 2 2 2 2 2 2 2 2 2 2 2
left_child=-1 6 5 4 -4 -3 7 9 -9 -2 -11 12 -12 26 16 -16 -15 -18 23 24 21 25 -23 -17 -20 -21 27 28 29 -8
right_child=1 2 3 -5 -6 -7 13 8 -10 10 11 -13 -14 14 15 18 17 -19 19 20 -22 22 -24 -25 -26 -27 -28 -29 -30 -31
leaf_value=-0.0056584135727881218 0.11468699556261962 -0.094282223982335225 0.14959903354538512 -0.077855322343101677 0.014579860537523921 0.029081226612101042 -0.077580246561383875 0.17438921785116537 0.030897440474323273 0.098545104987736609 0.0086449012231906274 0.074219678381952786 -0.073958649301533397 0.15723808058012698 -0.073124367687041766 -0.075809189333905527 -0.06799381918470418 0.087620826439957916 -0.042169201172860757 -0.041332596472698983 -0.047562319253881449 0.017522672337774641 0.17964910253824606 0.063433104896503542 0.024779274241267656 0.082188347814632856 -0.065566931041313836 0.025550711204463086 -0.070433054269840881 0.053648045034537642
leaf_weight=204.78018886642531 3.0658907582983437 7.1351965721696633 2.00658761523664 2.613836201839149 5.5197990750893933 1.4806507062166927 2.6953860614448786 3.7278493065386993 4.7701044669374824 1.932870514690882 5.7713856035843438 2.7156197968870393 7.2733155908063054 2.7582781184464693 5.8738215379416934 6.4174366202205402 2.1001805490814149 4.6459323237650079 11.089396089315416 3.7516403738409236 2.9921776186674824 2.4001963171176568 5.5021326262503969 2.3207556456327438 13.315714739263056 3.0734906438738108 7.7006170935928813 15.864458073861895 8.4411536315456051 5.2270357389934352
leaf_count=5013 26 108 14 39 60 24 24 30 45 12 49 21 62 19 52 96 46 38 62 28 19 34 31 14 68 29 76 152 106 48
internal_value=-0.00128221 0.00459882 -0.0241257 0.0174711 0.0505769 -0.073082 0.00891663 0.0268256 0.0938439 0.0123133 -0.00542605 -0.0181772 -0.0374122 0.00132958 0.0117335 0.00139683 0.0734384 0.0391753 0.0100028 0.0201321 0.0556296 0.0765951 0.130406 -0.0388282 -0.00564133 0.0142913 -0.0155974 -0.00365758 -0.031975 0.00900123
internal_weight=358.963 154.183 18.7561 10.1402 7.52639 8.61585 135.427 29.257 8.49795 20.7591 17.6932 15.7603 13.0447 106.17 66.2412 56.7368 9.50439 6.74611 50.8629 42.1247 17.7196 14.7275 7.90233 8.73819 24.4051 6.82513 39.9287 32.228 16.3636 7.92242
internal_count=6445 1432 245 113 74 132 1187 245 75 170 144 132 111 942 536 433 103 84 381 271 141 122 65 110 130 57 406 330 178 72
cat_boundaries=0 1 2
cat_threshold=82308 1069484
is_linear=0
shrinkage=0.1


Tree=42
num_leaves=31
num_cat=2
split_feature=7 7 8 8 4 11 8 0 8 3 3 4 7 10 3 12 2 4 10 8 10 7 7 8 3 9 8 4 4 9
split_gain=0.984895 0.862923 0.972057 2.95088 3.18378 4.31743 2.62461 3.52169 2.78332 2.68586 2.48094 2.37313 3.85235 2.68601 2.29197 2.25575 2.45989 3.79878 2.93924 4.05475 2.73816 2.9268 5.09291 2.54348 3.69497 2.46896 2.392 2.21937 3.99874 3.26362
threshold=138.50000000000003 133.50000000000003 0.13060319542295332 0.12072293783020091 1.5000000000000002 0.028221429818474569 0.16901573942430245 0 0.18027912908180113 7.5000000000000009 1.5000000000000002 4.5000000000000009 114.50000000000001 -0.15288321499232133 9.5000000000000018 0.49102501227419332 1 1.5000000000000002 -0.00053711450308688302 0.20512506835704269 0.012612870234507472 64.500000000000014 44.500000000000007 0.1972255393842807 8.5000000000000018 -0.3013888982083886 0.35444043473811127 2.5000000000000004 3.5000000000000004 -0.18202756111146703
decision_type=2 2 2 2 2 2 2 9 2 2 2 2 2 2 2 2 1 2 2 2 2 2 2 2 2 2 2 2 2 2
left_child=1 2 3 -1 -5 -6 9 8 -8 -4 -9 12 13 -10 -11 16 17 18 19 -12 26 22 23 -22 -25 -19 -18 -16 -29 -30
right_child=-2 -3 6 4 5 -7 7 10 11 14 15 -13 -14 -15 27 -17 20 25 -20 -21 21 -23 -24 24 -26 -27 -28 28 29 -31
leaf_value=0.00063596467988914708 0.068445693890797174 -0.052427816754945823 -0.073309940483088087 -0.040912232016642978 0.015781961191234699 0.18509091013775392 0.090964069272865378 -0.078742146089560011 -0.12257844142926462 0.085218189929279403 0.37125954852570658 0.059677710903194126 -0.13009241309140263 0.021800104299254996 -0.074697767629056375 0.13187637671084848 -0.030622348344349255 0.11665153723979321 0.029404984998528918 0.088162207197044873 0.082027394659974606 -0.053368643210274319 0.16307916575365144 -0.10913394016487177 0.025073233374100667 -0.029324996639645159 -0.10417953434979832 0.092067751586409882 0.050846877313787703 -0.10805935626064236
leaf_weight=212.47332920506597 2.0178904347121707 3.3110287236049762 11.129632404539736 2.2142735919915122 3.0529133244417608 2.9727155845612288 5.774750029668211 5.6901939096860579 1.3876708783209384 2.2031435687094953 0.81408210098743472 8.5743977008387429 2.1328663658350697 18.039573889225725 5.426951879169791 1.1046845018863667 22.564553434494886 1.4043538607656945 2.1204130896367159 1.3365898043848572 2.9418948637321618 6.3168784882873288 2.3454682650044552 3.2909449962899071 5.4466814189217985 6.6220539747737339 5.4980935286730519 3.3767705587670189 2.1109030097723025 3.3334772158414108
leaf_count=3392 12 36 270 52 73 36 44 188 18 40 13 86 25 206 114 13 680 13 41 35 38 179 37 92 108 215 237 42 19 91
internal_value=-0.00121943 -0.0016154 -0.00113704 0.002913 0.0616285 0.0993097 -0.00796136 -0.00065083 0.0214051 -0.03537 -0.0135488 0.0151785 -0.00251871 0.0114873 -0.00970274 -0.00973897 -0.0123162 0.0202736 0.112951 0.195321 -0.0205406 0.00315123 0.0286079 0.0016035 -0.0254746 -0.00378397 -0.0450338 -0.0243801 0.00657636 -0.046448
internal_weight=357.029 355.011 351.7 220.713 8.2399 6.02563 130.987 103.406 35.9093 27.5809 67.4969 30.1345 21.5601 19.4272 16.4512 61.8067 60.702 12.2975 4.27108 2.15067 48.4045 20.3419 14.025 11.6795 8.73763 8.02641 28.0626 14.2481 8.82115 5.44438
internal_count=6445 6433 6397 3553 161 109 2844 2268 379 576 1889 335 249 224 306 1701 1688 317 89 48 1371 454 275 238 200 228 917 266 152 110
cat_boundaries=0 1 2
cat_threshold=76176 233
is_linear=0
shrinkage=0.1


Tree=43
num_leaves=31
num_cat=6
split_feature=0 1 6 8 7 8 11 9 7 9 9 8 11 8 8 7 11 4 7 7 8 1 8 10 6 2 11 10 12 4
split_gain=0.885592 2.74344 5.20113 4.24859 4.37443 3.97836 4.59212 4.18458 7.87807 3.75229 4.85313 4.03833 4.69135 3.58538 3.33159 2.76927 2.69573 2.65684 2.49937 2.49858 6.46513 2.44228 2.48106 2.46999 2.2253 3.10296 3.38855 6.58607 3.38844 3.85632
threshold=0 1 2 0.30262114144200747 39.500000000000007 0.011252350275485658 0.081873619674320719 -0.004468157586979919 6.5000000000000009 -0.11380243522561705 -0.15264943746233359 0.071686540405919985 -0.020818743219420902 0.16517117571915088 0.1921126463846515 3.5000000000000004 -0.010656554871265198 1.0000000180025095e-35 131.50000000000003 126.50000000000001 0.013093316911069425 3 1.0000000180025095e-35 0.082419528864346989 4 5 -0.24033258203615337 0.0069579415074978506 0.17633173866823754 4.5000000000000009
decision_type=9 9 1 2 2 2 2 2 2 2 2 2 2 2 2 2 2 2 2 2 2 9 2 2 1 1 2 2 2 2
left_child=21 2 9 4 5 7 -7 -4 -9 10 -2 12 -11 15 -6 -8 -16 -14 19 24 -21 23 -23 -1 -3 -26 27 -27 -28 -30
right_child=1 18 3 -5 14 6 13 8 -10 11 -12 -13 17 -15 16 -17 -18 -19 -20 20 -22 22 -24 -25 25 26 28 -29 29 -31
leaf_value=0.035711610564583239 0.04543802221277729 0.0041639311176469703 0.28031938797315636 -0.10408579275646411 -0.068988229623717312 -0.055648451627791723 0.11564488809913853 0.20223833948497974 -0.042016798411549379 0.20906890780566045 0.17445342428259503 -0.080709095613186052 -0.11236600706918876 0.1319247897902078 -0.10327219920762426 -0.10587135571251832 0.10283065706242432 0.031143634449263796 -0.12026065828388 0.25747572247152961 -0.049342455570495755 -0.083118556636970556 -0.0011235492700747826 -0.043096167887905566 0.0097516580782035407 -0.077090822521789865 -0.034698733240505604 0.14897621980577971 -0.0056886878936688902 0.17400486000251822
leaf_weight=35.803238566964865 11.302273369394241 77.411766768898815 1.0256019402295349 4.4327794434502712 10.799031500704585 7.0150752011686546 0.87612161040306125 2.2686637267470386 3.1594464592635632 1.4049804285168672 3.929328021593391 3.7356269755400708 1.4144286019727648 3.3479588814079762 0.87038007238879833 1.5859538372606037 2.3427851554006329 14.669224477373062 2.010937333572655 1.2275786725804203 1.5589246465824542 5.375017435289922 11.77383281290531 4.4739742726087561 33.576320245396346 2.2542896820232263 96.620466116350144 3.0086341728456318 4.5008810693398109 1.6256391918286679
leaf_count=192 154 1727 24 207 313 229 17 56 81 12 44 116 26 45 51 40 44 247 33 11 34 32 146 36 456 63 1837 43 98 31
internal_value=-0.00117737 -0.00339062 0.0122606 -0.0121171 0.000128794 0.0310325 -0.00119199 0.0950704 0.060069 0.0408493 0.0787204 0.013671 0.0338309 0.0645591 -0.0423904 -0.0270455 0.0470017 0.0185231 -0.00888093 -0.00827147 0.0858246 0.0092811 -0.0169433 0.0215959 -0.00946874 -0.0169223 -0.023904 0.052144 -0.0301259 0.041992
internal_weight=355.401 297.975 74.1797 37.7238 33.291 19.2788 12.8251 6.45371 5.42811 36.4559 15.2316 21.2243 17.4886 5.81003 14.0122 2.46208 3.21317 16.0837 223.795 221.785 2.7865 57.4261 17.1489 40.2772 218.998 141.586 108.01 5.26292 102.747 6.12652
internal_count=6445 6039 1706 1107 900 492 331 161 137 599 198 401 285 102 408 57 95 273 4333 4300 45 406 178 228 4255 2528 2072 106 1966 129
cat_boundaries=0 1 2 3 4 5 6
cat_threshold=9737 3806656 4 2048 1 27
is_linear=0
shrinkage=0.1


Tree=44
num_leaves=31
num_cat=4
split_feature=7 8 11 10 2 4 1 3 0 3 7 8 9 9 8 9 12 3 7 8 9 6 9 10 11 7 8 7 11 8
split_gain=0.816025 0.823594 6.21646 2.82462 2.65403 2.91714 2.6101 3.54157 3.35519 2.64403 2.84293 2.57841 2.56369 4.01708 3.43797 3.40208 2.73908 2.32092 2.15207 2.13938 2.83817 2.85911 2.89043 4.76983 2.15855 2.96304 2.93182 2.13858 1.79251 1.86706
threshold=138.50000000000003 0.0064713331878659434 -0.0025313830454667123 -0.0023992639522662194 0 5.5000000000000009 1 22.500000000000004 2 1.0000000180025095e-35 3.5000000000000004 0.0026833157714981253 -0.019880778273411722 -0.021646508207240411 0.01715809247118032 0.12535069299986826 0.19566988797904036 7.5000000000000009 126.50000000000001 0.0150856446430338 -0.018506868928489757 3 -0.013080456046260054 -0.00053711450308688302 0.034508459182486594 79.500000000000014 0.0086043751850216326 65.500000000000014 -0.16539035055541271 0.32846023572365596
decision_type=2 2 2 2 1 2 9 2 9 2 2 2 2 2 2 2 2 2 2 2 2 1 2 2 2 2 2 2 2 2
left_child=1 2 -1 -4 5 6 7 8 -5 -8 -11 17 13 -3 -15 16 19 -12 -10 20 -14 -22 23 -23 -25 26 -26 -7 -17 -30
right_child=-2 12 3 4 -6 27 9 -9 18 10 11 -13 15 14 -16 28 -18 -19 -20 -21 21 22 -24 24 25 -27 -28 -29 29 -31
leaf_value=0.26336157979490488 0.062832396558298753 -0.0015017266850672454 -0.11206781623831386 -0.015557227629891927 -0.026399232264330698 -0.0071682666358906773 0.12397374478257411 0.15401569408620822 0.04291573695501355 0.092589335339629764 -0.017041684058865039 0.063634163347350586 -0.09669707645623786 0.03251967132173534 0.2211064207299368 0.096298648021215197 0.080252714654964891 -0.093148706727854566 0.14142234664966896 -0.085129033825825789 0.13823243067483987 0.14515443508476084 -0.092636002384273608 -0.1160807305093544 -0.11387925182905068 0.11341293056212859 0.060647185971483143 -0.12317233598680277 0.058789826153939628 -0.020241485671957299
leaf_weight=0.93220901116728683 1.9830521531403054 199.39464023383334 2.0561820147559038 13.121263812296091 11.878612523432819 4.6187434317544094 1.2971989056095505 2.3797906246036282 34.633591617457569 1.9233755553141261 9.5481407502666169 2.3197852671146384 4.9134562909603146 2.8812554664909831 1.4547470733523367 2.1249330062419203 1.6922151520848263 6.9043680801987639 2.3695577271282664 11.306969391647725 1.2101150397211313 2.0014810683205706 4.0892430879175672 2.0475050108507276 2.3900162931531668 1.7181077739223836 1.6115511357784269 2.4228391274809837 3.9306970816105613 12.480214474722743
leaf_count=10 12 3496 49 152 377 82 27 37 413 38 189 32 56 43 21 38 27 180 13 405 36 20 87 33 37 17 25 51 99 343
internal_value=-0.00113572 -0.00149645 0.00637816 0.00386895 0.00642081 0.0128622 0.0202549 0.0292501 0.0291621 -0.00998126 -0.0232004 -0.035064 -0.00447065 0.000568963 0.0957913 -0.0244006 -0.0436659 -0.0489803 0.0387513 -0.050368 -0.0306977 -0.00917623 -0.0220484 0.00750015 -0.0279712 0.00356986 -0.0435922 -0.0470825 0.00987789 -0.00131212
internal_weight=353.636 351.653 96.4057 95.4734 93.4173 81.5387 74.4971 52.5042 50.1244 21.9929 20.6957 18.7723 255.247 203.731 4.336 51.5165 32.9807 16.4525 37.0031 31.2884 19.9815 15.068 13.8579 9.76866 7.76718 5.71968 4.00157 7.04158 18.5358 16.4109
internal_count=6445 6433 1650 1640 1591 1214 1081 615 578 466 439 401 4783 3560 64 1223 743 369 426 716 311 255 219 132 112 79 62 133 480 442
cat_boundaries=0 1 2 3 4
cat_threshold=1307 284832 67984 2
is_linear=0
shrinkage=0.1


Tree=45
num_leaves=31
num_cat=2
split_feature=12 12 8 12 9 1 3 8 9 3 11 4 7 10 9 12 7 7 7 12 10 3 12 10 10 12 12 3 6 9
split_gain=0.744584 2.76428 3.42229 2.08094 3.01267 3.64825 3.35792 2.87956 5.56287 3.87412 2.44923 2.29196 4.27821 3.68383 3.00352 2.82339 1.98175 1.83517 1.68564 1.84668 2.09059 1.68419 1.82007 1.53449 1.45882 1.44127 1.39641 2.04492 2.55519 2.60097
threshold=0.0088538917928072877 0.0070863513362422409 0.024967705538852355 0.1703352545915279 -0.013958909996093056 0 20.500000000000004 0.1972255393842807 -0.12935832107006742 10.500000000000002 0.18670126284110791 4.5000000000000009 53.500000000000007 -0.041706990823595705 -0.05177362650928969 0.18247480436877692 9.5000000000000018 7.5000000000000009 68.500000000000014 0.26264254817630983 -0.079947961530429379 5.5000000000000009 0.5952556478292057 -0.14140843894309393 -0.024639288450117331 0.44977051629817533 0.086379471916062725 20.500000000000004 1 -0.19606702761693942
decision_type=2 2 2 2 2 9 2 2 2 2 2 2 2 2 2 2 2 2 2 2 2 2 2 2 2 2 2 2 1 2
left_child=1 -1 -3 4 5 6 7 8 16 -10 11 13 25 15 -14 -5 -2 -4 19 -17 21 -21 -23 -9 -15 -13 27 -7 -29 -30
right_child=3 2 17 10 -6 26 -8 23 9 -11 -12 12 14 24 -16 18 -18 -19 -20 20 -22 22 -24 -25 -26 -27 -28 28 29 -31
leaf_value=-0.00019221375468320872 0.26012013448375287 0.16356401520796829 0.084476144508016396 0.12301803563579393 -0.10418718020825933 -0.05112923310675907 -0.10669337653581304 0.1144505235427563 -0.10539328517724003 0.10350348478467995 -0.10881585569867414 -0.068160654217302177 0.030637102267874056 0.14510456092790083 0.19941233108535106 -0.1066943915581705 0.11853144151440038 -0.10871513839268437 -0.10756737219711976 -0.10841679343883621 0.078549353891239015 -0.046879636801007027 0.078515292360813838 -0.10603765902874762 0.020005814803698299 0.05516025912706235 -0.09204284381022719 0.12676153172861987 0.075624996657627924 -0.10771786739463277
leaf_weight=280.69109418592416 1.5081223556771863 2.3045059312134972 0.94594495557248581 1.2003384209238053 4.3436839636415234 14.147182284854358 1.2658301373012353 0.41905995365232218 1.7787443459965282 1.7724214456975458 1.6420412436127652 2.2137212352827178 1.8049744418822227 1.9936979264020922 2.5357169597409666 2.0064350981265298 2.8692696373909712 1.023951676674187 2.7124012578278771 1.9294975958764577 2.4401194816455201 2.970242090523243 1.896662004292011 1.2790039340034125 1.7507565547712172 1.6571220168843863 4.8802568563260129 1.6175590446218839 1.3705664407461884 1.7769481786526737
leaf_count=4887 15 28 16 24 181 288 42 12 74 39 31 47 34 20 22 50 34 26 67 45 37 49 36 58 26 26 141 33 13 44
internal_value=-0.00121753 0.00102318 0.0808359 -0.0106378 -0.025677 -0.015845 0.024203 0.0665566 0.0918674 -0.00113087 0.00977563 0.0169582 0.0610691 -0.0022066 0.129231 -0.024151 0.167312 -0.0159446 -0.0368094 -0.0197388 -0.000849566 -0.0293562 0.00198753 -0.0516241 0.0866134 -0.0153665 -0.0312271 -0.0320454 0.0246133 -0.0278823
internal_weight=352.748 284.965 4.2744 67.7824 39.0286 34.685 10.8925 9.62662 7.92856 3.55117 28.7537 27.1117 8.21153 18.9002 4.34069 15.1557 4.37739 1.9699 13.9554 11.243 9.23652 6.7964 4.8669 1.69806 3.74445 3.87084 23.7925 18.9123 4.76507 3.14751
internal_count=6445 4957 70 1488 974 793 274 232 162 113 514 483 129 354 56 308 49 42 284 217 167 130 85 70 46 73 519 378 90 57
cat_boundaries=0 1 2
cat_threshold=575112 1
is_linear=0
shrinkage=0.1


Tree=46
num_leaves=31
num_cat=1
split_feature=7 9 9 4 11 12 12 3 7 7 7 4 3 8 7 9 11 10 1 9 9 8 4 3 3 11 7 3 10 3
split_gain=0.686734 3.04446 4.26639 3.61787 3.86243 2.26585 3.09181 2.7464 3.14607 2.85014 2.63151 2.45854 2.18356 3.39132 3.45236 2.12638 1.75805 1.7079 1.61777 4.7395 2.7687 3.22093 2.98091 2.91448 2.75616 3.19026 2.54746 4.5639 2.72164 2.67504
threshold=94.500000000000014 -0.1897242449083692 -0.18202756111146703 3.5000000000000004 0.088253911142751759 0.010031470938618383 0.00033620372787884967 19.500000000000004 117.50000000000001 116.50000000000001 126.50000000000001 2.5000000000000004 10.500000000000002 0.013093316911069425 104.50000000000001 -0.037053510659476464 0.0092518597650480035 0.19436313462100221 0 0.035680551489427913 0.13735741915826333 0.32846023572365596 5.5000000000000009 5.5000000000000009 4.5000000000000009 -0.16539035055541271 74.500000000000014 1.5000000000000002 0.0010130739978376408 6.5000000000000009
decision_type=2 2 2 2 2 2 2 2 2 2 2 2 2 2 2 2 2 2 9 2 2 2 2 2 2 2 2 2 2 2
left_child=18 17 -3 5 12 6 7 8 9 11 -10 -4 15 -14 -15 -5 -9 -2 20 26 -1 23 24 -22 -23 -26 -20 -28 -29 -30
right_child=1 2 3 4 -6 -7 -8 16 10 -11 -12 -13 13 14 -16 -17 -18 -19 19 -21 21 22 -24 -25 25 -27 27 28 29 -31
leaf_value=-0.010171530783713117 -0.069600428372022557 0.20707604308903008 0.007939270276813638 0.0043036124635688648 0.12235805858829583 -0.064204438941318095 0.13562830391849642 0.02132746251150143 -0.048712479461102409 0.19129131468678057 0.080206749634129215 0.10766042673692205 0.092665352702405127 0.056323699581963531 -0.13952745911021031 -0.096383548221468926 -0.078081187112247374 0.053069973683551423 0.025687391621899272 -0.10219899068748146 0.24210820386307019 -0.096729769671984364 0.14537872314565087 0.031322167847195118 0.19848773666450359 -0.0025335595075153018 0.16686046106190022 -0.096608186010387634 0.11991678136992334 -0.066521915352327973
leaf_weight=212.27333754696883 6.6312054418958706 1.1632821867242444 4.7762157260440397 2.9931895039044356 1.6749471682123829 2.1903011123649767 3.1021454660221925 4.0428971690125755 4.4987431624904266 1.968979035504163 2.4431995237246156 5.1253414507955313 2.7406870741397134 1.5918118390254679 2.0710736224427819 7.0088263070210832 3.1770487460307777 1.3693393543362615 54.351546074962243 3.5009550009854129 1.3055058196187013 2.5618958831764722 1.4546051966026432 1.3183935675770042 0.91776431538164427 5.6480834693647939 1.0476413271389891 5.4747452298179251 1.447096767369658 1.6437687752768395
leaf_count=3561 130 16 70 38 22 65 25 59 55 17 18 45 32 23 35 90 32 20 1327 242 18 47 29 26 9 111 26 177 31 49
internal_value=-0.00117038 0.00871472 0.0177833 0.0133263 -0.0222924 0.0338852 0.0412595 0.030014 0.0501359 0.0814087 -0.00333968 0.0595579 -0.0370607 0.00853458 -0.0544147 -0.066252 -0.0224161 -0.0486047 -0.00314673 0.00966162 -0.00709303 0.0370189 0.0124275 0.136198 -0.00875971 0.0255649 0.0172945 -0.0301574 -0.0542542 0.0207659
internal_weight=351.515 58.5692 50.5687 49.4054 18.0805 31.3249 29.1346 26.0324 18.8125 11.8705 6.94194 9.90156 16.4056 6.40357 3.66289 10.002 7.21995 8.00054 292.945 67.4658 225.48 13.2062 10.5823 2.6239 9.12774 6.56585 63.9648 9.61325 8.56561 3.09087
internal_count=6445 792 642 626 240 386 321 296 205 132 73 115 218 90 58 128 91 150 5653 1852 3801 240 196 44 167 120 1610 283 257 80
cat_boundaries=0 1
cat_threshold=355403
is_linear=0
shrinkage=0.1


Tree=47
num_leaves=31
num_cat=4
split_feature=1 11 9 8 12 2 9 6 3 3 9 11 10 4 10 8 12 3 3 12 9 8 9 3 0 12 11 3 3 3
split_gain=0.708463 2.21349 1.93791 3.03949 1.95988 1.91074 2.92022 3.65123 3.16033 2.90793 2.67138 2.50949 2.07743 2.71444 2.23741 2.13499 2.06418 1.96639 6.45099 1.92035 1.89993 3.07897 1.90669 1.84806 1.81946 3.35708 4.71887 2.70922 6.24233 2.53764
threshold=0 0.27144792741245583 -0.27620152152996064 0.28064196006280101 -0.14141601761104736 1 -0.067936879322930729 2 19.500000000000004 1.0000000180025095e-35 -0.1519833171539777 0.3162486961760716 0.27373206468993411 3.5000000000000004 0.22291688773004328 0.19813925140715322 0.036194918184238492 22.500000000000004 21.500000000000004 -0.019376666333663115 -0.27620152152996064 0.19393918745718344 0.058769346336634845 4.5000000000000009 3 -0.058725311929989261 0.0534848495592175 19.500000000000004 8.5000000000000018 10.500000000000002
decision_type=9 2 2 2 2 1 2 1 2 2 2 2 2 2 2 2 2 2 2 2 2 2 2 2 9 2 2 2 2 2
left_child=1 20 3 -2 -5 6 7 8 10 -8 -4 12 14 -14 17 -16 -9 18 24 -11 -1 22 -22 -3 -7 29 27 28 -27 -26
right_child=2 23 5 4 -6 11 9 16 -10 19 -12 -13 13 -15 15 -17 -18 -19 -20 -21 21 -23 -24 -25 25 26 -28 -29 -30 -31
leaf_value=0.079013136080107765 -0.0725484769373098 0.13039150957834197 -0.065343677338881176 0.15961169064800926 -0.0033708455341970446 0.0008250987308874516 0.11513584964973472 -0.054672078258851502 0.16611826300125548 0.011710478828478706 0.093605649441241903 0.12034266316818626 -0.096349849433646897 0.010469633008451166 0.013865626250081363 0.18377314245342757 0.053075370435283376 0.044248461219295265 -0.062363114985484885 -0.088870629043821939 -0.016837948923177203 -0.093022130492476138 0.14265053136702519 -0.0058727199192241605 0.034900454863027924 0.0070335549941820735 -0.10675975812092159 -0.029726896363664441 0.092917052371339418 0.12896425273441822
leaf_weight=1.8731835454236705 8.5584825444966537 1.8741159159690135 2.0911809597164392 0.88297614827752102 4.4878914793953291 148.56628631078638 0.90407727612182398 8.3424247051589209 2.0577841196209192 2.322951437672601 2.1387481661513483 1.8978283666074265 4.5814801249653083 4.948304797988385 1.5891752485185855 1.3832990610972045 2.2595935682766131 12.514420454390345 13.949732842855154 10.381937351543453 37.186462517827749 5.6053437283262602 0.76500646024942298 2.1225167373195291 7.5557858641259354 31.240874160081148 3.1249429034069172 9.1193644339218718 11.60750323999673 4.6227522031404078
leaf_count=48 114 19 47 10 85 2880 25 146 32 63 37 13 63 62 31 12 50 217 257 340 958 376 22 36 52 226 32 70 94 28
internal_value=-0.00112017 -0.0110813 0.000854449 -0.0355436 0.0234237 0.00264952 -0.0178311 0.00409835 0.0644732 -0.0581495 0.0150247 0.00556081 0.00492414 -0.0408842 0.00670396 0.0929354 -0.031708 0.0056461 0.00354378 -0.0704805 -0.0196 -0.023841 -0.0136231 0.0580248 0.00780339 0.0201036 0.012589 0.0197657 0.0302991 0.0706054
internal_weight=350.556 49.4266 301.13 13.9294 5.37087 287.2 30.4987 16.8897 6.28771 13.609 4.22993 256.702 254.804 9.52978 245.274 2.97247 10.602 242.302 229.787 12.7049 45.43 43.5568 37.9515 3.99663 215.838 67.2712 55.0927 51.9677 42.8484 12.1785
internal_count=6445 1459 4986 209 95 4777 740 312 116 428 84 4037 4024 125 3899 43 196 3856 3639 403 1404 1356 980 55 3382 502 422 390 320 80
cat_boundaries=0 1 2 3 4
cat_threshold=2482691 1124 1 84416
is_linear=0
shrinkage=0.1


Tree=48
num_leaves=31
num_cat=5
split_feature=2 11 10 7 11 0 11 1 10 3 9 7 6 11 8 10 3 3 3 8 4 9 4 9 12 7 12 7 6 9
split_gain=0.671765 2.74611 2.03618 2.00766 1.92404 2.43162 2.25951 1.89887 2.6052 2.29273 1.8802 1.86494 1.82954 1.73002 2.462 3.01674 3.63169 2.95258 2.42145 2.38384 2.33502 3.32908 2.26053 3.32807 2.8616 1.74079 3.90102 1.66461 2.1122 2.48827
threshold=0 -0.034517921980542342 -0.026868939965529141 14.500000000000002 -0.0033044686584940935 1 -9.3195440272337527e-05 2 0.023118273968598942 20.500000000000004 -0.2291956316687867 1.5000000000000002 3 -0.043313160643240013 0.25977452260912293 0.25213584728912469 8.5000000000000018 5.5000000000000009 5.5000000000000009 0.28691180493068219 3.5000000000000004 -0.22704994068232445 1.0000000180025095e-35 -0.21661439368457275 -0.028278051198301443 1.0000000180025095e-35 -0.12158645039389988 45.500000000000007 4 -0.077760386306719609
decision_type=1 2 2 2 2 9 2 9 2 2 2 2 1 2 2 2 2 2 2 2 2 2 2 2 2 2 2 2 1 2
left_child=1 2 -1 4 -3 6 -6 10 9 -9 -8 -12 -11 14 17 16 18 -2 19 -16 21 -20 23 -19 -24 26 -15 -26 29 -29
right_child=13 3 -4 -5 5 -7 7 8 -10 12 11 -13 -14 25 15 -17 -18 22 20 -21 -22 -23 24 -25 27 -27 -28 28 -30 -31
leaf_value=-0.10496494768583985 -0.097072335958418701 -0.059090221050919448 0.07242070883438588 -0.11667531565293253 0.12963682506133484 -0.023139668414431033 0.05282396157911079 0.070887200822706706 -0.02334200048700566 0.053962358180539897 0.039803201344267958 -0.10506088497406035 -0.10770772483511547 0.13881261023006133 0.07852051248815746 0.16812196454569794 -0.082305064289980301 0.16314286336056144 0.020127340163829964 -0.076017685274073987 -0.03112365023035631 0.27162025692779396 -0.094596471729550935 -0.054632593033165401 -0.062434771375289015 0.001646166630678124 -0.059480000295653417 0.068939889306183236 -0.10290569658582541 -0.078601674739280147
leaf_weight=0.69964303821325202 6.6995204321574446 4.4616716811433426 8.618637429084627 1.4355139732360829 2.0037173870950857 9.6692643864080292 1.4950516102835534 15.951816573273407 5.2698457292281082 1.3938979487866163 1.1295921141281722 4.1667893375270069 1.4060563221573821 1.1045508738607157 1.7447432838380317 1.162132438737898 3.664299261989072 1.5188259631395342 0.91988091170787867 2.3327357356902212 0.85766499233432103 1.2303360931109637 5.3756602783687475 1.3044076533988143 3.7195826671086207 241.29770044283941 9.747131950221954 5.6461021862924126 1.2299197488464395 1.433218494988975
leaf_count=34 261 91 140 23 20 150 21 196 77 12 30 108 33 11 31 17 168 13 16 106 33 26 187 53 132 4039 238 90 65 24
internal_value=-0.0010679 0.0080047 0.0591021 -0.000181877 0.00338013 0.00994045 0.0204936 0.0200472 0.027381 0.0562376 -0.0186899 -0.0741648 -0.0272237 -0.00303765 -0.0227884 0.0150661 -0.00148062 -0.0395341 0.0403189 -0.00989117 0.108384 0.164029 -0.0204771 0.0625249 -0.0339411 -0.000115874 -0.0392966 -0.00683431 0.0180549 0.0390699
internal_weight=348.69 57.7015 9.31828 48.3832 46.9477 42.486 32.8168 30.813 24.0216 18.7518 6.79143 5.29638 2.79995 290.988 38.839 11.9118 10.7497 26.9272 7.08536 4.07748 3.00788 2.15022 20.2277 2.82323 17.4045 252.149 10.8517 12.0288 8.30924 7.07932
internal_count=6445 935 174 761 738 647 497 477 318 241 159 138 45 5510 1222 397 380 825 212 137 75 42 564 66 498 4288 249 311 179 114
cat_boundaries=0 1 2 3 4 5
cat_threshold=537 25872 835584 4 4
is_linear=0
shrinkage=0.1


Tree=49
num_leaves=31
num_cat=4
split_feature=8 8 3 10 0 10 3 3 4 12 11 7 8 4 1 0 11 6 4 12 9 4 10 7 3 3 11 7 8 9
split_gain=0.675891 2.43468 3.87638 2.22781 2.20874 4.26721 2.71117 2.31664 3.1252 2.15841 2.29199 2.14877 3.52358 2.5854 1.69432 2.27214 3.85259 2.06155 4.13024 4.56029 1.99847 1.8699 3.62851 2.84115 1.8468 4.15337 3.66315 2.7771 2.13938 2.73466
threshold=0.13060319542295332 0.11742497260140691 4.5000000000000009 0.17673610462681799 0 -0.14140843894309393 2.5000000000000004 7.5000000000000009 1.5000000000000002 -0.15621050735339606 0.27144792741245583 7.5000000000000009 0.12784021317730468 2.5000000000000004 1 2 0.020067099252354167 3 2.5000000000000004 -0.0040752038453450851 -0.099517369046813367 4.5000000000000009 -0.00053711450308688302 88.500000000000014 10.500000000000002 20.500000000000004 0.0056400418314291609 4.5000000000000009 0.0059822557707387833 -0.0021839695193122304
decision_type=2 2 2 2 9 2 2 2 2 2 2 2 2 2 9 9 2 1 2 2 2 2 2 2 2 2 2 2 2 2
left_child=1 3 -3 14 5 -2 -7 -8 -9 10 -6 13 -13 -4 -1 16 21 18 19 -17 -18 23 -23 -16 28 26 27 -26 29 -19
right_child=4 2 11 -5 9 6 7 8 -10 -11 -12 12 -14 -15 15 17 20 24 -20 -21 -22 22 -24 -25 25 -27 -28 -29 -30 -31
leaf_value=0.0071623378030323094 -0.095639905879900455 0.15165843593121123 -0.061416997560046066 -0.054154057772011634 0.10084230104436742 0.12817350113490009 -0.01746016538707695 0.13374720036757551 0.018325636628407065 -0.018740758037064764 -0.0039755823240386701 -0.0713459588959411 0.13390034644360957 0.14342346679903192 -0.013962064678040204 0.1432708098972065 0.03402692369589979 0.18615476579311258 -0.10484090946739527 -0.059150674957054554 -0.084743270345319449 -0.0020394763136315822 0.20762295769985906 0.11280586260637115 0.13006740720596477 -0.072027256544910573 0.16445405870344421 -0.060786068844423974 -0.088977684181147529 -0.023270448141287575
leaf_weight=149.97345544071868 2.6803340390324619 2.7315677432343346 0.88396894652396474 7.3596347370184949 3.1696257959119958 2.8958129049278822 7.8024615580216077 3.3842406189069134 7.6456248229369521 92.983437810558826 6.1027634330093861 3.8629918098449707 1.0676000416278837 2.0338172884657979 5.1403304263949412 1.6876131640747187 2.2124575190246105 0.68173690699040879 8.5984371788799745 3.2684870166704068 3.9389832681044927 1.4341321820393207 1.9448219882324336 2.6948329051956534 1.1545727094635352 3.095558812841773 2.4491782775148749 2.2446562899276614 4.966422819532454 7.3006012975238281
leaf_count=2144 41 40 37 133 34 25 80 36 119 2457 70 77 16 31 64 23 13 13 185 73 51 19 24 26 17 120 37 73 158 209
internal_value=-0.0010922 0.00224921 0.0490565 -0.000107335 -0.00691496 0.0166044 0.0380924 0.0242408 0.0537399 -0.0128921 0.0318548 0.0133467 -0.0269049 0.0813653 0.00185416 -0.0122552 0.0136876 -0.0251798 -0.0629321 0.00977633 -0.0420258 0.0564546 0.118636 0.0296386 -0.0133076 0.0216393 0.071217 0.00403869 -0.0374461 -0.00538435
internal_weight=347.39 220.726 10.5799 210.146 126.664 24.4085 21.7281 18.8323 11.0299 102.256 9.27239 7.84838 4.93059 2.91779 202.786 52.8128 17.3656 35.4473 13.5545 4.9561 6.15144 11.2141 3.37895 7.83516 21.8927 8.94397 5.84841 3.39923 12.9488 7.98234
internal_count=6445 3583 201 3382 2862 301 260 235 155 2561 104 161 93 68 3249 1105 197 908 281 96 64 133 43 90 627 247 127 90 380 222
cat_boundaries=0 1 2 3 4
cat_threshold=10628 3414380 65616 4
is_linear=0
shrinkage=0.1


Tree=50
num_leaves=31
num_cat=1
split_feature=7 10 11 10 8 9 7 7 9 7 7 11 10 8 12 12 10 3 12 11 11 8 12 9 12 12 12 1 8 8
split_gain=0.661037 0.665613 3.65579 2.88766 2.52354 3.08242 2.57099 3.58518 2.4082 3.0756 3.2322 3.48076 4.42099 6.18187 3.31493 2.3994 2.30657 4.80162 2.08277 2.05496 2.96467 2.36349 2.92815 1.87221 1.83513 1.75235 1.63298 2.24328 2.69096 3.64567
threshold=138.50000000000003 -0.029407069914699144 0.028221429818474569 -0.041018848830823754 0.13060319542295332 -0.22519099127227457 87.500000000000014 67.500000000000014 -0.039157559841278437 80.500000000000014 46.500000000000007 0.16455947142384639 -0.10609546631268751 0.11742497260140691 -0.068688083312452547 -0.11933487410762153 -0.02369571301044102 18.500000000000004 0.14851311553555005 0.11874572388152223 0.093067343552021661 0.087645792508921974 0.29873724235593829 -0.23972029433802652 -0.077032141701286597 0.1703352545915279 0.014571851551599064 0 0.26470666456094566 0.14152823310236398
decision_type=2 2 2 2 2 2 2 2 2 2 2 2 2 2 2 2 2 2 2 2 2 2 2 2 2 2 2 9 2 2
left_child=1 2 25 4 8 6 7 15 9 10 11 12 13 -4 -12 23 17 18 -3 20 21 22 -14 -6 -11 -1 27 -18 29 -29
right_child=-2 16 3 -5 5 -7 -8 -9 -10 24 14 -13 19 -15 -16 -17 26 -19 -20 -21 -22 -23 -24 -25 -26 -27 -28 28 -30 -31
leaf_value=-0.06293224465050111 0.056559068810995088 -0.11041573210727743 0.0046610165720920331 -0.12754417944627747 0.0071024676286835986 -0.037179347042513598 -0.053195599316971147 0.12750339521571624 0.15131453495947531 0.022072770550339835 0.18054452719907316 -0.083749678283602469 0.10336534097012406 0.27558614886830074 0.031610961884819704 -0.1094030656947604 -0.014762190689819578 0.13876673639253137 0.083395463278057497 -0.094193459778471489 0.10670062429894148 -0.10824011915676418 -0.038191216322965578 0.1203723955402904 -0.09132078765396176 0.016598258428919759 -0.024683876570729221 0.0095353022692773338 0.043491518251042478 -0.038140855006550234
leaf_weight=15.120906501775609 1.9816020401194681 1.6156052711885416 1.7561801429838024 1.7014292241074134 7.8713956302963188 22.456041301134974 3.9854405894875518 3.3905311785638323 1.4431917564943422 2.3914563888683915 2.7021814342588186 3.0447079949080935 2.4926089318469185 1.6182999908924101 3.3438114253804079 1.4608916072174931 48.349877633387223 3.4676882368512452 0.84420851431787003 1.7689541308209307 2.9964297711849213 1.872881155926734 3.5317605715245008 1.7913199895992864 3.5396884544752529 3.3919367503840467 24.453901174012572 134.24340120051056 19.278838737169281 18.215184778440744
leaf_count=526 12 50 38 38 102 494 45 38 22 26 22 43 30 10 57 34 1324 41 8 23 18 48 41 15 60 95 500 1926 375 384
internal_value=-0.00103236 -0.00136398 -0.0085554 0.00124922 0.00423233 -0.0122791 0.0179465 0.0374814 0.0250382 0.0191707 0.0344591 0.014271 0.0328806 0.134589 0.098175 0.0100422 0.00132552 0.0629632 -0.0438997 0.00577631 0.0220098 -0.0101242 0.0203784 0.028101 -0.0456001 -0.0483606 -0.000168538 0.00255536 0.00783424 0.00383913
internal_weight=346.122 344.141 93.672 75.1592 73.4578 40.9556 18.4996 14.5141 32.5022 31.059 25.1278 19.0818 16.0371 3.37448 6.04599 11.1236 250.469 5.9275 2.45981 12.6626 10.8937 7.89725 6.02437 9.66272 5.93114 18.5128 244.541 220.087 171.737 152.459
internal_count=6445 6433 1825 1204 1166 728 234 189 438 416 330 251 208 48 79 151 4608 99 58 160 137 119 71 117 86 621 4509 4009 2685 2310
cat_boundaries=0 1
cat_threshold=648963
is_linear=0
shrinkage=0.1


Tree=51
num_leaves=31
num_cat=4
split_feature=0 9 7 7 9 4 4 4 12 9 11 10 3 11 11 1 3 7 4 11 10 1 4 3 11 10 11 7 11 6
split_gain=0.635676 1.73775 2.28325 3.00824 2.20111 2.99448 3.51311 1.80504 4.43009 3.75185 2.16214 2.34727 2.40343 2.24056 1.96527 2.29991 3.76202 1.84839 3.88807 1.85851 1.70699 1.6349 4.79861 3.28749 6.70023 3.36714 3.07085 5.37085 4.33021 3.63846
threshold=0 -0.27238832877992025 18.500000000000004 9.5000000000000018 -0.25131114922114067 4.5000000000000009 1.5000000000000002 4.5000000000000009 0.41118587645151378 -0.080516077502315944 -0.026843141853895594 -0.048354258892740559 12.500000000000002 -1.0000000180025095e-35 -0.016710637455943506 1 4.5000000000000009 1.5000000000000002 3.5000000000000004 -1.0000000180025095e-35 -0.2199968114007522 2 1.0000000180025095e-35 21.500000000000004 0.12189164817289445 -0.041706990823595705 0.044382183604894286 39.500000000000007 0.020067099252354167 3
decision_type=9 2 2 2 2 2 2 2 2 2 2 2 2 2 2 9 2 2 2 2 2 9 2 2 2 2 2 2 2 1
left_child=-1 2 3 20 5 6 -3 17 10 -10 -9 -12 14 -14 -13 16 -16 18 -6 -20 -2 22 -19 25 -25 -23 28 -28 -27 -29
right_child=1 4 -4 -5 7 -7 -8 8 9 -11 11 12 13 -15 15 -17 -18 21 19 -21 -22 23 -24 24 -26 26 27 29 -30 -31
leaf_value=0.0039353418329334221 0.022251731395525762 0.11508475390577447 -0.11010317938646029 0.15869643644782261 -0.068430099481318257 0.15161136814894324 -0.060583629263774433 -0.10375067811785595 -0.048872718650485578 0.15034234476591063 -0.087383715691143032 0.11574765606536082 -0.0815533342461916 0.04397965660820858 -0.044482024583641928 -0.043613223432030356 0.14948365617521539 -0.10529776545833101 0.17767659266461377 0.010567331766850086 -0.11109817070766961 -0.021038541634371539 -0.00072521101510862379 -0.081741990298129827 0.11925076302518228 0.026060100113883516 0.1278047422134834 0.075769604330889403 -0.084090279960664316 -0.076158196051431121
leaf_weight=143.30835866858251 1.9611434694379568 1.8801953583024431 3.5587515751831234 0.91550434986129392 9.4061031350865942 2.1185642105992883 2.8856042148545384 3.8431078984867773 1.4950469238683579 2.5712660141289225 5.1696078146342179 0.83743089484051481 1.6905636256560672 8.9436718188226205 1.6329280105419455 15.89565426670015 2.5795258604921401 5.0960698369890443 0.93116598296910558 2.3328785062767556 1.8803329137153906 16.91234195465222 31.588226619642228 8.2287998627871257 2.0772253898903719 47.157770928926766 7.5381639348342997 3.2813504412770271 3.8611370353028169 3.0336318016052246
leaf_count=1313 24 31 106 21 255 34 64 264 40 16 179 19 45 195 40 467 34 177 19 48 65 418 954 308 31 988 97 36 88 69
internal_value=-0.00103095 -0.00453658 -0.0495212 -0.00419918 -0.00283329 0.0526933 0.00872077 -0.00488734 -0.0224143 0.0770976 -0.0323828 -0.0249194 -0.014694 0.0240232 -0.0343511 -0.0406021 0.0220202 0.000646488 -0.0357977 0.0582402 -0.0430206 0.00423223 -0.011985 0.010819 -0.041231 0.0187009 0.0290611 0.0708145 0.0177239 0.00278555
internal_weight=344.612 201.304 8.31573 4.75698 192.988 6.88436 4.7658 186.104 44.6588 4.06631 40.5925 36.7494 31.5798 10.6342 20.9455 20.1081 4.21245 141.445 12.6701 3.26404 3.84148 128.775 36.6843 92.0904 10.306 81.7844 64.8721 13.8531 51.0189 6.31498
internal_count=6445 5132 216 110 4916 129 95 4787 1299 56 1243 979 800 240 560 541 74 3488 322 67 89 3166 1131 2035 339 1696 1278 202 1076 105
cat_boundaries=0 1 2 3 4
cat_threshold=11857 33792 390468 4
is_linear=0
shrinkage=0.1


Tree=52
num_leaves=31
num_cat=1
split_feature=3 7 7 3 10 7 7 4 7 10 10 12 10 4 7 8 7 10 11 8 8 9 1 12 9 9 8 11 9 7
split_gain=0.641187 1.76274 1.73762 1.63251 3.54102 1.61983 2.40311 1.30794 2.59334 2.11909 4.44126 1.96771 2.67114 2.8162 1.93451 1.23854 2.7712 1.13136 1.16851 1.09204 4.10773 1.74593 0.971189 1.39885 2.58438 1.63422 1.90303 1.84159 4.12329 2.01739
threshold=22.500000000000004 116.50000000000001 88.500000000000014 21.500000000000004 0.22996500068205245 84.500000000000014 78.500000000000014 4.5000000000000009 56.500000000000007 -0.017801445324224112 -0.037740233633683347 1.0000000180025095e-35 0.029594720823269822 3.5000000000000004 4.5000000000000009 1.0000000180025095e-35 35.500000000000007 -0.037740233633683347 0.15906938444064114 0.0036451309180229874 0.0063472109604764846 -0.022845432344357906 0 0.19566988797904036 -0.05177362650928969 -0.16769639405835443 0.18027912908180113 -0.063832101648202993 -0.11897868457896917 100.50000000000001
decision_type=2 2 2 2 2 2 2 2 2 2 2 2 2 2 2 2 2 2 2 2 2 2 9 2 2 2 2 2 2 2
left_child=3 2 7 22 5 6 17 9 -9 10 14 12 13 15 -2 16 -11 18 -5 -19 -21 -22 23 25 -25 26 -1 28 -27 -29
right_child=1 -3 -4 4 -6 -7 -8 8 -10 11 -12 -13 -14 -15 -16 -17 -18 19 -20 20 21 -23 -24 24 -26 27 -28 29 -30 -31
leaf_value=0.052184639984836773 0.10093416038839816 0.11104210704254079 -0.10983532719127992 -0.11556389894977769 0.093238169883561581 -0.096405168892988155 0.14837409973744792 -0.073400228726185165 0.088529960810157404 -0.10413896363184437 0.22539196479032952 -0.10530618139978694 0.14305989693312401 0.10399710995000062 -0.056546816282038836 -0.11915618312999102 0.14220030776203982 -0.073764828946549552 -0.0054231989695658345 0.21347839600918272 0.013971956858168547 -0.11777182320924121 0.0017869749080125616 -0.10240970072191014 0.11121839105573966 -0.10216657563636389 -0.035169546308623699 -0.062811585306195003 0.21046911229448551 0.022405393686575042
leaf_weight=5.060223151464017 1.469961211550981 1.7815256109461177 1.1928723203018297 2.8703540479764369 2.0713167428039005 4.5420196556951842 0.73724042158573944 3.5849008788354686 1.3658254523761568 1.1011544326320311 1.5265291086398125 1.43632345367223 1.4629441928118465 1.5221040798351166 1.6619568057358263 1.7327683670446274 0.78025165200233448 2.230080519337208 1.4497612356208263 0.83497822564095248 3.2096211835742023 1.4651016721036256 268.78502708743326 0.79445235431194339 1.971819894388317 0.81155818421393633 4.9174066174309701 16.436563126975674 0.87853052653372532 3.3430630592629305
leaf_count=89 20 16 27 70 21 85 11 62 30 63 15 43 18 28 38 31 18 88 29 15 72 52 4533 46 24 65 174 561 43 58
internal_value=-0.00113101 0.0159651 0.00697334 -0.00222436 -0.0303386 -0.045101 -0.0268919 0.0148702 -0.0287263 0.0318731 0.0855346 0.000763882 0.0238501 -0.0101039 0.0173667 -0.0581574 -0.00197781 -0.0376062 -0.0786025 -0.0147232 0.00917415 -0.0273178 -0.000423324 -0.0141687 0.049866 -0.024307 0.00913273 -0.0398475 0.0603456 -0.0484086
internal_weight=343.028 20.6191 18.8376 322.409 19.4105 17.3392 12.7971 17.6447 4.95073 12.694 4.65845 8.03555 6.59922 5.13628 3.13192 3.61417 1.88141 12.0599 4.32012 7.73978 5.5097 4.67472 302.999 34.2136 2.76627 31.4473 9.97763 21.4697 1.69009 19.7796
internal_count=6445 409 393 6036 443 422 337 366 92 274 73 201 158 140 58 112 81 326 99 227 139 124 5593 1060 70 990 263 727 108 619
cat_boundaries=0 1
cat_threshold=353058
is_linear=0
shrinkage=0.1


Tree=53
num_leaves=31
num_cat=3
split_feature=0 1 7 10 11 3 3 3 10 10 9 12 2 12 8 7 7 4 3 4 12 10 7 7 9 3 8 12 12 12
split_gain=0.573636 1.51491 2.78113 4.62413 2.48838 2.47135 2.35993 1.58223 1.46908 1.9673 1.46297 3.19734 2.18258 2.12892 2.06001 2.64183 2.13866 3.51284 2.54572 1.76309 1.74859 4.61517 2.5884 2.24115 3.18009 4.7893 2.05374 6.06781 1.72977 1.60924
threshold=0 1 1.5000000000000002 0.0010130739978376408 0.12817875666462 18.500000000000004 20.500000000000004 3.5000000000000004 -0.16772094364879955 -0.12835534944944613 -0.16563630765429774 -0.094700582133122838 2 -0.031642121609986355 0.18744430795739159 4.5000000000000009 63.500000000000007 3.5000000000000004 20.500000000000004 1.5000000000000002 -0.0029257481956451244 -0.013687046010590178 85.500000000000014 116.50000000000001 -0.014372966815197423 1.5000000000000002 0.038430152193977198 -0.075294647603604631 -0.12158645039389988 -0.04947567228092737
decision_type=9 9 2 2 2 2 2 2 2 2 2 2 1 2 2 2 2 2 2 2 2 2 2 2 2 2 2 2 2 2
left_child=-1 2 -2 4 6 7 -4 -5 -3 -10 14 -12 13 -13 28 -16 18 -18 29 -15 21 22 26 24 25 -22 -14 -28 -11 -17
right_child=1 8 3 5 -6 -7 -8 -9 9 10 11 12 20 19 15 16 17 -19 -20 -21 23 -23 -24 -25 -26 -27 27 -29 -30 -31
leaf_value=-0.0044978100972448065 0.11206483428026071 -0.061609664411615021 -0.061926148079540222 0.043625185215966956 0.059708938431332487 0.001830371116687836 0.047493804253295489 0.14506900995532032 0.06558712180388189 0.048624817239458794 0.12337723718521042 -0.13080190977612757 0.092461294684429346 -0.115819221689009 -0.1024437651781645 0.057861959031734134 -0.085020375781460461 0.066019829609028594 0.1379214975829737 -0.0086500666702328342 0.071180476249057031 0.061716701145169209 -0.04818079257223104 0.044045117281622338 0.0021838476731217255 -0.11283437057602859 0.11686374698834977 -0.12310069677173374 -0.079439046756213189 -0.066370204137105454
leaf_weight=195.04234675015323 3.4671844132244614 4.0078636528924099 9.4897404350340384 2.5033315019682032 3.2294829078018656 3.5164088280871511 2.4878309946507207 3.9851331589743495 4.3955674497410646 1.2194296866655348 2.1698752194643012 2.488344006240367 3.1685267835855511 1.8704406362958241 2.2398610119707874 2.6625702076125881 3.9451622874476016 2.5255912144202739 2.3682578466832638 8.562204741407184 1.8249138593673722 17.306653949199244 9.0381659902632219 7.2091173077933481 21.199851708021015 6.2872225800529122 1.933602491393686 2.3157783374190322 7.8083900040946919 1.7138382152188558
leaf_count=5013 30 35 93 22 19 40 22 30 34 7 13 24 15 28 34 31 54 32 27 90 15 143 55 41 167 106 14 44 138 29
internal_value=-0.00106753 0.00355016 0.0208287 0.0165432 -0.018194 0.0693426 -0.0391988 0.105931 -0.00193724 -1.35579e-05 -0.00263833 0.00354142 0.000416251 -0.0268826 -0.0241877 -0.00201824 0.0150027 -0.0260681 0.0544056 -0.0278641 0.00810638 0.0256645 -0.0122511 -0.00590598 -0.0181912 -0.0714382 0.0315264 -0.0139093 -0.0621409 0.0092116
internal_weight=341.983 146.94 28.6791 25.2119 15.2071 10.0049 11.9776 6.48846 118.261 114.253 109.858 85.3747 83.2048 12.921 24.4831 15.4553 13.2154 6.47075 6.74467 10.4326 70.2838 33.7627 16.4561 36.5211 29.312 8.11214 7.41791 4.24938 9.02782 4.37641
internal_count=6445 1432 256 226 134 92 115 52 1176 1141 1107 755 742 142 352 207 173 86 87 118 600 271 128 329 288 121 73 58 145 60
cat_boundaries=0 1 2 3
cat_threshold=82308 1069476 1178
is_linear=0
shrinkage=0.1


Tree=54
num_leaves=31
num_cat=3
split_feature=7 7 7 8 11 7 1 11 3 9 4 6 11 4 12 12 4 3 11 4 1 9 7 3 10 12 7 10 9 10
split_gain=0.510063 0.631496 2.41716 2.92304 2.9301 1.19608 2.01362 2.07023 3.58179 3.92704 2.84258 2.76267 2.26863 3.6475 2.81814 1.95009 1.77497 2.53122 1.66517 1.61609 1.58171 4.07392 2.08038 3.57932 2.30193 2.21054 3.21845 2.72442 5.45401 2.72524
threshold=138.50000000000003 124.50000000000001 126.50000000000001 0.013093316911069425 0.071105516319634285 94.500000000000014 0 0.024405858866974332 5.5000000000000009 -0.00024953403250154533 2.5000000000000004 1 0.051305698221793962 3.5000000000000004 -0.078786696734376202 -0.0210885290280695 2.5000000000000004 5.5000000000000009 -0.015296656988633358 3.5000000000000004 2 0.035680551489427913 74.500000000000014 1.5000000000000002 0.0010130739978376408 1.0000000180025095e-35 68.500000000000014 0.029594720823269822 -0.025061923693453579 0.00043834955599935147
decision_type=2 2 2 2 2 2 9 2 2 2 2 1 2 2 2 2 2 2 2 2 9 2 2 2 2 2 2 2 2 2
left_child=1 5 -3 -4 -5 20 7 8 -7 10 -10 -11 -9 14 -14 -8 17 -17 -19 -12 -1 22 25 -24 -25 26 27 29 -29 -22
right_child=-2 2 3 4 -6 6 15 12 9 11 19 -13 13 -15 -16 16 -18 18 -20 -21 21 -23 23 24 -26 -27 -28 28 -30 -31
leaf_value=-0.0067181452886593031 0.049960443542328675 -0.10593656408480707 0.052988103666887047 -0.10204755343602122 0.041425476233573413 -0.032311578015659106 -0.10970701657866509 -0.061124539521460589 0.021665514205767334 -0.030212015695523564 0.2021353189600836 0.11977301723738853 -0.10172567648376081 0.12398249574648618 0.049871018755088516 0.12268356957285964 -0.054424315916710431 0.08600627685552166 -0.10558515704860792 0.10334680419328419 0.027113025581888224 -0.10202390520456338 0.13835259154747903 -0.093456067914962831 0.018322418558399372 -0.0025094167450669478 0.13340345130413972 0.021835421020769557 0.25282540278184457 -0.090897032828043955
leaf_weight=217.77351951529272 1.9509458886459459 2.7612449168227604 5.2614679830148798 3.8316629165783525 2.2648200523108244 3.9215380889363649 2.5296430904418221 4.0630198679864389 2.3173223175108433 4.3030913034453988 3.1561478972434998 1.7185816843993933 2.2753401314839721 2.7328235078603029 2.6596331782639027 1.8855362231843158 4.1611152957193553 0.69613817799836386 1.3022193815559147 3.4839018872007728 23.839415638241924 3.0054879635572425 1.1391666494309882 4.8895374936982989 2.9562912695109844 19.025871558580548 3.3325985886622211 2.9631586861796677 1.560505992732941 2.1318905998487017
leaf_count=3801 12 44 42 62 24 56 107 30 31 41 22 30 24 23 31 25 96 14 43 35 617 242 26 177 80 518 52 50 21 69
internal_value=-0.00102417 -0.0013185 -0.0220205 -0.0016196 -0.0487479 -0.000415864 0.0155005 0.0243408 0.0527681 0.0750421 0.117024 0.0125936 -0.000711787 0.0312998 -0.0200248 -0.017025 -0.00904465 0.0395741 -0.0388433 0.150303 -0.0027365 0.0101122 0.0171975 -0.0272881 -0.0513382 0.02476 0.0400973 0.0299005 0.101519 0.017426
internal_weight=339.894 337.943 14.1192 11.358 6.09648 323.823 41.2061 30.6314 18.9006 14.979 8.95737 6.02167 11.7308 7.6678 4.93497 10.5747 8.04501 3.88389 1.99836 6.64005 282.617 64.8439 61.8384 8.985 7.84583 52.8534 33.8276 30.495 4.52366 25.9713
internal_count=6445 6433 172 128 86 6261 608 323 215 159 88 71 108 78 55 285 178 82 57 57 5653 1852 1610 283 257 1327 809 757 71 686
cat_boundaries=0 1 2 3
cat_threshold=1068032 4 355403
is_linear=0
shrinkage=0.1


Tree=55
num_leaves=31
num_cat=2
split_feature=3 9 4 6 3 10 7 7 8 7 8 7 8 8 8 12 10 11 11 12 12 11 11 1 12 4 11 11 10 7
split_gain=0.528139 1.51998 1.78761 1.54534 1.41462 2.79498 1.39408 1.99011 1.22168 2.54888 3.04174 4.92334 2.02003 1.64723 2.60858 1.18458 1.01338 1.02951 1.70425 1.67326 1.46206 1.01024 1.00827 0.790047 1.17339 2.41102 1.41632 1.31676 6.3515 1.35426
threshold=22.500000000000004 -0.20793238258139868 2.5000000000000004 0 21.500000000000004 0.22996500068205245 84.500000000000014 81.500000000000014 0.10121648133570108 8.5000000000000018 1.0000000180025095e-35 65.500000000000014 0.35444043473811127 0.1921126463846515 0.13829541685491259 -0.033717449670346476 -0.037740233633683347 0.029043479304786974 0.015699959742085958 -0.035560740767134204 0.0028168736636836034 0.020067099252354167 0.15906938444064114 1 0.19566988797904036 5.5000000000000009 0.27144792741245583 -0.22502730462803439 0.031462478159090507 6.5000000000000009
decision_type=2 2 2 1 2 2 2 2 2 2 2 2 2 2 2 2 2 2 2 2 2 2 2 9 2 2 2 2 2 2
left_child=4 2 -2 -3 23 6 7 16 9 15 11 -11 13 14 -10 -5 22 18 19 -18 -21 -12 -6 24 26 -26 27 28 -1 -29
right_child=1 3 -4 8 5 -7 -8 -9 12 10 21 -13 -14 -15 -16 -17 17 -19 -20 20 -22 -23 -24 -25 25 -27 -28 29 -30 -31
leaf_value=-0.10512362621457619 0.038221627946752407 -0.066792042706266749 -0.11761982590332945 0.045819416972488161 -0.1135981506353915 0.078787069273941857 -0.091900463826121048 0.12960749679412681 0.1181087556602982 0.31150284374333659 -0.057796055248848933 0.012387274408310936 -0.043082659654218557 0.18570237949613694 -0.050291206690294125 -0.10800247762450232 0.11796108042109595 -0.10650785055883738 0.11589670146106533 -0.075910674121271116 0.052316349394939579 0.046755835682090505 -0.0091148843615699148 0.0016596018830369954 -0.01511628227254609 0.1887474488514358 0.038782026107011182 0.0081017153565700085 0.2938114263712121 -0.047802297118731518
leaf_weight=0.98581225727685395 1.2869240664877026 1.619782408233732 1.7195073277689514 0.66499900817871127 2.594771756790581 2.1466993149369946 4.2469362313859156 0.77529976749792773 2.7392332218587407 0.95337107637897167 1.9572286340408029 1.3014789782464502 1.3386994202155618 1.4427128313109276 1.3849292029626665 2.0256216032430512 0.73760014493018555 1.0458790683187542 1.0681033665314315 3.5650587780401102 1.1847064923495052 1.7509983805939553 1.4340372951701281 266.54602524265647 1.9518151995725923 0.82547506084665645 3.363752123899757 5.5384952025488046 0.6705553368665278 19.913386030588299
leaf_count=60 21 49 37 4 70 21 85 9 32 26 30 20 36 17 35 83 15 36 12 129 37 19 29 4533 61 9 46 191 10 683
internal_value=-0.00100146 0.0146846 -0.0509108 0.0261642 -0.0019953 -0.0286053 -0.0424495 -0.0255203 0.0358413 0.01081 0.0472657 0.138856 0.0672092 0.0937317 0.0615586 -0.0699847 -0.0358615 -0.0143715 0.000328164 -0.022167 -0.0439277 -0.0084274 -0.0764078 -0.000326683 -0.0128764 0.0454767 -0.0224205 -0.0300148 0.0563792 -0.0356372
internal_weight=338.78 20.1855 3.00643 17.1791 318.594 18.7991 16.6524 12.4055 15.5593 8.6537 5.96308 2.25485 6.90557 5.56688 4.12416 2.69062 11.6302 7.60135 6.55547 5.48737 4.74977 3.70823 4.02881 299.795 33.2493 2.77729 30.472 27.1082 1.65637 25.4519
internal_count=6445 409 58 351 6036 443 422 337 302 182 95 46 120 84 67 87 328 229 193 181 166 49 99 5593 1060 70 990 944 70 874
cat_boundaries=0 1 2
cat_threshold=2 353058
is_linear=0
shrinkage=0.1


Tree=56
num_leaves=31
num_cat=4
split_feature=8 11 9 10 9 8 12 7 12 2 4 10 9 9 6 12 9 3 1 9 4 11 12 9 7 0 11 7 12 4
split_gain=0.514722 2.5248 2.26934 3.56072 3.11698 3.89431 3.32092 3.30877 2.1261 1.95608 2.11648 1.89342 1.84632 1.84489 1.80046 3.57702 2.98364 2.46413 1.86119 4.90943 2.92187 3.31285 2.75306 2.45979 2.35535 1.73035 3.31377 1.94224 1.71162 1.54111
threshold=0.0059532043963448633 -0.0013854216048935753 -0.019880778273411722 -0.0012435280807888709 -0.025061923693453579 0.015938534410875022 -0.002709607464393447 11.500000000000002 0.0070863513362422409 0 1.0000000180025095e-35 0.0085401446108495579 -0.016859929448311162 -0.015643387984522795 1 0.090104034907074346 -0.0416319479251843 4.5000000000000009 2 -0.11249472891024744 2.5000000000000004 0.034508459182486594 0.48452778313389405 -0.12239647401664268 14.500000000000002 3 -0.097207457802476735 124.50000000000001 -0.072298125262977603 5.5000000000000009
decision_type=2 2 2 2 2 2 2 2 2 1 2 2 2 2 1 2 2 2 9 2 2 2 2 2 2 9 2 2 2 2
left_child=1 -1 4 8 14 7 -7 -6 -4 10 -3 -12 -5 -14 15 -2 17 -17 25 23 21 24 -23 -20 -21 26 -16 -27 -22 -11
right_child=2 9 3 12 5 6 -8 -9 -10 29 11 -13 13 -15 18 16 -18 -19 19 20 28 22 -24 -25 -26 27 -28 -29 -30 -31
leaf_value=0.14354159583247031 -0.089916060455602742 0.051862403392067394 -0.095946751572524677 -0.067729268306286769 0.12240044863543414 0.27888519055739697 0.060057306675364089 -0.0078270166223759364 -0.02470636178458618 0.013864527147983384 -0.10671659665396394 0.10352155174012174 0.074002876594969166 -0.0040975966981283826 -0.074801060221323809 0.09501449039412771 0.18414319012534605 -0.078538022467840696 0.036198808956718127 0.18552756383985025 0.058082438288596522 -0.10756646531089056 0.095523617545384992 0.14675545442924992 0.0067345097914440766 -0.011904748671294626 0.023673080061798617 -0.11266530826436064 -0.09101770331407201 -0.034575605041340031
leaf_weight=1.3052655551582564 6.3292455971240997 1.2550104157999156 8.2645945784170198 4.0009171525016418 2.4935203390195957 1.1870041592046621 1.6681115888059128 8.9675109111703915 8.4953710732515884 75.666852825321257 5.6356032006442547 0.46361569501459587 3.3962025959044722 27.640630589565262 3.8009939207695416 1.2851842506788673 0.95006970409303892 2.2509518845472485 25.554321976611391 1.5048576770350321 0.8781880885362624 2.2963961279019718 0.94099423754960287 2.1845033159479526 1.4436444812454281 88.849419114179909 33.849214694928378 1.9551268788054574 6.2455750657245517 7.1921042976900926
leaf_count=16 323 34 224 75 35 11 33 87 273 1134 244 16 44 674 99 31 13 67 496 24 13 53 18 28 35 1726 268 52 157 142
internal_value=-0.000946744 0.0054573 -0.00332503 -0.0219269 0.00162543 0.0465376 0.151034 0.0205059 -0.0598361 0.0034594 -0.028139 -0.0907359 -0.00379335 0.00444854 -0.00194031 -0.0414986 0.0268099 -0.0154616 0.000583775 0.0168459 -0.0289762 0.0213044 -0.0485354 0.0449054 0.097987 -0.00549644 0.0108498 -0.012678 -0.0726373 0.00861967
internal_weight=337.951 91.5185 246.433 51.7977 194.635 14.3161 2.85512 11.461 16.76 90.2132 7.35423 6.09922 35.0378 31.0368 180.319 10.8155 4.48621 3.53614 169.503 41.0485 13.3097 6.18589 3.23739 27.7388 2.9485 128.455 37.6502 90.8045 7.12376 82.859
internal_count=6445 1586 4859 1290 3569 166 44 122 497 1570 294 260 793 718 3403 434 111 98 2969 824 300 130 71 524 59 2145 367 1778 170 1276
cat_boundaries=0 1 2 3 4
cat_threshold=228 2 354542 8520
is_linear=0
shrinkage=0.1


Tree=57
num_leaves=31
num_cat=3
split_feature=7 1 7 8 12 10 3 10 10 4 3 11 12 1 4 10 10 8 8 7 7 8 10 3 11 4 11 6 12 7
split_gain=0.500848 4.12837 3.98436 3.29041 2.78323 3.57866 2.5525 3.10284 2.58782 4.464 4.3335 2.62971 4.24318 2.5138 3.57632 2.70419 2.48555 2.68567 4.20492 3.09401 2.41446 2.38846 2.64825 2.07308 2.6934 2.4947 2.04239 3.60535 2.72164 2.39257
threshold=64.500000000000014 0 67.500000000000014 0.41730410105080334 0.1528714598900566 -0.13301203404873482 3.5000000000000004 -0.16772094364879955 -0.0001217182976614077 2.5000000000000004 4.5000000000000009 0.23049212039427355 0.0075368145733321614 1 3.5000000000000004 -0.12521718774343901 -0.11999801773067545 0.25267396432311784 0.21605167991929922 55.500000000000007 2.5000000000000004 0.27056439585351849 -0.0033267818578998111 8.5000000000000018 0.036971631133082709 1.0000000180025095e-35 0.019058231718925123 2 -0.00232126957996054 82.500000000000014
decision_type=2 9 2 2 2 2 2 2 2 2 2 2 2 9 2 2 2 2 2 2 2 2 2 2 2 2 2 1 2 2
left_child=13 2 4 6 5 -2 7 -4 9 10 -8 12 23 14 20 -15 -17 18 -18 21 -1 -19 -23 24 26 -25 27 -10 -29 -30
right_child=1 -3 3 -5 -6 -7 8 -9 11 -11 -12 -13 -14 15 -16 16 17 19 -20 -21 -22 22 -24 25 -26 -27 -28 28 29 -31
leaf_value=-0.016489771627477987 0.10539203866434882 -0.036856818252090452 0.12955365511634617 -0.083591267334355845 0.089332982721104098 -0.094185234122501266 0.098160868041771751 -0.046077440784495591 0.14580123427756236 0.0198770171911666 -0.075932666866891319 0.12166022610102814 -0.10914357970863042 -0.046543254523557023 -0.013468293058796274 0.10488899641909777 -0.004006204699133202 0.092154669287492608 -0.11040335368626693 0.12184901388966295 0.064083120784508257 -0.10487397578646883 0.015498558930341797 0.10414641779349765 -0.022310513491889492 -0.0043023030798382596 0.1414192979453128 0.13429865522329418 -0.061130881713497259 0.038703115927999132
leaf_weight=4.5202893400564816 1.0050377193838347 22.473037156276405 1.1042520282790054 3.7062481683678916 1.1882829465903331 8.4725319386925531 1.6573776872828592 11.294498614966868 3.4711224809288996 30.332436630968004 10.412454119650645 3.1186868175864211 2.1885577882640055 13.644499205984173 13.749956091400234 2.2276251162402323 112.24384452495724 3.2693805987946751 3.8416077997535458 3.2055858289822927 20.983981860335916 2.1504868688061878 12.176595988450565 2.4121577478945282 4.2262877416796973 17.581751592922956 3.0039898343384257 2.3218270512297847 3.0424444042146197 11.377623641863464
leaf_count=126 9 812 12 106 16 193 22 196 53 365 162 21 47 268 501 33 1999 44 112 37 526 104 235 22 40 228 19 20 28 89
internal_value=-0.000925004 -0.00537458 0.00318998 0.00904908 -0.0549334 -0.0730213 0.0122417 -0.0304355 0.017803 -0.000590473 -0.0520269 0.0325899 0.0269923 0.00242099 0.0220284 -0.00381009 0.000107328 -0.00159783 -0.0075272 0.0314909 0.0498027 0.0150302 -0.00256929 0.0332731 0.0511165 0.00878145 0.0644828 0.0530487 0.0338182 0.0176395
internal_weight=336.404 144.391 121.918 111.252 10.6659 9.47757 107.545 12.3988 95.1467 42.4023 12.0698 52.7444 49.6258 192.014 39.2542 152.76 139.115 136.888 116.085 20.802 25.5043 17.5965 14.3271 47.4372 27.4433 19.9939 23.217 20.213 16.7419 14.4201
internal_count=6445 2460 1648 1430 218 202 1324 208 1116 549 184 567 546 3985 1153 2832 2564 2531 2111 420 652 383 339 499 249 250 209 190 137 117
cat_boundaries=0 1 2 3
cat_threshold=1461318 3707816 1
is_linear=0
shrinkage=0.1


Tree=58
num_leaves=31
num_cat=3
split_feature=2 11 1 10 12 8 12 11 4 12 7 12 12 9 11 11 7 0 9 8 11 9 8 4 8 11 8 8 10 10
split_gain=0.480367 2.22358 1.64038 1.86682 1.70329 4.42472 2.50451 1.67682 1.61663 2.7091 2.29343 1.51556 1.96743 1.85388 1.41609 2.11216 2.77013 2.06359 2.70393 2.73625 2.30529 1.80554 2.03856 1.88048 1.96347 1.9264 1.63345 2.3185 1.53113 1.98989
threshold=0 -0.034517921980542342 1 -0.13301203404873482 0.019399799390678128 0.05101807561996629 7.1476644827677939e-05 0.071105516319634285 1.5000000000000002 -0.00072820363772493012 6.5000000000000009 -0.050580620609600814 -0.0095898314594770138 -0.11380243522561705 -0.043313160643240013 -0.061674976727964292 132.50000000000003 2 -0.10804387189041477 0.14019120348918732 -0.097207457802476735 -0.23760952535908561 0.17976232513535359 1.0000000180025095e-35 0.39411443074654007 -0.084718979298309988 0.1972255393842807 0.34833908622345772 -0.028055485663735304 -0.020621247913902973
decision_type=1 2 9 2 2 2 2 2 2 2 2 2 2 2 2 2 2 9 2 2 2 2 2 2 2 2 2 2 2 2
left_child=1 11 8 -4 6 -6 -5 -7 10 -10 -3 -1 -13 -14 15 17 -17 21 19 -19 28 -2 -23 -24 25 26 -25 -28 -21 -30
right_child=14 2 3 4 5 7 -8 -9 9 -11 -12 12 13 -15 -16 16 -18 18 -20 20 -22 22 23 24 -26 -27 27 -29 29 -31
leaf_value=-0.057059774792846824 -0.10707910955441993 0.012349056435880232 -0.083957997218015279 -0.0060826283180844673 0.19387249438896359 -0.074750060918629846 -0.098124218989467354 0.042105084859640068 0.070721182780106986 -0.07100881765548421 0.16239102534326866 0.10248154995680672 0.066979251671366105 -0.10334205901372107 -8.6050056651116948e-05 -0.12062706889168112 0.092795160713382785 -0.1107829002225596 0.10947785840797115 -0.067779739939120523 -0.11041792696258011 -0.08465714287013465 0.098876926379108679 0.07311206193238784 -0.10856680264797774 0.11104717811450293 -0.086863266522364965 0.093811054592723514 0.18843926966657218 0.039562663024682906
leaf_weight=1.1008627347182471 3.3449976763222393 1.8416398093104343 3.4411175469867876 23.098652513464916 1.4406243413686741 2.0427755815908313 3.3902442101389161 3.0786564662121236 3.2981286705471575 2.2816707636229694 2.279881639406085 5.4265670692548147 1.5615310496650625 1.0817940253764393 243.84943995624781 3.7294433303177348 0.72666063159704197 1.7551412135362614 3.1013756599277285 0.983706106664611 1.0596903064288206 4.2227881101425728 1.559628142742439 1.4060597075149406 1.9628156572580335 1.368324008071794 3.539304580539465 0.8885687042493372 1.098943620454518 4.9048960730433473
leaf_count=28 157 31 76 333 11 47 73 44 42 70 34 58 40 48 4288 135 4 78 39 49 33 185 36 40 101 35 189 35 8 98
internal_value=-0.00101625 0.00679974 -0.000901522 -0.0108803 -0.00656376 0.0390467 -0.0178628 -0.0045047 0.0235621 0.0127655 0.095347 0.0530058 0.0680205 -0.0027256 -0.00271074 -0.021423 -0.0858241 -0.0122239 0.015829 0.0023475 0.0270218 -0.0262926 -0.0258039 -0.00263084 -0.0199045 0.00425845 -0.0207884 -0.0506062 0.0478651 0.0668131
internal_weight=334.866 55.3641 46.1934 36.4921 33.051 6.56206 26.4889 5.12143 9.70132 5.5798 4.12152 9.17075 8.06989 2.64333 279.502 35.6523 4.4561 31.1962 12.9038 9.80238 8.04724 18.2925 14.9475 10.7247 9.16507 7.20226 5.83393 4.42787 6.98755 6.00384
internal_count=6445 935 761 584 508 102 406 91 177 112 65 174 146 88 5510 1222 139 1083 305 266 188 778 621 436 400 299 264 224 155 106
cat_boundaries=0 1 2 3
cat_threshold=537 17288 90432
is_linear=0
shrinkage=0.1


Tree=59
num_leaves=31
num_cat=5
split_feature=0 1 9 4 11 3 3 7 8 11 7 11 11 0 7 6 11 12 7 7 4 7 9 8 8 7 4 10 4 6
split_gain=0.50233 1.57107 3.50876 2.30233 2.6898 2.45747 1.90129 1.84902 1.6683 5.23035 3.72271 2.59691 2.76243 2.49898 3.10208 2.49243 2.28947 2.22439 2.24806 3.63244 5.41701 2.81514 2.15529 1.99226 6.4822 2.00588 1.97656 2.62468 1.81864 1.74252
threshold=0 1 0.17874969990092107 1.0000000180025095e-35 -0.015296656988633358 1.5000000000000002 20.500000000000004 131.50000000000003 0.0086043751850216326 0.034508459182486594 1.5000000000000002 0.088253911142751759 0.11183507750225226 2 126.50000000000001 3 0.033303832568609713 -0.0005462282453714295 63.500000000000007 89.500000000000014 3.5000000000000004 83.500000000000014 0.13735741915826333 0.062598869267161739 0.053204839805174708 5.5000000000000009 3.5000000000000004 0.46543456281764661 3.5000000000000004 4
decision_type=9 9 2 2 2 2 2 2 2 2 2 2 2 9 2 1 2 2 2 2 2 2 2 2 2 2 2 2 2 1
left_child=-1 7 3 4 6 -6 -3 -2 9 10 -5 13 28 16 22 -14 -10 -12 -19 20 21 -20 23 24 25 -15 -17 -28 -13 -21
right_child=1 2 -4 8 5 -7 -8 -9 11 -11 17 12 15 14 -16 26 -18 18 19 29 -22 -23 -24 -25 -26 -27 27 -29 -30 -31
leaf_value=0.007123831714596152 -0.0072302746515019419 -0.020481028510627095 -0.10374676376082943 0.17126347800097017 0.09789012671617485 -0.091573216866876125 0.14788998877677595 -0.11953890292429346 0.068996023549280305 0.28278194001982132 0.12852246665574624 0.041422380707286217 -0.10587431113386934 0.043066258427120543 0.19597570844696349 0.062014194457926081 -0.041589682259339907 -0.024320618753719561 -0.059375935997361906 0.037140855782014141 0.22426238902898069 0.14301484906788184 0.080859616085982244 -0.071636482159598946 0.26707086429285365 -0.065676733948926952 -0.043372338660788157 0.13410806142570381 0.1870268508988257 -0.1047088309784255
leaf_weight=53.901279680198058 189.36218389461283 1.6498918584547939 2.6916996880900106 1.7448319923132718 0.7757855048403125 5.8244754155166447 1.1300286464393137 1.4773718533106137 8.2444848455488664 0.85932496003806491 1.6937869852408827 1.6156089082360297 1.4314950266852975 2.3463844847865474 0.58361648465506633 8.8982979678548855 2.4221493154764167 9.6589278448373062 1.9010327383875831 1.7587528461590409 2.0751442164182663 1.0763862133026121 1.4428140870295454 12.360543091082944 0.77238599956035692 6.1225004750303924 4.8414977202191958 1.0064706299453972 1.8288825703784821 1.7060727421194315
leaf_count=406 3745 46 160 34 15 163 16 27 109 9 24 27 53 52 14 116 22 262 46 21 43 14 41 600 12 179 106 8 24 51
internal_value=-0.000969441 -0.00269007 0.00779479 0.012204 -0.0345511 -0.069304 0.0479612 -0.00769641 0.0179451 0.0408346 0.0312157 0.00840408 0.0374179 -0.00819655 -0.0222789 0.0201048 0.02265 0.0189179 0.00870418 0.0461551 0.100234 0.0137917 -0.037474 -0.0453777 -0.0102555 -0.0355485 0.0323343 -0.0128269 0.118732 -0.0327056
internal_weight=333.204 279.303 88.4633 85.7716 9.38018 6.60026 2.77992 190.84 76.3914 22.4743 21.6149 53.9171 19.6223 34.2949 23.6282 16.1778 10.6666 19.8701 18.1763 8.51739 5.05256 2.97742 23.0446 21.6018 9.24127 8.46888 14.7463 5.84797 3.44449 3.46483
internal_count=6445 6039 2267 2107 240 178 62 3772 1867 504 495 1363 334 1029 898 283 131 461 437 175 103 60 884 843 243 231 230 114 51 72
cat_boundaries=0 1 2 3 4 5
cat_threshold=9737 355115 65556 2 4
is_linear=0
shrinkage=0.1


Tree=60
num_leaves=31
num_cat=2
split_feature=1 8 9 7 4 12 7 10 9 12 4 10 11 8 10 7 10 7 7 7 11 3 3 12 7 9 8 12 10 2
split_gain=0.487593 1.84725 1.83722 1.7756 1.50171 1.48087 1.42841 2.00481 1.8102 3.09243 2.11857 2.39439 1.96841 1.65089 2.06745 1.80714 3.86732 3.1941 4.18556 1.84622 1.6339 1.44509 1.40473 1.31334 1.30004 1.26189 2.34598 1.61631 1.48702 1.39496
threshold=0 0.28691180493068219 -0.23253003915849449 3.5000000000000004 3.5000000000000004 -0.1455178220140172 7.5000000000000009 -0.16414341867606327 -0.13229357524031529 -0.029191382706060153 4.5000000000000009 -0.00053711450308688302 -0.0012733494458861915 0.11297457911351592 0.33327119557966439 46.500000000000007 -0.041018848830823754 82.500000000000014 89.500000000000014 65.500000000000014 -0.0012733494458861915 4.5000000000000009 11.500000000000002 -0.11658787507893016 100.50000000000001 -0.27620152152996064 0.26171587846569438 -0.1455178220140172 0.0069579415074978506 1
decision_type=9 2 2 2 2 2 2 2 2 2 2 2 2 2 2 2 2 2 2 2 2 2 2 2 2 2 2 2 2 1
left_child=25 2 3 -2 -5 -6 8 -8 23 -10 11 12 -11 15 -15 20 19 -18 -19 -17 -9 -20 -13 -4 -23 26 -1 -28 -29 -27
right_child=1 -3 6 4 5 -7 7 13 9 10 -12 22 -14 14 -16 16 17 18 21 -21 -22 24 -24 -25 -26 29 27 28 -30 -31
leaf_value=-0.077142387721255104 -0.11674656003599718 -0.10279553688247241 0.040160432535926653 0.085076560434377266 0.085881381784490521 -0.1054573134069195 0.11409084345114301 0.021132853077449634 0.12125820954111047 0.19148618814333915 -0.10733435258350794 -0.10540801309184054 0.025351912839487609 -0.10891420436256323 0.070822639001301299 0.18710089845543312 -0.092957580860820926 0.18102239451023741 -0.10943141657676321 0.03268958429378814 -0.09638953513703194 -0.069886039647242604 0.022774830103091906 -0.11166559177466409 0.047468873408988005 -0.015648931966300222 0.10775179647308762 -0.10699242213116411 0.016194027745997232 0.0048377976384012212
leaf_weight=5.7435878678224963 0.6535871266387393 2.0980743216350666 0.83838889515027437 4.7233839419204742 0.69528285041451454 0.96715696156024911 0.95398862101137538 1.5922362119890747 2.7488919617608181 1.147863647900522 1.5337531657423822 1.5210705948993566 1.8832630650140325 4.5263320554513475 0.74535496719181527 1.3005840834230231 4.6420351308770407 1.2366791618987916 1.419166234321892 1.9136777301318941 4.6027538999915221 1.4350205473601816 1.9521647961810229 1.7781322703231115 2.7585273468866944 28.608207004377618 1.3536772932857273 1.311513226944953 3.8758165938779712 241.15694960020483
leaf_count=91 14 183 7 83 11 48 13 28 28 16 62 53 40 255 7 10 138 37 33 33 137 35 54 79 38 767 13 53 53 4026
internal_value=-0.000930243 -0.00912856 -0.00691632 0.0402396 0.0563071 -0.0254337 -0.0151066 -0.0283029 0.0116004 0.0296999 -0.00161143 0.0233184 0.0882656 -0.0334932 -0.0835015 -0.0208798 -0.00179475 -0.0289164 0.0144862 0.0951689 -0.0661839 -0.0222076 -0.0333616 -0.0630173 0.00731035 0.000808422 -0.0305073 0.0104425 -0.0149512 0.00226445
internal_weight=331.717 49.6674 47.5693 7.03941 6.38582 1.66244 40.5299 27.1264 13.4035 10.787 8.03812 6.50436 3.03113 26.1724 5.27169 20.9007 14.7057 11.4914 6.84939 3.21426 6.19499 5.61271 3.47324 2.61652 4.19355 282.05 12.2846 6.54101 5.18733 269.765
internal_count=6445 1442 1259 156 142 59 1103 764 339 253 225 163 56 751 262 489 324 281 143 43 165 106 107 86 73 5003 210 119 106 4793
cat_boundaries=0 1 2
cat_threshold=1580270 1124
is_linear=0
shrinkage=0.1


Tree=61
num_leaves=31
num_cat=3
split_feature=0 11 11 11 1 10 7 10 1 9 9 9 3 8 3 10 11 11 7 7 8 11 3 3 3 4 12 4 7 4
split_gain=0.497081 2.25417 1.98716 1.97979 1.8267 3.86751 2.70591 1.46501 0.995876 2.25659 2.79916 1.89929 4.26377 2.80011 3.17081 1.86109 2.19508 2.51982 2.2259 3.97472 2.18204 1.93516 1.9056 3.3494 3.03323 2.70604 2.4662 2.11022 1.87355 1.85258
threshold=0 -0.37828953706399376 0.071914560947979059 0.055861315599041415 1 1.0000000180025095e-35 7.5000000000000009 -0.0095252542847014034 2 0.17874969990092107 0.13735741915826333 -0.0043109726752617698 1.0000000180025095e-35 0.0071575376878353801 7.5000000000000009 0.031462478159090507 -0.12260297799591095 -0.09443903668716562 4.5000000000000009 3.5000000000000004 0.25267396432311784 -0.079696245632632098 6.5000000000000009 19.500000000000004 1.5000000000000002 1.5000000000000002 -0.024577731902530625 3.5000000000000004 49.500000000000007 3.5000000000000004
decision_type=9 2 2 2 9 2 2 2 9 2 2 2 2 2 2 2 2 2 2 2 2 2 2 2 2 2 2 2 2 2
left_child=1 -1 3 4 5 6 -3 -6 15 10 11 13 -13 14 -10 16 18 -18 19 -2 22 -19 24 26 -17 -25 -24 -28 -29 -14
right_child=8 2 -4 -5 7 -7 -8 -9 9 -11 -12 12 29 -15 -16 20 17 21 -20 -21 -22 -23 23 25 -26 -27 27 28 -30 -31
leaf_value=0.12061936361459247 -0.04119373067690911 -0.10423465080431621 -0.077035289798616305 0.11627843220027612 -0.085785617045140886 -0.11205632588041355 0.085568099178308113 -0.019942149906488363 0.200674949000585 -0.10348350727934937 0.10851141635243854 0.089242732898981769 -0.075512911691114876 -0.005130854479862999 0.013179975033540875 0.026685747239419036 0.11740522405031595 -0.11501242198732187 -0.06790398758807141 0.22245931859691745 0.03376035138721753 0.012426341785917332 0.14306091796027695 0.017875152051869896 -0.08058434229886291 -0.086709147877580509 -0.026732462593841488 0.12821851753420851 0.00097348052833835265 -0.013838592379491929
leaf_weight=1.2475040373392392 1.8581257888581588 0.84054018743336012 4.7090646163560441 1.2366066374815989 3.9424087821971581 1.4546617537271229 7.0602410316932946 23.654345405753709 1.4365463973954313 2.4359284893143913 2.0871122700627884 2.5098030439112362 11.362807205412539 55.435750050935894 2.4238151265308261 3.5522410986013702 2.2762260676827273 1.2016213973984111 6.6697786725126207 0.82596826832741488 8.124040737282483 142.22147759213112 1.6538710966706265 3.9696263736113888 10.219896089751272 6.5664249127730727 6.1057721460238117 2.2498604387510568 2.3824760336428881 8.5241837576031667
leaf_count=15 55 54 114 23 131 53 126 580 25 186 60 53 354 1496 34 48 41 42 223 9 138 1875 9 46 154 111 81 23 17 269
internal_value=-0.000923102 -0.0096944 -0.0157439 -0.00818606 -0.0123513 0.0182643 0.0653756 -0.0215423 0.000743221 -0.00771006 -0.00584569 -0.00876732 -0.0335771 0.000603613 0.082952 0.00458312 0.0100006 0.0130154 -0.0369583 0.0399394 -0.0131343 0.0113586 -0.023515 -0.00585468 -0.0529162 -0.0473053 0.029388 0.0118802 0.0627746 -0.0490774
internal_weight=330.239 44.1454 42.8979 38.1888 36.9522 9.35544 7.90078 27.5968 286.093 86.2159 83.78 81.6929 22.3968 59.2961 3.86036 199.877 155.053 145.699 9.35387 2.68409 44.8242 143.423 36.7002 22.928 13.7721 10.5361 12.392 10.7381 4.63234 19.887
internal_count=6445 1096 1081 967 944 233 180 711 5349 2477 2291 2231 676 1555 59 2872 2245 1958 287 64 627 1917 489 287 202 157 130 121 40 623
cat_boundaries=0 1 2 3
cat_threshold=65668 3933190 1071528
is_linear=0
shrinkage=0.1


Tree=62
num_leaves=31
num_cat=2
split_feature=7 1 7 10 12 8 3 1 12 9 8 4 3 7 11 12 12 11 3 3 3 7 9 11 11 3 12 11 12 10
split_gain=0.496557 3.32899 3.32566 3.185 3.01619 2.59904 2.16721 2.0238 3.38103 2.63895 2.36581 2.24655 2.43847 2.71108 2.76475 2.2668 1.97786 2.57567 2.5973 2.5506 1.80323 2.30961 1.85024 1.95084 2.62233 1.78146 1.67457 1.6603 2.51684 1.66889
threshold=64.500000000000014 0 67.500000000000014 -0.15288321499232133 0.1528714598900566 0.41730410105080334 2.5000000000000004 1 0.001530062644280365 -0.056476494929788519 0.093606438911280357 4.5000000000000009 3.5000000000000004 27.500000000000004 -1.0000000180025095e-35 0.0001442042207800967 -0.11027830303549406 -0.13287376699822981 22.500000000000004 17.500000000000004 19.500000000000004 36.500000000000007 -0.17799597509522783 0.054197486698137155 -0.10016423954885399 1.0000000180025095e-35 -0.0055177627186143155 0.22316993010324523 -0.12158645039389988 0.076578621354267976
decision_type=2 9 2 2 2 2 2 9 2 2 2 2 2 2 2 2 2 2 2 2 2 2 2 2 2 2 2 2 2 2
left_child=7 2 3 -2 -5 6 -4 8 10 20 11 12 -1 14 -14 -13 -12 19 -19 26 21 22 -10 24 -24 -3 -18 29 -29 -8
right_child=1 25 5 4 -6 -7 27 -9 9 -11 16 15 13 -15 -16 -17 17 18 -20 -21 -22 -23 23 -25 -26 -27 -28 28 -30 -31
leaf_value=0.19855398507854299 0.15735548754538678 0.046445104109199491 -0.035315842715092735 -0.088971690889845245 0.084271275641156052 -0.079695231987285314 0.01544043595268476 -0.002688865901053163 -0.053153984009149974 -0.10439196905830882 0.080847145369466134 -0.063448834646112368 0.17962134955910886 0.18499017247667524 0.0013593174756994088 0.11781409330858127 0.043440299064542366 -0.094773608890589764 0.10278783656952289 -0.10725022088914356 -0.10358052597754935 -0.10786875971768076 0.1732539363537926 0.16390681699276161 -0.10349328407946341 -0.060990917113961568 0.23825358441803002 0.0010387423180045605 0.12146968631905566 -0.030127308605398768
leaf_weight=2.142230425961321 0.67354102712124486 1.6833933342713887 9.5583401767071319 8.2182140904478711 1.144968504551797 3.3206384876975781 81.97036518692039 156.58397595863789 0.99916328396648113 2.7184965014457685 3.1246678163297492 1.8340145177207881 1.1101319696754206 1.7196087790653107 4.0228289263322958 1.1059447154402731 1.005724475486204 3.717196544166649 0.81056014727801073 0.61405986850149918 1.1002834411337969 0.91364320693537582 0.58397339424118377 2.0401111394166946 0.82764833327382892 18.557759551913477 0.78611830761656354 3.4444678844884038 3.4972044592723242 8.9110792635474336
leaf_count=36 7 38 166 201 14 106 1034 3056 32 129 47 73 8 28 106 28 40 183 11 33 46 31 11 32 42 723 13 36 24 111
internal_value=-0.000898624 -0.00538382 0.0022538 -0.0526781 -0.0677868 0.00743774 0.0101322 0.00246909 0.0221369 -0.0217255 0.0505173 0.0806267 0.105431 0.0763192 0.039913 0.00473809 0.0147908 -0.0149777 -0.0594061 0.0686339 0.0130362 0.0369547 0.0666828 0.101372 0.0109942 -0.0348422 0.128909 0.014573 0.0617117 0.0109724
internal_weight=328.74 140.98 120.739 10.0367 9.36318 110.702 107.381 187.76 31.1764 9.18332 21.9931 11.9348 8.9948 6.85257 5.13296 2.93996 10.0583 6.93366 4.52776 2.4059 6.46482 5.36454 4.4509 3.45173 1.41162 20.2412 1.79184 97.8231 6.94167 90.8814
internal_count=6445 2460 1699 222 215 1477 1371 3985 929 323 606 279 178 142 114 101 327 280 194 86 194 148 117 85 53 761 53 1205 60 1145
cat_boundaries=0 1 2
cat_threshold=1526854 3674536
is_linear=0
shrinkage=0.1


Tree=63
num_leaves=31
num_cat=3
split_feature=0 11 11 11 1 10 7 10 7 11 4 7 11 12 7 11 11 7 10 7 3 3 4 7 11 12 11 2 11 7
split_gain=0.44358 1.92794 1.64174 1.55116 1.40674 3.12287 2.14309 1.34334 0.958975 1.38017 1.13204 1.06673 0.937922 1.36414 2.34985 1.39713 1.31077 0.967229 1.58082 1.58146 4.5215 4.67157 1.25975 2.84615 0.876507 0.872033 0.848218 1.83059 1.59004 2.02465
threshold=0 0.071914560947979059 -0.37828953706399376 0.055861315599041415 1 1.0000000180025095e-35 7.5000000000000009 -0.0095252542847014034 108.50000000000001 -0.0045498753231035536 4.5000000000000009 66.500000000000014 -0.090466649904996935 -1.0000000180025095e-35 6.5000000000000009 0.036134739908632009 -0.17526597339402925 91.500000000000014 0.0022039363833032404 34.500000000000007 12.500000000000002 5.5000000000000009 4.5000000000000009 2.5000000000000004 0.19127887076340758 -0.12396265807624775 -0.043313160643240013 2 -0.034517921980542342 61.500000000000007
decision_type=9 2 2 2 9 2 2 2 2 2 2 2 2 2 2 2 2 2 2 2 2 2 2 2 2 2 2 1 2 2
left_child=1 2 -1 4 5 6 -4 25 9 11 -11 -8 16 14 -14 17 -9 18 19 22 21 -21 23 -15 -3 -6 27 -2 29 -28
right_child=26 24 3 -5 7 -7 8 12 -10 10 -12 -13 13 15 -16 -17 -18 -19 -20 20 -22 -23 -24 -25 -26 -27 28 -29 -30 -31
leaf_value=0.10647923384142183 -0.023200101546701112 -0.10815356273390904 -0.10389712090487693 0.098270077610306761 0.026298860964243401 -0.11105511246303873 0.20711329613794993 -0.033043019572773551 0.14592403103745719 -0.023287236535865882 0.088002252143292228 0.060329824955793858 0.072664121491351139 0.10230319655730527 -0.096758862862001457 0.11822869363284548 0.12074430120303976 -0.061291596683235888 -0.103993721699048 0.14389898760099959 0.18489798720802419 -0.11067696550621187 0.061335059899087496 -0.10657994776512364 -0.015271174837998273 -0.10533025588828909 0.0066350237138979628 0.018900473167605816 0.0015783374302964033 0.13914116766944698
leaf_weight=1.2935778761748213 24.843053038581274 2.7829407253302625 0.76754392124712278 1.3228916283696879 0.60259012505412135 1.3150443010963488 0.83949403930455391 1.1146702407859268 1.407584107480943 2.4031810099259032 1.4750201972201464 1.2068984813522545 0.99319985508919018 0.85297362878919214 4.6580205042846501 0.81078930478543121 1.1022929986938823 3.6404378958977768 1.3294964097440232 1.1307556023821237 1.6853821026161311 1.9883019169792531 1.1847759229131041 2.7727536484599113 1.6001763674430547 3.0546046625822738 2.881112723145633 7.814510501921176 246.46459973370656 1.9226395019795743
leaf_count=15 956 77 54 23 4 53 15 31 23 41 19 28 17 18 113 20 24 57 55 25 39 34 32 115 37 127 35 187 4147 24
internal_value=-0.000881778 -0.00923497 -0.00429062 -0.00809557 -0.0119681 0.0154592 0.0550857 -0.0199075 0.0717283 0.0541006 0.0190402 0.120545 -0.0184454 -0.0249621 -0.0669828 -0.00953772 0.0434213 -0.0166404 -0.00178811 0.0123443 0.0529259 -0.0183852 -0.0281862 -0.057439 -0.0742443 -0.0836419 0.000693982 -0.0144426 0.00268891 0.0596689
internal_weight=327.261 43.3354 38.9523 37.6587 36.3358 9.41477 8.09972 26.921 7.33218 5.92459 3.8782 2.04639 23.2639 21.0469 5.65122 15.3957 2.21696 14.5849 10.9444 9.61494 4.80444 3.11906 4.8105 3.62573 4.38312 3.65719 283.926 32.6576 251.268 4.80375
internal_count=6445 1096 982 967 944 233 180 711 126 103 60 43 580 525 130 395 55 375 318 263 98 59 165 133 114 131 5349 1143 4206 59
cat_boundaries=0 1 2 3
cat_threshold=65668 3933190 1326
is_linear=0
shrinkage=0.1


Tree=64
num_leaves=31
num_cat=3
split_feature=7 7 10 12 1 7 3 10 9 4 4 8 3 8 10 4 11 12 3 6 7 10 3 11 1 12 9 9 12 12
split_gain=0.411654 2.9067 2.83536 3.17577 2.50943 2.47076 2.42746 2.8526 2.2638 2.48784 1.93308 2.65352 2.61513 1.81635 1.77378 3.39878 3.98499 2.4301 2.39402 2.8704 2.33611 2.18928 1.68933 3.07393 1.62445 2.68986 2.40749 1.84996 1.58956 2.88807
threshold=64.500000000000014 68.500000000000014 -0.15746436499708991 0.36084437979176426 0 73.500000000000014 3.5000000000000004 -0.13539868829688215 -1.0000000180025095e-35 1.5000000000000002 1.5000000000000002 0.0083258773873585452 1.5000000000000002 0.41730410105080334 -0.0001217182976614077 2.5000000000000004 0.14440507776465733 -0.0035480951431308585 8.5000000000000018 1 77.500000000000014 0.005124090767136589 2.5000000000000004 0.035200512805212504 2 0.001530062644280365 -0.056476494929788519 1.0000000180025095e-35 0.090104034907074346 0.12811024061498119
decision_type=2 2 2 2 9 2 2 2 2 2 2 2 2 2 2 2 2 2 2 1 2 2 2 2 9 2 2 2 2 2
left_child=24 2 -2 22 6 -6 7 -3 -9 -10 11 -7 -12 14 15 16 -8 21 19 -19 -21 -16 23 -4 25 27 28 -1 -27 -30
right_child=1 4 3 -5 5 10 13 8 9 -11 12 -13 -14 -15 17 -17 -18 18 -20 20 -22 -23 -24 -25 -26 26 -28 -29 29 -31
leaf_value=0.050565629503333702 0.10678452544863509 0.073714200582514822 -0.063961251236429623 0.10545245706896367 0.046301287338432272 0.12844763487643815 -0.087395445540236427 -0.097944289909814464 0.11682411773790698 -0.060983361112002255 0.037757819451026221 -0.05463757629085552 -0.09851153586977901 -0.070001474972500796 0.17409264030299079 0.017226653499072136 0.047570435731956316 0.11503415976286602 -0.0133671938470219 -0.070436474890398643 0.033759357017263229 0.050474273976105946 -0.081838360908242133 0.15506131678136359 -0.0024207093028224972 -0.028640863467661301 -0.10400874616239489 -0.10160393725154915 0.18422842122868749 -0.029012230957300319
leaf_weight=21.338121928507469 1.184480002149942 1.9353903010487545 2.1599724791012735 1.1706640664488066 2.6848598481155959 1.1843929104506963 7.6276792460121197 5.7715480104088774 1.2538792735431337 2.1129395943135023 1.6519721541553725 2.3870755084790289 9.5477640503086132 2.5663877050392321 1.7430148236453522 29.132761494489387 3.0674082394689322 3.9073785813525355 15.86194670666009 2.4334066747687784 18.590277060866356 8.0453132372349483 12.385803123004733 0.9110759706236421 156.06673615705222 3.8137742772232741 2.4773470151703787 0.83000409742817183 1.2221884755417707 1.3223010296933351
leaf_count=516 15 20 59 19 83 24 137 108 22 49 42 111 395 83 15 344 28 54 214 22 147 82 366 21 3056 116 129 90 23 55
internal_value=-0.000859472 -0.00497475 -0.0427006 -0.0533493 0.000555639 -0.0266669 0.00701172 -0.0365725 -0.0599299 0.00523615 -0.0579832 0.0060783 -0.0784117 0.0129569 0.0153118 -0.000473199 -0.0486865 0.027741 0.0170041 0.0363273 0.0216991 0.0724871 -0.0653766 0.00101532 0.00220531 0.0198652 -0.020383 0.0448682 0.0121997 0.0734131
internal_weight=326.388 139.317 17.812 16.6275 121.505 17.4561 104.049 11.0738 9.13837 3.36682 14.7712 3.57147 11.1997 92.9756 90.4092 39.8278 10.6951 50.5813 40.793 24.9311 21.0237 9.78833 15.4569 3.07105 187.07 31.0037 8.83561 22.1681 6.35826 2.54449
internal_count=6445 2460 480 465 1980 655 1325 199 179 71 572 135 437 1126 1043 509 165 534 437 223 169 97 446 80 3985 929 323 606 194 78
cat_boundaries=0 1 2 3
cat_threshold=1461254 1 3674536
is_linear=0
shrinkage=0.1


Tree=65
num_leaves=31
num_cat=3
split_feature=10 10 10 9 11 2 3 7 1 10 6 8 12 9 11 3 7 7 7 3 7 9 12 9 12 7 12 12 7 3
split_gain=0.431493 2.4707 1.97443 1.65129 1.59757 1.10619 3.17649 2.19014 1.89914 1.97565 2.70129 2.66437 5.63484 3.27112 3.58979 2.46804 4.84977 3.5528 5.41209 2.90821 1.8885 1.84372 1.74621 1.71791 2.41279 2.01641 1.60661 1.54101 1.44724 2.15891
threshold=-0.090650317572314301 -0.095743761478184794 -0.084996288013709842 -0.071665065446424051 0.093067343552021661 0 1.5000000000000002 16.500000000000004 1 0.0015133580892717523 2 0.062598869267161739 -1.0000000180025095e-35 -0.1897242449083692 0.071914560947979059 6.5000000000000009 9.5000000000000018 10.500000000000002 5.5000000000000009 18.500000000000004 8.5000000000000018 -0.11249472891024744 -0.0063061500211343997 -0.019880778273411722 0.0080039039437109546 7.5000000000000009 0.063445567175762885 0.18247480436877692 1.0000000180025095e-35 10.500000000000002
decision_type=2 2 2 2 2 1 2 2 9 2 1 2 2 2 2 2 2 2 2 2 2 2 2 2 2 2 2 2 2 2
left_child=1 3 4 -1 -2 6 -4 8 21 11 26 12 -10 -13 20 17 19 18 -14 -17 -15 -8 -12 24 -24 -25 -11 -22 29 -7
right_child=2 -3 5 -5 -6 28 7 -9 9 10 22 13 15 14 -16 16 -18 -19 -20 -21 27 -23 23 25 -26 -27 -28 -29 -30 -31
leaf_value=-0.00096468663650455498 0.011241933775828552 -0.11464914547113086 -0.056235823924787189 -0.1049093857114662 0.1054304709415666 -0.089890623949020337 0.029499556271014138 -0.1158137612748656 0.15511982345620592 -0.083414820694346664 0.073326390354952906 0.14814023017534991 0.12693193804282898 -0.11176153822143518 0.089948552076360322 -0.068939606959394592 -0.11792712448543333 0.19970528810682475 -0.072911646182220721 0.081298487029709252 -0.069269703617030873 -0.089732871481815468 0.12077447404264563 -0.109762914596301 -0.030546257962718842 0.020025477824605769 0.06632380962711612 0.081322731769155443 -0.0027365072914677028 0.0082376850014993248
leaf_weight=42.499423086643219 4.18293248489499 2.1432555846404275 6.2768046555574974 1.5853446347173292 3.1621085894294083 4.767014346085487 1.8842725923750547 1.1867212709039439 5.2498551895841983 4.1885367291979492 5.2221050043590393 1.3083222096320231 3.102936699986464 3.3355794684030098 2.1178294199053198 1.6977884387597422 2.4639943223446608 1.8536088522523639 2.4058410143479705 5.3438898893073201 1.4697245904244485 4.16038612322882 2.1692487462423751 2.2316155540756855 2.0490336148068309 2.5820432677865028 0.8644218211993574 1.2638426907360552 198.02154743555002 4.2328860580455512
leaf_count=794 63 60 123 74 26 129 42 31 38 118 59 18 32 82 26 23 50 29 36 64 51 174 31 41 41 30 12 11 4024 113
internal_value=-0.000852217 -0.00980009 0.000631463 -0.00470267 0.051791 -0.000752839 0.0098238 0.0186435 0.0214446 0.0252679 0.00502519 0.0456235 0.064645 0.00131571 -0.0221476 0.0364865 0.0028229 0.0799501 0.0396545 0.0450752 -0.0612636 -0.0198034 0.0272958 0.000681757 0.0472703 -0.0401445 -0.0577987 0.000355489 -0.00431076 -0.0437383
internal_weight=325.023 46.228 278.795 44.0848 7.34504 271.45 64.4284 58.1516 56.9649 50.9202 19.307 31.6132 22.1179 9.4953 8.18698 16.8681 9.50567 7.36239 5.50878 7.04168 6.06915 6.04466 14.254 9.03194 4.21828 4.81366 5.05296 2.73357 207.021 8.9999
internal_count=6445 928 5517 868 89 5428 1162 1039 1008 792 332 460 272 188 170 234 137 97 68 87 144 216 202 143 72 71 130 62 4266 242
cat_boundaries=0 1 2 3
cat_threshold=539 917509 1
is_linear=0
shrinkage=0.1


Tree=66
num_leaves=31
num_cat=3
split_feature=0 1 10 12 12 11 3 11 8 3 7 7 7 3 11 8 4 7 4 3 10 8 7 7 11 2 8 10 9 9
split_gain=0.449003 1.88031 2.02856 1.92851 4.06604 1.52668 1.52638 2.43477 1.24343 1.18928 5.9634 4.19812 7.36297 1.18126 2.2683 1.78346 1.14208 1.53346 1.03272 1.34887 1.37833 1.80518 1.13153 0.843167 0.722591 1.54867 1.51781 1.44678 1.40754 1.88458
threshold=0 1 -1.0000000180025095e-35 0.0011710093050480981 0.00085283630380552072 -0.090466649904996935 4.5000000000000009 0.039650264339399645 0.0044762367521619236 5.5000000000000009 73.500000000000014 64.500000000000014 39.500000000000007 6.5000000000000009 -0.0045498753231035536 0.10413912153073206 3.5000000000000004 3.5000000000000004 2.5000000000000004 6.5000000000000009 -0.0095252542847014034 0.033043144586189753 90.500000000000014 90.500000000000014 -0.043313160643240013 2 0.12229143017898686 -0.026868939965529141 -0.31425846937795388 -0.23972029433802652
decision_type=9 9 2 2 2 2 2 2 2 2 2 2 2 2 2 2 2 2 2 2 2 2 2 2 2 1 2 2 2 2
left_child=1 6 18 4 5 -4 -1 13 9 10 -7 12 16 -8 15 -15 17 -11 -3 -20 22 -22 -21 -16 25 28 -27 -28 -2 -30
right_child=24 2 3 -5 -6 8 7 -9 -10 11 -12 -13 -14 14 23 -17 -18 -19 19 20 21 -23 -24 -25 -26 26 27 -29 29 -31
leaf_value=-0.05806420540622971 0.066192354907443421 -0.1076103523990998 0.065721036472201205 -0.10509773032660473 0.22343579250729761 -0.046433135132939306 0.10940794470756982 -0.067624487611536235 -0.084116926826477881 0.11360827690403684 0.19841865825489172 -0.091238220459512992 0.36172132121575457 0.22154725827197819 0.021135793029473878 0.023455556510900304 0.067363153533290879 -0.1034851314651879 -0.086609545322506157 -0.10618146895266485 -0.029421550605353036 0.15419131237234013 0.06533162233504608 -0.12438392826879806 0.0025947334378656839 -0.059504893771231152 -0.068257756963583188 0.076413655101433359 -0.097927557307450064 -0.023014173999878755
leaf_weight=1.5067992573603977 1.4174495483748639 3.3793052004184592 2.3962059561163249 1.8796148970723141 0.78830895386636157 3.0288001098670092 4.1379126282408816 1.4611904784105716 2.5341344217304131 0.40990429045632382 1.4810958495363591 4.8142459164373577 0.63002411648631085 0.77210536599159185 0.74090689746663041 1.1048843530006704 1.1252320259809492 1.5777355451136825 3.5605334786232561 1.5034983158111574 1.1998656271025541 0.96694771945476521 0.5168996057473122 0.86074503697454929 249.0174505058676 1.2947437185794139 0.78576568979769934 5.7469157089944929 4.0965705588460031 18.628959599416699
leaf_count=39 32 111 41 81 7 92 40 28 76 10 16 90 10 7 33 37 52 90 98 62 30 15 20 11 4206 20 45 122 159 765
internal_value=-0.000834029 -0.00932131 -0.0205829 -0.0085217 0.00114128 -0.00859551 0.0180712 0.0506159 -0.0200099 -0.0075774 0.0339787 -0.0294788 0.0499583 0.0732997 0.0303481 0.104941 -0.0131404 -0.0587147 -0.0614813 -0.0413613 -0.00288515 0.0525163 -0.0623015 -0.0570681 0.000750978 -0.0133751 0.0173028 0.0590123 -0.0215585 -0.0365183
internal_weight=323.365 42.3769 31.7924 20.6653 18.7857 17.9974 10.5845 9.07774 15.6012 13.067 4.5099 8.55714 3.7429 7.61655 3.47864 1.87699 3.11287 1.98764 11.127 7.74774 4.18721 2.16681 2.0204 1.60165 280.988 31.9704 7.82743 6.53268 24.143 22.7255
internal_count=6445 1096 901 565 484 477 195 156 436 360 108 252 162 128 88 44 152 100 336 225 127 45 82 44 5349 1143 187 167 956 924
cat_boundaries=0 1 2 3
cat_threshold=65668 3933252 1326
is_linear=0
shrinkage=0.1


Tree=67
num_leaves=31
num_cat=0
split_feature=9 9 7 12 3 11 10 12 10 4 12 4 3 7 7 8 10 8 8 12 12 3 3 10 3 7 3 11 11 9
split_gain=0.410423 1.47423 1.27686 1.24591 1.23038 1.38437 1.04176 1.06672 1.91635 1.98701 1.85567 2.02612 3.37006 1.76696 1.45458 0.661664 1.11707 0.648802 1.45547 1.3595 1.12349 2.10362 1.65339 1.79484 1.59498 1.10417 2.49212 1.01913 1.13276 1.01622
threshold=0.13735741915826333 1.0000000180025095e-35 1.0000000180025095e-35 0.22936906889434808 21.500000000000004 -0.27103664929013244 -0.056948424983961098 -0.0047388259157028949 0.0039212641526139491 5.5000000000000009 -0.017562203702772696 2.5000000000000004 20.500000000000004 38.500000000000007 6.5000000000000009 0.39411443074654007 0.26230651962890877 0.25977452260912293 0.27056439585351849 0.030479383880829342 -0.038948620105616207 17.500000000000004 19.500000000000004 0.07376418793710858 11.500000000000002 44.500000000000007 2.5000000000000004 -0.20440733100268801 -0.34784006549529961 -0.26140656597144168
decision_type=2 2 2 2 2 2 2 2 2 2 2 2 2 2 2 2 2 2 2 2 2 2 2 2 2 2 2 2 2 2
left_child=1 15 -2 4 5 -3 -4 8 -8 10 11 12 13 -10 -13 17 -17 27 29 20 21 -20 -23 -24 25 26 -22 28 -1 -19
right_child=2 3 6 -5 -6 -7 7 -9 9 -11 -12 14 -14 -15 -16 16 -18 18 19 -21 24 22 23 -25 -26 -27 -28 -29 -30 -31
leaf_value=0.012363380092073779 -0.10765641974151288 0.038551255292709814 -0.10284938601387549 0.074354760718960258 0.035601279062112481 -0.09468684949149507 -0.10463737448069527 0.096110277958889323 0.16494477450123965 0.14000685380584013 0.11689419632463427 0.026357081832408469 -0.10973541999310442 0.012732525117638874 -0.11056955115368512 -0.10455564938681193 0.067286872859933788 0.014711109743011003 -0.074453446026164091 -0.077337211956582066 0.1623321405749068 0.13504379741221167 -0.10566182578603443 0.10147040453224593 -0.041459257815523301 0.15342631820307329 -0.069775877603533806 -0.00021716079990694742 -0.069049078055954047 0.11772012960735873
leaf_weight=2.7529775945004076 0.79960321169346471 0.91707068216055532 0.63639617874286969 0.80704006832092989 1.2099812086671589 5.210542536340653 1.1735571797471465 1.9697838802821941 1.6365105602890202 1.4220824851654477 1.4414657242596165 1.1807098137214782 1.1043521373067049 1.4282559170387683 2.2624067631550133 1.419066774426027 0.51577656809240569 1.7015588774811479 2.8370083158370107 1.816945761675014 0.86330546182580137 1.2239748996216806 0.97956010617781408 0.73017725953832269 1.290231658844277 1.493120157625526 0.99656961485743523 273.70258332230151 4.5070067923516026 2.1907842939253923
leaf_count=71 35 23 45 14 41 267 53 49 33 37 13 19 32 42 79 83 10 31 88 80 17 18 38 8 48 27 24 4832 253 35
internal_value=-0.000811418 -0.00160154 0.0153093 -0.0435786 -0.0565497 -0.0747462 0.0222065 0.0280501 0.0165419 0.030117 0.0128564 -0.00684432 0.0400403 0.0940102 -0.0636148 -0.000458185 -0.0587471 -7.85641e-05 0.0194295 0.00248016 0.0164061 -0.0130565 0.0463166 -0.0172019 0.0530229 0.0893797 0.0379626 -0.00119805 -0.0381776 0.0726892
internal_weight=322.22 307.165 15.0551 8.14463 7.33759 6.12761 14.2555 13.6191 11.6493 10.4758 9.0537 7.61224 4.16912 3.06477 3.44312 299.021 1.93484 297.086 16.1232 12.2309 10.4139 5.77072 2.93371 1.70974 4.64323 3.353 1.85988 280.963 7.25998 3.89234
internal_count=6445 6008 437 345 331 290 402 357 308 255 218 205 107 75 98 5663 93 5570 414 348 268 152 64 46 116 68 41 5156 324 66
is_linear=0
shrinkage=0.1


Tree=68
num_leaves=31
num_cat=3
split_feature=0 1 11 11 3 10 10 7 3 10 7 3 3 10 7 3 12 4 7 12 3 3 7 1 10 7 8 8 7 4
split_gain=0.404718 1.5882 1.8608 1.83298 1.29873 1.24206 1.41203 2.46057 3.22332 2.13658 1.63523 2.60007 1.98244 1.21992 1.21208 1.19002 1.91576 1.05762 0.970097 0.936365 0.893447 1.26663 2.67678 0.708451 1.83091 2.53668 3.10837 3.7535 2.85349 2.37167
threshold=0 1 0.071914560947979059 0.049830567629283493 4.5000000000000009 0.040121890449152799 0.0044559249814585646 74.500000000000014 5.5000000000000009 0.0077486170310923277 29.500000000000004 14.500000000000002 5.5000000000000009 0.027469474260839979 12.500000000000002 13.500000000000002 -0.002709607464393447 3.5000000000000004 99.500000000000014 0.0011710093050480981 21.500000000000004 4.5000000000000009 7.5000000000000009 2 0.22996500068205245 4.5000000000000009 0.0026833157714981253 0.0086043751850216326 135.50000000000003 1.5000000000000002
decision_type=9 9 2 2 2 2 2 2 2 2 2 2 2 2 2 2 2 2 2 2 2 2 2 9 2 2 2 2 2 2
left_child=1 4 3 5 -1 6 7 10 -9 -8 14 12 -12 -11 20 16 -6 -18 -17 -10 21 -3 -23 -2 25 29 -27 -28 -29 -25
right_child=23 2 -4 -5 15 -7 9 8 19 13 11 -13 -14 -15 -16 18 17 -19 -20 -21 -22 22 -24 24 -26 26 27 28 -30 -31
leaf_value=-0.054883871538764555 0.0035712673340459683 -0.059044709594257672 -0.10634323769846628 0.068497119878433779 0.0064825334917251931 -0.10708484191624801 0.11591453313169098 0.037345969964309562 -0.10982777847648384 -0.10429218094950841 0.08557802278220189 0.13952921198222379 -0.10513684969644191 0.08751515955848499 -0.10692305683144421 -0.10262998369800802 0.1607520020345734 0.058326228764231131 0.079445657718738266 -0.0011300839620133807 -0.10163938958363139 -0.0057620047396514289 0.19959818650052866 -0.047639775690843274 0.040476921305470183 -0.068464610403891221 0.075640896221623843 -0.025796532071913486 0.15451746731742522 0.061453415382175997
leaf_weight=1.4108181162737299 212.51507217413746 1.7414402428548941 2.6001449746545395 2.2573459935374549 3.1773843616247168 1.7382654130924482 1.7747560171410435 2.3337787687778455 6.7118209110340104 1.0689176444429902 0.9806401273235682 1.8831613832153378 1.2270330931060014 0.48071021866053332 1.4681303231045602 0.8456154109444467 2.0468601332977405 1.9865307067520914 0.44747301796451211 0.89861552440561343 0.8305630269460379 2.5178056950680916 0.84865691512823094 2.7404581799637509 6.8129658338148138 11.719532440882174 4.5497160824015728 33.29011998407077 0.90140725043602188 7.3040455493610352
leaf_count=37 3451 55 94 40 37 68 18 44 158 52 29 41 43 11 70 48 18 23 8 26 94 69 13 82 99 312 69 1127 7 202
internal_value=-0.000767754 -0.00892321 -0.0192058 -0.0180058 0.0169139 -0.0253732 -0.0196381 -0.0290401 -0.0654655 0.041003 0.00246454 0.0532094 -0.020422 -0.0447916 -0.025563 0.048715 0.0645563 0.110305 -0.0396227 -0.0969931 -0.00544888 0.010192 0.0460076 0.000728064 -0.00754859 -0.0142039 -0.0233392 -0.00968843 -0.0210428 0.0316893
internal_weight=321.11 41.2765 31.3618 28.7616 9.91468 26.5043 24.766 21.4416 9.94422 3.32438 11.4974 4.09083 2.20767 1.54963 7.4066 8.50386 7.21078 4.03339 1.29309 7.61044 5.93847 5.1079 3.36646 279.833 67.3182 60.5053 50.4608 38.7412 34.1915 10.0445
internal_count=6445 1096 925 831 171 791 723 642 228 81 414 113 72 63 301 134 78 41 56 184 231 137 82 5349 1898 1799 1515 1203 1134 284
cat_boundaries=0 1 2 3
cat_threshold=65668 1836100 1759656
is_linear=0
shrinkage=0.1


Tree=69
num_leaves=31
num_cat=1
split_feature=9 9 7 7 7 4 11 1 8 10 7 3 8 3 12 12 9 11 8 8 8 10 12 7 3 8 4 4 12 3
split_gain=0.385203 1.28169 1.06861 0.960997 0.957048 0.867715 0.816514 0.830257 2.43837 2.01717 2.20978 2.30436 1.61726 2.17367 1.23961 1.18889 1.76708 2.37659 1.14895 3.07258 2.74258 3.02618 2.22902 2.90241 1.88861 2.34491 1.86781 1.82673 2.02454 1.82433
threshold=-0.27620152152996064 -0.2956954137979515 14.500000000000002 4.5000000000000009 65.500000000000014 4.5000000000000009 0.3162486961760716 0 0.17976232513535359 -0.16414341867606327 7.5000000000000009 1.0000000180025095e-35 0.17206629158942524 1.5000000000000002 0.48452778313389405 -0.11027830303549406 -0.12709601946653301 -0.0008066153419671742 0.19036988841771263 0.14439395369783023 0.21305356901091319 -0.16414341867606327 0.069372370349033055 1.0000000180025095e-35 18.500000000000004 0.19418017880124397 5.5000000000000009 2.5000000000000004 0.14212593872767157 20.500000000000004
decision_type=2 2 2 2 2 2 2 9 2 2 2 2 2 2 2 2 2 2 2 2 2 2 2 2 2 2 2 2 2 2
left_child=1 3 -3 -1 -5 -6 7 8 9 -2 12 -12 13 -11 -13 -15 -17 -18 19 -9 21 -20 23 -21 25 -23 27 29 -29 -22
right_child=6 2 -4 4 5 -7 -8 18 -10 10 11 14 -14 15 -16 16 17 -19 20 22 26 24 -24 -25 -26 -27 -28 28 -30 -31
leaf_value=-0.062618604762437205 0.12772341432106879 -0.0046704788298195798 -0.096994158740177847 0.044194411680056847 -0.07325942506858045 0.046248701247237928 0.056920447196794469 0.0029687687339225561 -0.091160702618898137 -0.11456287948734623 0.07337799964619024 -0.048861099829509667 0.13257747134529285 0.1577529918181951 0.076064177798001398 -0.11246073253617578 0.12602642742981604 0.00026294798562364024 0.20098997533699847 0.10421391478145298 0.03065224534864219 0.059479745471558099 0.0046654335216241927 -0.067555173837079097 0.090628536518921637 -0.052035657142567707 0.062630619748076974 -0.048271343142318748 0.055058129010726681 -0.052891275622724922
leaf_weight=1.7280508358962814 1.0698146680369962 2.2108155332971355 2.8958717060741037 5.287726886337623 1.6665273618418726 0.95611129049211729 2.5019758790731421 190.15877336449921 3.8786759916692963 1.2424567248672236 1.8731420221738542 17.29931480623782 1.1926046274602402 0.63944658637046536 0.83252457901835342 0.94818325061350783 2.0085868895985151 5.9648660845123294 1.2718618791550387 1.0519970199093283 14.016612353967504 4.1265977327711862 9.4674042449332756 15.155496726743875 4.4376431901473552 3.472258270252496 4.3651970197679466 12.638140500406733 2.2308860730845472 3.2130059290211639
leaf_count=30 9 47 53 85 45 18 28 3076 320 24 35 518 10 4 19 51 28 148 10 28 381 37 158 375 83 101 132 418 53 121
internal_value=-0.000734679 -0.0165206 -0.0570249 0.0049396 0.019698 -0.0296914 2.83421e-05 -0.000442126 -0.0127097 -0.00735185 -0.0118675 -0.0322165 0.0220669 0.00986763 -0.0431251 0.0260373 0.0165967 0.0319439 0.00167975 -0.00141541 0.0154391 0.0542949 -0.0338864 -0.056406 0.0387941 0.00852335 0.0012578 -0.00708849 -0.0327682 0.0150729
internal_weight=319.803 14.7451 5.10669 9.63842 7.91037 2.62264 305.057 302.555 36.9496 33.0709 32.0011 20.005 11.9961 10.8035 18.1318 9.56108 8.92164 7.97345 265.606 215.834 49.7722 13.3084 25.6749 16.2075 12.0365 7.59886 36.4638 32.0986 14.869 17.2296
internal_count=6445 278 100 178 148 63 6167 6139 1166 846 837 572 265 255 537 231 227 176 4973 3637 1336 231 561 403 221 138 1105 973 471 502
cat_boundaries=0 1
cat_threshold=2351873
is_linear=0
shrinkage=0.1


Tree=70
num_leaves=31
num_cat=2
split_feature=7 9 4 9 12 12 9 11 12 7 9 3 8 9 7 4 12 9 3 8 1 4 12 9 2 12 12 10 12 4
split_gain=0.390599 1.89601 2.13726 2.77919 1.47319 1.4636 1.59428 2.02103 1.81854 1.48908 1.41155 1.40091 2.98328 2.38025 2.36074 1.27635 1.17319 1.09831 1.45767 0.963192 0.956508 2.411 2.55693 2.44985 2.19107 1.69196 2.55988 1.93768 2.28657 1.74183
threshold=94.500000000000014 -0.1897242449083692 3.5000000000000004 -0.13360324816790001 0.010031470938618383 -0.084339465489416496 -0.077760386306719609 -0.022580406270039838 0.00033620372787884967 118.50000000000001 -0.1519833171539777 10.500000000000002 0.013093316911069425 -0.037053510659476464 104.50000000000001 4.5000000000000009 -0.0085943490418845855 -0.004468157586979919 7.5000000000000009 0.14019120348918732 0 1.0000000180025095e-35 -0.13782807707581701 0.035680551489427913 1 0.014571851551599064 0.011547706232186634 -0.050259673624421193 0.18247480436877692 4.5000000000000009
decision_type=2 2 2 2 2 2 2 2 2 2 2 2 2 2 2 2 2 2 2 2 9 2 2 2 1 2 2 2 2 2
left_child=20 15 4 -4 5 -3 19 -8 9 16 -6 13 -13 -5 -14 -2 -9 -18 -19 -7 21 22 -1 24 -23 26 29 28 -27 -26
right_child=1 2 3 11 10 6 7 8 -10 -11 -12 12 14 -15 -16 -17 17 18 -20 -21 -22 23 -24 -25 25 27 -28 -29 -30 -31
leaf_value=0.17680912360969059 -0.068815112317059807 -0.059790662739452841 0.086907752122689169 0.018100820094970483 0.11089782918047575 0.060650902638815764 -0.0737778235359597 0.099371242823408062 0.11570193560240608 -0.015375357382630348 -0.1042649526663382 0.082763617651539681 0.04987181301727215 -0.091004175840824486 -0.13241315073224627 0.039767620379603602 -0.04219446883840558 0.078674292798020809 -0.027102226117033959 0.15140073851937069 -0.0053370926332286699 -0.022369321099745473 -0.063659821301993449 -0.10145110530570747 0.050714146688482759 0.1106652022429632 0.21370469294105435 -0.062674266037003962 -0.023389242464031585 -0.0032578782398536041
leaf_weight=0.47607057448476542 4.8585894962307057 1.5156642643269176 2.3484378218418014 2.9921660898253322 0.38926531525794406 3.6031932875048431 1.7565255130175597 3.129322187043738 2.6212967019528142 5.7051415503956369 1.4068881589919318 2.7833475079387417 1.1663466917816552 6.0275729078566638 1.8177282421384005 1.3929130538599563 1.7766692629084104 4.3472613906487574 1.8603184847161172 1.7316208425909279 208.18261427094694 5.569650164572522 6.2118270911741993 1.677412932855076 25.511650030151941 2.1781279559945688 0.85098407790064712 3.6345767821185273 3.0599002880044281 7.8101453450508407
leaf_count=4 116 26 39 30 9 43 36 31 20 57 58 32 22 91 35 34 23 35 35 20 3874 165 195 211 602 63 21 138 81 299
internal_value=-0.000702105 0.00711526 0.0139999 -0.0141483 0.0301623 0.0357849 0.0412448 0.028947 0.0382288 0.0261542 -0.0576345 -0.0301976 0.00829428 -0.0548102 -0.0611658 -0.0446215 0.0474733 0.0271326 0.0469747 0.0901073 -0.00227141 0.00839303 -0.0465423 0.0173672 0.0214669 0.0262397 0.0424378 -0.00657307 0.0323546 0.0380639
internal_weight=318.393 53.2303 46.9788 17.1356 29.8432 28.047 26.5313 21.1965 19.44 16.8187 1.79615 14.7872 5.76742 9.01974 2.98407 6.2515 11.1136 7.98425 6.20758 5.33481 265.163 56.9803 6.6879 50.2924 48.615 43.0454 34.1728 8.87261 5.23803 33.3218
internal_count=6445 792 642 249 393 326 300 237 201 181 67 210 89 121 57 150 124 93 70 63 5653 1779 199 1580 1369 1204 922 282 144 901
cat_boundaries=0 1 2
cat_threshold=2790308 532
is_linear=0
shrinkage=0.1


Tree=71
num_leaves=31
num_cat=1
split_feature=9 9 7 12 3 11 8 3 10 12 10 7 3 7 8 11 8 8 12 11 9 7 2 9 4 8 4 3 8 9
split_gain=0.396753 1.2086 1.11059 1.00326 1.12385 1.28236 0.943562 1.58957 1.57834 1.71833 1.41681 1.08193 2.75712 0.652431 0.526194 1.1214 0.548772 1.14191 1.15718 0.937617 0.932825 1.45127 0.964454 2.80631 3.35253 2.65333 2.45077 2.37539 2.78367 3.83959
threshold=0.13735741915826333 1.0000000180025095e-35 1.0000000180025095e-35 0.22936906889434808 21.500000000000004 -0.27103664929013244 0.32846023572365596 4.5000000000000009 0.0027530474460865204 0.0070863513362422409 0.0060144861214931978 64.500000000000014 7.5000000000000009 113.50000000000001 0.39411443074654007 -0.18273016740741846 0.25977452260912293 0.27056439585351849 0.030479383880829342 0.078673478767349411 -0.27620152152996064 39.500000000000007 0 -0.010002599856768405 1.0000000180025095e-35 0.015938534410875022 1.0000000180025095e-35 9.5000000000000018 0.087645792508921974 -0.13771935410294769
decision_type=2 2 2 2 2 2 2 2 2 2 2 2 2 2 2 2 2 2 2 2 2 2 1 2 2 2 2 2 2 2
left_child=1 14 -2 4 5 -3 8 -8 9 -4 -9 -12 -13 -7 16 -16 20 19 -19 -18 21 -1 23 24 -22 -26 -25 -27 -29 -30
right_child=2 3 6 -5 -6 13 7 10 -10 -11 11 12 -14 -15 15 -17 17 18 -20 -21 22 -23 -24 26 25 27 -28 28 29 -31
leaf_value=0.00067624097228876918 -0.10660994855932059 0.037736910725029368 -0.10435496779676585 0.063462736093158265 0.033653347560773261 -0.10453887833152034 -0.06171785807976235 -0.103178300860431 0.15808647676160159 0.087832388956338311 0.065326968306000627 0.14078038641742016 -0.10910961186208763 0.030212717214748636 0.073215896946872139 -0.10430004004655134 0.018212892059322881 0.015358509479875252 -0.073862410859235256 0.11659830144867325 -0.10889148922635261 -0.092169514722032997 0.0020119928128694768 0.048474182435475577 0.10410764457691842 -0.044164553952609265 -0.10609996820596977 -0.073262209825882552 -0.0013398185882705176 0.14329434647840777
leaf_weight=4.1090456121601155 0.70967440609820087 0.88830788107588876 0.75769718689843957 0.82250059768557537 1.215852780267596 4.3030786880990481 2.5375880452338597 0.73674935626331528 1.2309511266648767 1.205195802496746 5.395571852568537 0.67895919969305385 1.2625890200724823 0.39204339974094171 0.49322568415664125 1.2778258880134661 2.0350911235436793 10.11318592855241 1.69770881847944 1.8484529275447128 2.6485262922942701 2.8520836273673922 241.38692012149841 1.2654100167565037 2.6463568219915059 7.8528510911855873 5.4151542035397142 2.0575324008241278 4.4833775013685226 3.1077263290062547
leaf_count=61 35 23 32 14 41 254 93 65 15 23 102 15 57 13 23 70 47 268 80 19 67 54 4210 34 37 215 282 40 103 53
internal_value=-0.000760071 -0.00153398 0.0153905 -0.0408509 -0.0534696 -0.0724416 0.0216621 0.00731934 0.0693154 0.0136461 0.0290175 0.0422918 -0.0217231 -0.0932871 -0.000519162 -0.0548631 -0.000191259 0.0180012 0.00253381 0.0650415 -0.00121895 -0.0373641 -0.000290034 -0.0148023 -0.00312069 0.0107834 -0.0768211 -0.00332796 0.0299082 0.057872
internal_weight=317.427 302.912 14.515 7.62178 6.79928 5.58343 13.8053 10.6115 3.19384 1.96289 8.07387 7.33712 1.94155 4.69512 295.29 1.77105 293.519 15.6944 11.8109 3.88354 277.825 6.96113 270.864 29.4769 22.7964 20.1478 6.68056 17.5015 9.64864 7.5911
internal_count=6445 6008 437 345 331 290 402 332 70 55 239 174 72 267 5663 93 5570 414 348 66 5156 115 5041 831 515 448 316 411 196 156
cat_boundaries=0 1
cat_threshold=228
is_linear=0
shrinkage=0.1


Tree=72
num_leaves=31
num_cat=3
split_feature=8 11 10 9 9 11 9 1 11 12 12 9 8 7 12 10 12 7 8 7 3 8 9 9 12 7 2 4 11 1
split_gain=0.393717 3.06055 2.54608 1.57941 2.97036 2.05921 3.02725 2.06202 3.04812 2.8422 2.40245 1.9962 2.058 1.97175 3.30626 1.61963 1.47739 1.46812 1.59663 1.41657 1.38209 2.47134 1.81462 1.46908 1.36838 1.32166 1.29426 1.46419 2.28197 1.34108
threshold=0.0063472109604764846 -0.0025313830454667123 -0.0013970149606471001 -0.019880778273411722 -0.018506868928489757 0.044382183604894286 -0.013080456046260054 0 0.035200512805212504 0.0070863513362422409 -0.0040752038453450851 -0.025061923693453579 0.015938534410875022 39.500000000000007 -0.0005462282453714295 -0.056948424983961098 -0.002709607464393447 64.500000000000014 0.33349754716175145 26.500000000000004 7.5000000000000009 0.0064713331878659434 -0.013080456046260054 -0.016270385711167935 -0.026879961189244499 116.50000000000001 1 1.0000000180025095e-35 0.0048338856386612927 2
decision_type=2 2 2 2 2 2 2 9 2 2 2 2 2 2 2 2 2 2 2 2 2 2 2 2 2 2 1 2 2 9
left_child=1 -1 -3 11 -5 7 -7 8 9 -6 24 -2 13 14 -13 -8 -14 18 -17 -20 -12 -22 23 -23 -9 -19 27 -4 -29 -28
right_child=3 2 26 4 5 6 15 10 -10 -11 20 12 16 -15 -16 17 -18 25 19 -21 21 22 -24 -25 -26 -27 29 28 -30 -31
leaf_value=0.16674974956531996 -0.0019249626291817209 -0.11041712898853132 0.030451556080979932 -0.096008155045210306 -0.07086733362948637 0.19531752535536429 -0.10277400900925449 -0.10374287586361138 0.26513679832694631 0.13461692643259279 -0.091287563046229522 0.18150938810979764 0.18394120181153811 -0.014318520083077872 -0.0025847863600369607 0.15438015889701701 0.046136579354966921 -0.10838438429880526 -0.0053275127515326889 0.10561228124819518 0.14758048983918054 -0.083427825021620938 -0.10594695038765785 0.030459516098642982 0.021243719270275584 0.081587366509573142 0.016137501898538385 -0.10517698414742578 0.16248253744538149 -0.010112148662190163
leaf_weight=1.1523111797869194 166.20811733230948 1.9455648371949781 1.4130173856392501 4.5971581574995062 1.2265889968257404 0.96067498903721649 1.1390843683620904 1.0077452642144633 0.78920950833708037 1.4917973693227393 8.4177634860388988 1.6544577442109583 1.4204633748158815 7.231603130698204 2.3774543190374953 1.1157470045145563 1.7200272548943747 1.324866631766781 4.3578966149361804 1.5640492832753805 0.68553479574620624 1.7796679991297422 3.412070361198853 3.1154224206693497 6.6979763065464821 0.5061212102882563 60.684142353478819 4.3610871988348663 0.34362362232059229 21.516057042870671
leaf_count=10 3403 56 34 79 59 11 87 109 9 44 214 11 11 67 44 17 33 62 88 28 8 43 137 60 181 9 770 250 6 505
internal_value=-0.000725977 0.00480737 0.00274 -0.00297612 -0.0199219 -0.0110874 0.0257541 -0.0252048 0.0239232 0.0418984 -0.029747 0.00116992 0.0368819 0.0169227 0.0729566 0.00947716 0.108466 0.0238946 0.0446475 0.0239729 -0.0621663 -0.0349068 -0.0499663 -0.0109456 0.00489812 -0.0558724 0.00523275 -0.0223248 -0.0856276 0.00891506
internal_weight=316.217 91.4158 90.2635 224.801 44.1894 39.5922 10.9684 28.6238 3.5076 2.71839 25.1162 180.612 14.404 11.2635 4.03191 10.0078 3.14049 8.86868 7.03769 5.92195 17.4105 8.9927 8.30716 4.89509 7.70572 1.83099 88.3179 6.11773 4.70471 82.2002
internal_count=6445 1631 1621 4814 1245 1166 302 864 112 103 752 3569 166 122 55 291 44 204 133 116 462 248 240 103 290 71 1565 290 256 1275
cat_boundaries=0 1 2 3
cat_threshold=65860 228 809120
is_linear=0
shrinkage=0.1


Tree=73
num_leaves=31
num_cat=1
split_feature=0 10 7 12 4 11 3 4 11 11 3 11 11 3 3 3 12 8 4 7 3 7 7 7 3 8 10 4 11 7
split_gain=0.390304 0.984119 1.84447 1.14393 1.00178 2.29645 1.15426 1.69143 1.37791 2.29045 2.59788 1.83921 1.52115 1.49394 2.68273 1.49477 1.38651 2.95065 1.09182 0.999168 1.60503 1.08014 1.14846 0.692322 2.78795 2.7673 1.99713 0.987649 1.76352 0.852454
threshold=0 0.10004674926903408 79.500000000000014 -0.018432359557660493 1.0000000180025095e-35 0.010980346401370989 21.500000000000004 3.5000000000000004 0.017166157469861734 0.014609988291765992 20.500000000000004 -0.010656554871265198 0.19444424987219186 18.500000000000004 9.5000000000000018 19.500000000000004 -0.091115852747560441 0.063329325073691684 3.5000000000000004 5.5000000000000009 4.5000000000000009 82.500000000000014 102.50000000000001 117.50000000000001 19.500000000000004 0.013478166205983322 0.034564032802233552 4.5000000000000009 0.0056400418314291609 116.50000000000001
decision_type=9 2 2 2 2 2 2 2 2 2 2 2 2 2 2 2 2 2 2 2 2 2 2 2 2 2 2 2 2 2
left_child=1 4 3 -3 5 -1 8 -8 9 10 13 -12 16 14 19 -15 -10 18 -18 -6 -21 -22 -23 29 26 -26 27 -25 -29 -2
right_child=23 2 -4 -5 6 -7 7 -9 12 -11 11 -13 -14 15 -16 -17 17 -19 -20 20 21 22 -24 24 25 -27 -28 28 -30 -31
leaf_value=0.11015016775901335 -0.0023431137643508031 -0.011477715161961201 0.032004094992695013 -0.097153607782735393 0.042048088128541231 -0.015474016494074195 -0.073071300486759014 0.011326616088750331 0.077885991834846596 -0.087245376129117494 0.015926564789638078 0.15065798440675546 -0.034780668913449747 0.009464195763117321 0.072212718924619973 -0.11007694525719412 0.072639076857771087 -0.049725531986175409 0.0054635620007377692 -0.079854357387412242 -0.040070341716700569 0.056748813822757552 -0.015623610667148947 -0.10988570748960705 0.20491726744008984 -0.0073398766188801402 0.025761313340878861 -0.10433951329127888 0.10351909668542381 0.058695004822382268
leaf_weight=2.9873231356032184 214.62936926295515 2.9120390703901649 3.6625627614557743 3.3526122048497182 3.0664050402119853 2.8371953405439854 4.2957245763391239 5.3097087424248457 6.3931807130575224 2.8635325245559207 2.0987383571919054 1.9588770940899838 3.2234560027718535 1.8256843220442522 4.8022670000791541 2.4493784750811756 7.1009990684688074 4.1233169212937364 3.670007286593318 3.556380481459203 5.390525033697485 3.9608742296695691 4.9115967419929802 4.4962787447730062 0.8843186385929579 2.0111008532112464 2.1891169003210962 1.0096564051927996 0.68516390025615681 2.312721117399632
leaf_count=29 5509 34 27 33 24 22 33 35 37 16 39 9 19 19 28 41 40 23 25 30 31 22 27 119 19 42 31 40 9 33
internal_value=-0.000687493 0.00471582 -0.0243699 -0.0573283 0.00908806 0.0489571 0.00581742 -0.0264177 0.0108607 -0.00135176 0.00587793 0.0809703 0.029238 -0.00429111 0.00481806 -0.0590264 0.0389321 0.0222116 0.0497503 -0.010678 -0.0197512 -0.00476493 0.0166851 -0.00282434 -0.0271072 0.0574877 -0.0563353 -0.0853639 -0.0203086 -0.00169241
internal_weight=314.97 86.7524 9.92721 6.26465 76.8252 5.82452 71.0007 9.60543 61.3952 36.8843 34.0207 4.05762 24.511 29.9631 25.688 4.27506 21.2875 14.8943 10.771 20.8858 17.8194 14.263 8.87247 228.218 11.2756 2.89542 8.38022 6.1911 1.69482 216.942
internal_count=6445 643 94 67 549 51 498 68 430 286 270 48 144 222 162 60 125 88 65 134 110 80 49 5802 260 61 199 168 49 5542
cat_boundaries=0 1
cat_threshold=9745
is_linear=0
shrinkage=0.1


Tree=74
num_leaves=31
num_cat=4
split_feature=7 7 7 9 9 4 12 12 4 7 3 10 4 1 3 9 9 7 7 7 1 7 10 6 0 3 8 9 4 9
split_gain=0.358809 0.615073 0.392958 1.77812 1.84015 2.53058 1.4243 2.65555 1.53044 2.1028 1.83657 1.46334 1.28276 1.1916 1.50132 1.37121 2.83153 1.06455 1.09981 0.942223 2.06036 2.33271 1.7474 1.72598 2.01735 1.94843 1.6578 2.11672 2.48878 2.6236
threshold=138.50000000000003 133.50000000000003 94.500000000000014 -0.1897242449083692 -0.17527472855426077 4.5000000000000009 0.010031470938618383 7.1476644827677939e-05 3.5000000000000004 97.500000000000014 7.5000000000000009 -0.10927222785849101 4.5000000000000009 0 19.500000000000004 -0.023026827746221574 -1.0000000180025095e-35 118.50000000000001 102.50000000000001 64.500000000000014 1 67.500000000000014 -0.083249726648611022 2 3 3.5000000000000004 0.21994617893126298 -0.24293219984451539 5.5000000000000009 -0.013216736707570216
decision_type=2 2 2 2 2 2 2 2 2 2 2 2 2 9 2 2 2 2 2 2 9 2 2 1 9 2 2 2 2 2
left_child=1 2 19 12 -5 6 7 8 13 -10 -11 -8 -4 17 15 -15 -17 18 -6 -1 -21 22 -22 -23 -25 -26 27 -27 29 -29
right_child=-2 -3 3 4 5 -7 11 -9 9 10 -12 -13 -14 14 -16 16 -18 -19 -20 20 21 23 -24 24 25 26 -28 28 -30 -31
leaf_value=0.0020130030811002452 0.043433346394266548 -0.047965931829804083 -0.072344318001612798 0.099245203438594817 0.027025485407253608 -0.049153279523110598 0.11756745931818585 0.10167391472108517 0.056641600875516285 -0.13072507509015727 0.0052694077129638124 -0.10437637246387743 0.039417083457528986 -0.067954196066189493 -0.11967509234788572 0.14435598410927497 -0.022451584890496326 0.01500227689980026 0.10163635301011811 0.014644204980259427 -0.00086154288543984533 -0.10412753344067499 -0.10053005948982661 -0.035213436359836973 -0.055763126025543036 0.12899266004181306 -0.048957573400234475 -0.0050140954991058804 -0.092050274016586733 0.055672804197299079
leaf_weight=180.53275089792442 1.8360242694616307 2.7525235135108224 4.2224818653194225 2.4378434154205015 2.894787189550696 6.1620398177765301 0.36610179301351298 4.0159632964059702 1.8902064869180311 2.2677733148448169 1.7666268803877754 1.5754790414357547 1.3570363919716326 2.2889617721084541 1.3254790396895257 1.4295115666464004 3.5318804527632892 3.8096000924706468 6.2224417235702276 19.155118122929707 2.5193297127261758 2.0265168752521276 5.8288497687317413 9.9037243425846082 4.7545466820010907 1.6796431066468276 3.9464092339621848 16.423502492718399 2.0753269814886144 12.580622777575639
leaf_count=3985 12 36 108 32 28 110 7 38 21 29 27 72 34 47 37 12 58 33 51 514 48 90 200 151 123 14 111 246 33 138
internal_value=-0.000644168 -0.000903765 -0.000484529 0.00787602 0.0149245 0.00972655 0.0205944 0.025727 0.0146067 -0.0303955 -0.0711743 -0.062527 -0.045162 0.0270061 -0.0100727 -0.0039284 0.0256102 0.0334897 0.0779469 -0.00200566 -0.0109742 -0.0183263 -0.0704519 -0.0136083 -0.010037 0.00360166 0.0122725 0.0196488 0.0137395 0.021309
internal_weight=313.579 311.743 308.991 47.5642 41.9847 39.5469 33.3848 31.4432 27.4273 5.92461 4.0344 1.94158 5.57952 21.5027 8.57583 7.25035 4.96139 12.9268 9.11723 261.426 80.8936 61.7385 8.34818 53.3903 51.3638 41.4601 36.7055 32.7591 31.0795 29.0041
internal_count=6445 6433 6397 744 602 570 460 381 343 77 56 79 142 266 154 117 70 112 79 5653 1668 1154 248 906 816 665 542 431 417 384
cat_boundaries=0 1 2 3 4
cat_threshold=2048 2851844 2 65552
is_linear=0
shrinkage=0.1


Tree=75
num_leaves=31
num_cat=3
split_feature=3 9 4 8 6 8 9 7 8 8 8 3 10 7 10 7 10 7 6 10 4 7 7 7 10 1 8 4 11 3
split_gain=0.355333 1.33565 1.2975 0.989725 2.07159 1.66676 1.51155 2.50909 1.19812 1.49689 0.989523 0.900276 2.32814 1.273 1.48178 1.60916 1.28557 1.75167 1.63484 1.04602 0.86614 0.777655 1.4174 0.761628 0.726096 2.34544 3.67711 1.87523 1.91198 1.82553
threshold=22.500000000000004 -0.20793238258139868 2.5000000000000004 0.10121648133570108 0 0.10534033973435554 -0.080516077502315944 8.5000000000000018 0.35444043473811127 0.1972255393842807 0.13563015599932987 21.500000000000004 0.22996500068205245 84.500000000000014 -0.0021271774870235817 6.5000000000000009 -0.00053711450308688302 75.500000000000014 1 0.05402071478661457 3.5000000000000004 8.5000000000000018 6.5000000000000009 96.500000000000014 0.014973464725279042 2 0.0040037820714198527 1.5000000000000002 -0.12797189212675494 19.500000000000004
decision_type=2 2 2 2 1 2 2 2 2 2 2 2 2 2 2 2 2 2 1 2 2 2 2 2 2 9 2 2 2 2
left_child=11 2 -2 4 6 -5 -3 -8 9 10 -7 24 13 14 21 19 -17 18 -18 -16 -9 22 -13 -15 -1 26 -26 -28 -29 -27
right_child=1 3 -4 5 -6 8 7 20 -10 -11 -12 12 -14 23 15 16 17 -19 -20 -21 -22 -23 -24 -25 25 29 27 28 -30 -31
leaf_value=0.0026260258157034771 0.023097432912446404 -0.072091185793411339 -0.11672729706689407 0.19438767125598377 -0.070180929091569075 0.069054792566367915 -0.076289883901534059 0.057299364718544465 -0.049381205585190727 0.15412536753749639 -0.032173175339404822 -0.070254475544631212 0.07563216506555083 -0.13528964271838426 -0.11583316870354386 0.18696683892725155 0.052597583954270125 0.18162494545686034 -0.10309815368570158 0.052960236612135052 0.15460621187565393 -0.095674844677105575 0.092127407670042127 -0.045533073403768727 0.21986980350661989 -0.014472410755336302 -0.043995287678065882 0.13311210939814797 0.019027871050473044 -0.066086035661669359
leaf_weight=213.30041136511136 1.2232653181999951 1.0955595122650299 1.4506825255230067 0.72841026727110048 2.7899639653041977 2.3280397681519394 1.0861814958043359 2.3027507755905394 1.3402915854239834 1.2089876395184544 1.6501272849272934 1.6857294759247454 2.0610654703341416 1.7851421453524374 1.2348834301810727 0.57851302623748768 1.7736371592618525 0.59764963015913952 1.0881722013000403 0.52247492503374804 1.5176010532304642 2.7597382578533143 0.78921167063526798 2.0097016140352935 0.92248111404478805 36.137154800700955 4.1280910724308368 1.6707337689586026 12.168482263805338 8.4562197001650912
leaf_count=4384 21 9 37 6 84 30 63 27 46 16 45 48 21 45 57 6 44 11 59 10 25 82 20 40 8 659 93 31 213 205
internal_value=-0.000684209 0.0126732 -0.0527609 0.0235761 0.00101564 0.0509129 0.0341101 0.0578233 0.0349023 0.05668 0.0270658 -0.00153577 -0.0239522 -0.0377972 -0.0206091 0.0142255 0.0489878 0.025914 -0.00660404 -0.0656497 0.0959537 -0.0591745 -0.018474 -0.0877557 -0.000168193 -0.00955663 0.0164468 0.0151563 0.0328006 -0.0198161
internal_weight=312.391 18.7219 2.67395 16.0479 8.79206 7.25586 6.00209 4.90653 6.52745 5.18715 3.97817 293.669 16.8859 14.8249 11.03 5.79533 4.03797 3.45946 2.86181 1.75736 3.82035 5.23468 2.47494 3.79484 276.784 63.4832 18.8898 17.9673 13.8392 44.5934
internal_count=6445 409 58 351 208 143 124 115 137 91 75 6036 443 422 337 187 120 114 103 67 52 150 68 85 5593 1209 345 337 244 864
cat_boundaries=0 1 2 3
cat_threshold=4 4 3294884
is_linear=0
shrinkage=0.1


Tree=76
num_leaves=31
num_cat=2
split_feature=0 1 10 7 7 3 11 11 3 11 12 10 11 8 8 11 3 7 9 7 11 10 7 7 7 12 10 10 3 7
split_gain=0.391996 1.67323 2.65032 1.66813 1.82173 1.80561 2.45031 2.44797 2.56011 1.89096 1.54741 2.68726 1.93568 2.35012 3.59224 2.4346 1.50888 2.71605 1.66246 1.82569 1.44631 1.502 1.34085 1.48909 2.87879 1.29931 1.28632 1.79944 2.29858 1.30927
threshold=0 1 -0.0095252542847014034 120.50000000000001 109.50000000000001 4.5000000000000009 0.12817875666462 0.038066457668076821 6.5000000000000009 0.09100886596633799 0.0010477557230651683 0.12467378626038468 0.060097822148779553 0.0098768462979362485 0.0055348812656132859 0.039650264339399645 5.5000000000000009 73.500000000000014 -0.0067173834340413475 88.500000000000014 0.025751088164120906 0.048226487694258267 85.500000000000014 64.500000000000014 62.500000000000007 0.0009657802618960867 0.0079867503519243169 0.0044559249814585646 7.5000000000000009 6.5000000000000009
decision_type=9 9 2 2 2 2 2 2 2 2 2 2 2 2 2 2 2 2 2 2 2 2 2 2 2 2 2 2 2 2
left_child=1 3 -3 4 5 6 -1 8 -7 -9 11 12 13 14 16 26 17 -4 -18 22 21 25 23 24 -20 -10 27 28 -15 -28
right_child=-2 2 10 -5 -6 7 -8 9 20 -11 -12 -13 -14 15 -16 -17 18 -19 19 -21 -22 -23 -24 -25 -26 -27 29 -29 -30 -31
leaf_value=-0.088244079029277764 0.0015562746592237076 -0.055750216144014902 -0.012196222773073046 0.11608921386009713 -0.1143559541815391 0.10655916674292468 0.075697867724391937 -0.10813709401260772 -0.011275825230504799 0.016898136499445084 -0.05236956913925616 0.10392256710151149 -0.11523153305148366 -0.065138772187412305 -0.11375835913791449 0.11442308366927999 0.088549838792461408 0.12785899213061533 -0.02769391328995853 -0.10977620405406741 -0.11552795065599092 0.14727964525023887 0.10950296619489774 -0.10950510671407482 0.20110909439883323 0.094547312861533755 0.041735640709545774 0.09788876344345504 0.065170542572450585 -0.10953049795407797
leaf_weight=3.1503393510356643 227.33491763623897 13.793184564798137 3.860118607291958 1.5979522585403163 1.1130792093463231 5.3385513073299107 1.2829464203678069 1.8785491297021497 4.9591839159838838 3.3962876056320965 6.0937918128911397 2.4179681399837127 1.525125179439782 2.8440660855267179 3.4798201532103112 2.8637694772332898 1.1825764626264543 2.1591444909572601 4.6698554730974138 2.5640440564602613 0.74268605699762691 0.96396238519810129 0.80781053379178036 1.6519367741420863 0.6233018860220908 1.5146079058758912 0.9126579849980766 2.6129820237401873 2.5831072744913399 1.5338641600683329
leaf_count=91 4679 352 84 26 23 66 14 43 141 57 156 30 23 61 80 31 12 20 169 48 18 15 6 34 5 37 16 24 36 48
internal_value=-0.000650823 -0.00607815 -0.0149015 0.0123521 0.0106164 0.0166053 -0.040801 0.0301469 0.0526908 -0.0276312 -0.00556475 0.00188374 -0.00499381 -9.91696e-05 -0.0209556 0.0327054 -0.00252184 0.0380424 -0.0237546 -0.0366275 0.0175363 0.0308232 -0.0124357 -0.0266188 -0.00075095 0.0134825 0.0103894 0.029709 -0.00311699 -0.0531017
internal_weight=311.452 84.1173 58.1791 25.9381 24.3402 23.2271 4.43329 18.7938 13.519 5.27484 44.3859 38.2921 35.8742 34.3491 20.9986 13.3504 17.5188 6.01926 11.4995 10.3169 8.18044 7.43775 7.7529 6.94509 5.29316 6.47379 10.4867 8.04016 5.42717 2.44652
internal_count=6445 1766 1235 531 505 482 105 377 277 100 883 727 697 674 458 216 378 104 274 262 211 193 214 208 174 178 185 121 97 64
cat_boundaries=0 1 2
cat_threshold=67780 2500068
is_linear=0
shrinkage=0.1


Tree=77
num_leaves=31
num_cat=3
split_feature=0 10 10 11 7 8 10 3 12 11 7 12 12 7 10 1 9 4 9 12 12 10 11 12 7 7 7 10 6 7
split_gain=0.353791 1.96552 1.52394 1.31885 2.00613 1.31754 1.44598 1.16961 0.952371 2.4259 1.94689 1.94229 1.49489 0.985037 1.7831 0.891054 1.62948 1.36725 2.37982 1.42589 1.31349 1.76016 1.28969 2.39052 1.83972 2.54394 1.74452 1.97868 1.75369 5.83389
threshold=0 -0.087773263138061483 -0.079947961530429379 -0.24996607490988612 4.5000000000000009 0.25977452260912293 -0.034464248513479005 1.0000000180025095e-35 -0.0002415632351161349 -0.016710637455943506 101.50000000000001 -0.010262961935261697 -0.016172431816761361 18.500000000000004 0.0044559249814585646 1 0.17874969990092107 1.0000000180025095e-35 -0.17372033719646515 -0.11256179107293467 -0.15153248282573864 -0.20459515077247328 0.063619999544440115 -0.044128459988378978 74.500000000000014 68.500000000000014 6.5000000000000009 -0.012632917225848026 2 63.500000000000007
decision_type=9 2 2 2 2 2 2 2 2 2 2 2 2 2 2 9 2 2 2 2 2 2 2 2 2 2 2 2 1 2
left_child=1 -1 -3 4 -2 6 -4 -8 9 11 -11 12 13 -9 -15 -5 17 18 -17 20 21 -19 23 -21 25 26 27 -25 29 -28
right_child=3 2 5 15 -6 -7 7 8 -10 10 -12 -13 -14 14 -16 16 -18 19 -20 22 -22 -23 -24 24 -26 -27 28 -29 -30 -31
leaf_value=-0.07586132617451237 0.055583836651957708 0.073947865860313697 -0.10350609171477271 0.0055277599076133978 -0.080499969939762231 0.060758841185553573 -0.10582507237924943 0.081135678578477505 0.0072384606629643956 -0.097852315980163668 0.03524924078614363 0.10895209655841996 -0.11195660545769548 -0.07548736660759707 0.077249283339998726 0.042572281901273691 -0.10341031642628007 -0.081972407612636036 -0.087849529034094875 -0.10629413262545975 -0.11709034762205235 0.081101796265266812 0.027613384294053741 -0.10436148477350515 -0.034094560559581398 0.10324265851227517 -0.05352132749025354 0.055353106760192054 -0.031896539053009196 0.29674104252009087
leaf_weight=4.0480522846337399 1.4465272394008923 2.4268524553626767 1.654034042963757 185.94084905402269 4.3140249252319336 2.6566028210800132 1.1863987888209511 1.4333531842567016 23.774992221035067 5.2135345716960675 1.3924521077424286 1.6532302922569213 1.2262282259762294 2.0419672278221701 1.2216130776796488 1.9996597610879687 1.7513277140678827 1.4781333813443782 4.6583544943714505 2.2476024271454582 1.935257905977777 1.1985941631719468 15.873461530194616 0.86255706544034172 11.137354102334937 2.8721382829826316 1.3853716115700083 7.70190637232737 12.44986962515395 0.72404923615977157
leaf_count=116 35 20 88 2904 207 54 38 22 587 153 21 23 28 72 21 45 174 27 188 165 60 19 302 50 279 47 69 213 395 23
internal_value=-0.000632432 -0.00755206 -0.00317121 0.000950434 -0.0463281 -0.00747818 -0.0119215 -0.00805158 -0.00499557 -0.0255044 -0.0697963 0.0131145 -0.013635 0.0120338 -0.0183155 0.00205915 -0.00714965 -0.00569022 -0.0486788 -0.000909257 -0.0543276 -0.00895049 0.00354948 -0.00615009 -8.85688e-05 0.0144805 0.00345563 0.0392677 -0.0176107 0.0667047
internal_weight=309.906 49.9293 45.8813 259.977 5.76055 43.4544 40.7978 39.1438 37.9574 14.1824 6.60599 7.57639 5.92316 4.69693 3.26358 254.216 68.2756 66.5243 6.65801 59.8663 4.61199 2.67673 55.2543 39.3808 37.1332 25.9959 23.1238 8.56446 14.5593 2.10942
internal_count=6445 1243 1127 5202 242 1107 1053 965 927 340 174 166 143 115 93 4960 2056 1882 233 1649 106 46 1543 1241 1076 797 750 263 487 92
cat_boundaries=0 1 2 3
cat_threshold=67716 1104298 2
is_linear=0
shrinkage=0.1


Tree=78
num_leaves=31
num_cat=3
split_feature=9 8 4 4 3 3 0 7 7 6 10 12 8 1 7 7 3 4 3 10 7 7 11 9 10 11 10 7 4 9
split_gain=0.344768 1.27531 1.15327 2.15025 1.7323 2.086 0.347809 0.993617 2.2028 1.85058 1.61503 1.93072 1.56309 1.13205 1.91298 1.68443 2.05304 3.32153 2.7756 0.966424 1.78474 1.06118 1.01076 1.59759 2.59172 1.18963 2.09358 1.58291 1.08941 0.992808
threshold=0.61964722907120651 0.55002479443965824 5.5000000000000009 4.5000000000000009 4.5000000000000009 20.500000000000004 0 111.50000000000001 104.50000000000001 1 0.023118273968598942 0.00043472323836353077 0.065319824953672168 2 61.500000000000007 36.500000000000007 21.500000000000004 2.5000000000000004 1.0000000180025095e-35 0.13038214617237895 79.500000000000014 5.5000000000000009 -0.19570717842636684 -0.2291956316687867 -0.13301203404873482 0.071914560947979059 -0.037740233633683347 13.500000000000002 5.5000000000000009 -0.075045124656711912
decision_type=2 2 2 2 2 2 9 2 2 1 2 2 2 9 2 2 2 2 2 2 2 2 2 2 2 2 2 2 2 2
left_child=1 6 3 4 -2 -6 19 8 13 -9 -11 -12 -10 14 15 16 18 -18 -8 22 21 -21 28 -24 -25 26 -26 -27 -1 -28
right_child=2 -3 -4 -5 5 -7 7 9 12 10 11 -13 -14 -15 -16 -17 17 -19 -20 20 -22 -23 23 24 25 27 29 -29 -30 -31
leaf_value=-0.087423797467678199 -0.078340665555692857 -0.10321648228203402 0.11751732191035723 -0.11379028463113271 0.13786120642453523 -0.02158568935082884 0.10400899107773531 0.10857185778621224 0.10702214447923164 -0.058830897969136375 0.068865168482533295 -0.074135761909733588 -0.020520428783717428 0.00011444674056441327 -0.10370740800190206 0.069340691486850362 0.20101060235623502 -0.10284869177831449 -0.087103660060079524 0.012090167594472324 0.031235441416554051 -0.091385605480734322 0.054459831901093617 -0.090206110597614741 -0.072222205437994236 -0.0097104402208079352 0.037168055791277611 0.074797804054388697 0.061737842750419047 0.0023673088127083982
leaf_weight=2.0568419606424864 1.0110043890308578 1.2182275112718333 1.0604645574931053 1.2172269138973204 1.9541951252613219 1.4143467111280186 0.87717667385004272 0.93138968851417303 3.133982364088296 9.8799041586462355 2.5595314300153413 1.495981046464294 1.3857732246397061 180.31085562775843 3.5496609895490101 1.8010213044472028 0.83034054166637339 0.63474810495972633 5.685858171666041 1.3442395441234092 3.1756100198253989 3.7725332048721611 7.4144536275416604 2.7119402140378943 3.3810663744807234 3.5866076648235303 10.09418008266948 5.8019070755690336 0.64261821005493391 43.631007958203554
leaf_count=105 34 97 21 16 38 24 18 40 36 242 30 24 42 4424 226 51 17 54 262 11 28 55 49 17 27 22 113 36 11 275
internal_value=-0.00061084 -0.0011072 0.0218994 0.00378195 0.0364593 0.0709144 -0.000693514 -0.00283158 -0.00109426 -0.0278987 -0.0370198 0.0161156 0.0679171 -0.00270465 -0.0233392 -0.0180602 -0.0376677 0.0693639 -0.0615607 0.00433472 -0.0276533 -0.0642012 0.00822531 0.0103441 0.00561781 0.00952591 0.00410255 0.0425139 -0.0519152 0.00890586
internal_weight=308.565 301.907 6.65724 5.59677 4.37955 3.36854 300.689 213.076 198.209 14.8668 13.9354 4.05551 4.51976 193.69 13.3788 9.82914 8.02812 1.46509 6.56303 87.613 8.29238 5.11677 79.3206 76.6212 69.2067 66.4948 57.1063 9.38851 2.69946 53.7252
internal_count=6445 6312 133 112 96 62 6215 5466 5130 336 296 54 78 5052 628 402 351 71 280 749 94 66 655 539 490 473 415 58 116 388
cat_boundaries=0 1 2 3
cat_threshold=9753 2 1335554
is_linear=0
shrinkage=0.1


Tree=79
num_leaves=31
num_cat=0
split_feature=11 11 7 7 7 3 3 7 7 12 8 7 4 11 9 12 9 7 8 11 4 4 8 9 8 9 8 9 11 12
split_gain=0.312023 1.13154 1.6378 1.36948 1.35283 1.05224 1.47439 2.17881 1.44939 2.62886 2.30208 1.15714 1.15348 1.02097 1.01501 0.987244 1.43073 0.916998 1.12934 0.866803 2.23888 0.846912 1.5071 1.08095 0.933537 1.49915 1.34135 1.0622 0.787582 1.6141
threshold=-0.043313160643240013 -0.061674976727964292 132.50000000000003 5.5000000000000009 123.50000000000001 5.5000000000000009 18.500000000000004 7.5000000000000009 7.5000000000000009 -0.018432359557660493 0.44384540393082994 70.500000000000014 4.5000000000000009 -0.034517921980542342 -0.29098224601909894 -9.0504352433345839e-05 -0.20383860852031746 61.500000000000007 0.035687100487377207 -0.026843141853895594 1.5000000000000002 3.5000000000000004 0.14287441022659006 -0.13771935410294769 0.2096754852379257 0.098849189482427921 0.18744430795739159 -0.34424171718601992 -0.17932625146811329 -0.0210885290280695
decision_type=2 2 2 2 2 2 2 2 2 2 2 2 2 2 2 2 2 2 2 2 2 2 2 2 2 2 2 2 2 2
left_child=1 4 3 -3 5 8 7 -7 9 -1 14 12 21 17 -10 28 -17 18 -2 20 -15 22 -8 -23 26 27 -24 -26 29 -9
right_child=13 2 -4 -5 -6 6 11 15 10 -11 -12 -13 -14 19 -16 16 -18 -19 -20 -21 -22 23 24 -25 25 -27 -28 -29 -30 -31
leaf_value=0.090906992341565462 0.075563773049914074 0.0068028847284204667 0.085325532316431335 -0.1228910919187905 -0.10946109197054024 -0.053817496757030507 -0.10698028960702442 -0.103115348705013 -0.00226745675481062 -0.1048884850062537 0.11588236233401134 -0.10266234901053013 -0.077374060515105078 0.06152718929489686 -0.10726358695385169 0.079752112086211552 -0.10249324852604431 0.085965067206833737 -0.045264983899415571 0.00034561849309602881 -0.10322960861712126 -0.0092101179280576814 -0.029283284664209097 0.14481256330447148 0.09063517103175267 0.10290022722743522 0.11889462646956378 -0.10329361375935482 0.10739673961882662 0.079446479460357655
leaf_weight=2.097040806896985 1.3427495285868638 1.1858673370443278 0.68961861729621876 2.5975729166530073 1.142934560892171 2.0043536745943156 1.1370198593940566 0.62607418932020564 1.219754855148494 1.0189431407488934 0.67035073752049346 1.2555742586846452 1.634997917106374 1.2370848346035921 3.7554629483493045 0.92212532972916961 0.8084234264679242 2.6151425065472722 1.8247727109119294 261.65513009193819 2.4747973415069282 0.83901486732065678 0.9852514972444627 0.99724104069173314 0.34489633981138546 0.70071020908653725 1.6078555197454987 1.5595942039508366 4.0332477246411154 2.1385670627932991
leaf_count=39 9 38 4 115 47 64 56 55 22 52 28 111 85 32 248 16 63 37 33 4894 59 29 46 13 6 13 22 106 59 44
internal_value=-0.000590243 -0.00934123 -0.0564064 -0.0822403 -0.00265777 0.00136342 0.0132224 0.0400004 -0.0278658 0.0268808 -0.0580824 -0.0122742 -0.000701437 0.00057072 -0.0815221 0.0620495 -0.00538355 0.042139 0.00595573 -0.000335103 -0.04832 0.0146395 -0.0026925 0.0744371 0.0201182 -0.0221607 0.0625944 -0.0681738 0.079216 0.038104
internal_weight=307.122 35.9725 4.47306 3.78344 31.4994 30.3565 21.5949 10.5328 8.76155 3.11598 5.64557 11.0622 9.80658 271.15 4.97522 8.52844 1.73055 5.78266 3.16752 265.367 3.71188 8.17158 6.33533 1.83626 5.19831 2.6052 2.59311 1.90449 6.79789 2.76464
internal_count=6445 1381 157 153 1224 1177 788 301 389 91 298 487 376 5064 270 237 79 79 42 4985 91 291 249 42 193 125 68 112 158 99
is_linear=0
shrinkage=0.1


Tree=80
num_leaves=31
num_cat=1
split_feature=3 9 4 10 7 12 9 11 11 4 3 7 10 7 9 7 7 8 7 7 4 10 7 10 0 7 8 9 8 8
split_gain=0.320834 1.07119 1.15968 0.969282 2.67943 1.46663 2.23298 1.27014 1.2578 0.788782 0.698169 1.98316 2.22613 1.6027 1.36177 2.2619 1.15639 0.839333 0.692329 1.04059 0.662862 0.626144 1.84127 1.87479 1.75239 2.2132 3.0674 4.48797 1.6369 1.95593
threshold=22.500000000000004 -0.20793238258139868 2.5000000000000004 -0.015928441718641519 34.500000000000007 -0.044128459988378978 -0.08726009596678351 -0.059538968094544738 -0.0033044686584940935 3.5000000000000004 21.500000000000004 85.500000000000014 -0.0021271774870235817 81.500000000000014 -0.19606702761693942 6.5000000000000009 40.500000000000007 0.0036451309180229874 8.5000000000000018 6.5000000000000009 3.5000000000000004 0.014973464725279042 1.0000000180025095e-35 0.020185907330595877 0 77.500000000000014 0.0098768462979362485 -0.060781723664661662 0.0055348812656132859 0.25267396432311784
decision_type=2 2 2 2 2 2 2 2 2 2 2 2 2 2 2 2 2 2 2 2 2 2 2 2 9 2 2 2 2 2
left_child=10 2 -2 5 7 -3 -7 -5 -6 -10 21 12 18 14 -14 -16 17 -17 19 -12 -13 -1 -23 -24 28 26 -26 -28 -25 -30
right_child=1 3 -4 4 8 6 -8 -9 9 -11 11 20 13 -15 15 16 -18 -19 -20 -21 -22 22 23 24 25 -27 27 -29 29 -31
leaf_value=0.0024325016816010661 0.021679371873352046 -0.0011864382778373802 -0.11549437138413002 0.074902647166286113 -0.04540563291228869 0.19777923313976603 0.023939050982112658 -0.072596612632131269 0.041687188452974477 0.12860385578224856 -0.065317673710227717 -0.12447692457053955 0.10223351763473659 0.16517148329932027 -0.11300649185207619 -0.013636085693394466 -0.046887785128617757 0.10975157514135365 -0.09090051273541995 0.07405014987891527 -0.040182498010157448 -0.10676154041130224 -0.11468956892763216 0.056553786341749526 -0.083329216373567327 0.062043958161721424 -0.021612571391102828 0.11643498769187824 -0.037281089306985551 0.023997673399903621
leaf_weight=209.6789171579876 1.1978667774237721 2.4478379328502342 1.2694339014124123 0.6822338388301431 1.0797427792567758 1.3594770133495333 1.6186780795687816 4.0468555553816223 2.7245831326581538 1.6928655044175682 1.4986709749791782 2.0070917027769606 1.4347545830532915 0.80557412840425957 1.4693035448435692 0.80130585003644306 1.2230058305431155 1.7670384695520622 2.5476757397409528 0.8338067759759723 1.7430208105361087 1.8690491574816395 1.5453001603018481 2.6403775671496978 3.50359157053754 8.6459571821615082 7.0292567028664044 3.5415199538692823 26.569550854386762 6.478885965072549
leaf_count=4384 21 37 37 17 36 18 33 141 49 20 48 60 16 9 67 31 47 35 82 20 28 66 59 32 48 88 88 51 566 211
internal_value=-0.000563019 0.0123432 -0.0488969 0.0219967 0.00387002 0.0561596 0.103294 -0.0513179 0.0513467 0.0749956 -0.00137605 -0.0215882 -0.00229136 0.0319107 0.0158771 -0.00767515 0.0331451 0.0712555 -0.0548612 -0.0154969 -0.0852976 -0.000175151 -0.0090192 -0.00597213 -0.00309585 0.0154312 -0.00223918 0.0246374 -0.0150089 -0.0252679
internal_weight=305.753 18.1196 2.4673 15.6523 10.2263 5.42599 2.97816 4.72909 5.49719 4.41745 287.634 16.1312 12.3811 7.50098 6.69541 5.26065 3.79135 2.56834 4.88015 2.33248 3.75011 271.502 61.8235 59.9544 58.4091 22.7203 14.0744 10.5708 35.6888 33.0484
internal_count=6445 409 58 351 263 88 51 158 105 69 6036 443 355 205 196 180 113 66 150 68 88 5593 1209 1143 1084 275 187 139 809 777
cat_boundaries=0 1
cat_threshold=83988
is_linear=0
shrinkage=0.1


Tree=81
num_leaves=31
num_cat=2
split_feature=0 2 7 12 3 9 9 7 7 3 12 3 11 3 10 4 12 9 7 7 9 9 3 10 3 4 9 11 9 7
split_gain=0.315324 1.05741 2.605 2.15837 1.44002 1.03196 1.20434 1.2122 0.811816 3.03065 2.34295 1.3197 1.39261 1.23215 1.19739 1.01919 0.926753 0.904459 0.866121 1.64728 1.45657 1.22085 1.41196 0.828073 1.05925 0.809534 0.804966 0.777121 0.862297 0.688772
threshold=0 1 13.500000000000002 -1.0000000180025095e-35 18.500000000000004 -0.2291956316687867 -0.013216736707570216 6.5000000000000009 63.500000000000007 20.500000000000004 -0.075294647603604631 19.500000000000004 -1.0000000180025095e-35 8.5000000000000018 -0.013938153897332696 2.5000000000000004 -0.00045376456967503111 -0.096467906109855381 111.50000000000001 89.500000000000014 -0.023026827746221574 -0.0089745931072593276 6.5000000000000009 -0.041706990823595705 4.5000000000000009 2.5000000000000004 -0.071665065446424051 -0.050882831031072537 -0.13564833440104662 111.50000000000001
decision_type=9 1 2 2 2 2 2 2 2 2 2 2 2 2 2 2 2 2 2 2 2 2 2 2 2 2 2 2 2 2
left_child=1 2 5 4 -3 -1 7 25 9 10 -4 13 27 18 -14 -12 17 -15 19 21 -21 22 23 -10 -25 -7 -20 28 -13 -2
right_child=29 3 8 -5 -6 6 -8 -9 11 -11 15 12 14 16 -16 -17 -18 -19 26 20 -22 -23 -24 24 -26 -27 -28 -29 -30 -31
leaf_value=0.0084707512585491165 -0.0011274103058103422 0.098467198753775562 0.083450799364568784 -0.029408249923614283 0.02412574594701599 -0.093673032292655209 0.0094333854105566883 -0.12865866860483091 0.065875206605941025 0.096374867601332903 0.010915314934862941 -0.10552392724240081 -0.0041665489874001841 0.063706914341392265 -0.079981819761149306 -0.086350122648401917 0.087131999400440391 -0.021579982323233202 0.067503325017684315 -0.10800228375283696 -0.014923361910112115 -0.03398764943927654 0.093897712552303447 -0.078066564704220021 0.017860667838851523 -0.010900789989631019 0.0022059085521023668 0.072135352411773754 0.071636950589412343 -0.023325254581480392
leaf_weight=2.9903650777414432 203.5472927603987 5.2865800028666836 1.8461114745587108 3.4515701113268724 5.1379097700119019 2.067387130460701 2.0473658768460146 2.8456402975134552 1.8113477826118405 4.341978672426194 1.7225719385314713 0.67490915418602437 3.5652249660342932 2.3238751371391118 5.0112008703872544 2.8758927198359743 3.1791366823017579 2.6744679100811481 3.2532423898810521 2.5928326745051891 4.7818573787808409 4.2399045601487257 2.5695641785860062 1.6811692388728268 3.6509178474079818 2.7577329138293862 4.4985219705849877 1.8023222312331197 0.46336405724287055 15.008994424599221
leaf_count=25 5341 34 13 29 39 34 19 34 9 37 25 40 22 21 34 41 20 19 21 31 27 21 13 35 28 38 24 11 10 350
internal_value=-0.000546479 0.00429619 -0.00157956 0.0227427 0.0618266 -0.0428998 -0.0587071 -0.0768941 0.00697179 0.0317975 -0.0117109 0.00148147 -0.0281039 0.0106271 -0.0484654 -0.0499148 0.0449205 0.0180724 0.000983316 -0.00942131 -0.0476485 0.0107834 0.0303268 0.00745967 -0.0123845 -0.0463657 0.0296098 0.0312814 -0.0334059 -0.00253579
internal_weight=304.701 86.145 72.2689 13.8761 10.4245 12.7085 9.71813 7.67076 59.5604 10.7866 6.44458 48.7739 11.517 37.2568 8.57643 4.59846 8.17748 4.99834 29.0794 21.3276 7.37469 13.9529 9.713 7.14343 5.33209 4.82512 7.75176 2.9406 1.13827 218.556
internal_count=6445 754 652 102 73 150 125 106 502 116 79 386 117 269 56 66 60 40 209 164 58 106 85 72 63 72 45 61 50 5691
cat_boundaries=0 1 2
cat_threshold=9753 1332
is_linear=0
shrinkage=0.1


Tree=82
num_leaves=31
num_cat=1
split_feature=11 12 9 12 11 9 9 7 12 11 7 12 7 8 9 9 9 4 9 11 10 9 11 11 7 9 12 7 8 0
split_gain=0.33997 1.01571 1.71375 1.58666 1.22691 1.10057 1.02699 1.21682 0.936609 0.932823 1.83679 1.08267 1.04777 1.07502 0.819287 0.815037 1.77519 1.48443 1.44447 1.01093 0.937349 0.880983 0.80421 0.794613 1.21644 1.09645 0.744732 0.6919 0.902705 0.672796
threshold=-0.043313160643240013 -0.034769549956628683 -0.19606702761693942 -0.031642121609986355 -0.22922858056596976 -0.24293219984451539 -0.2291956316687867 7.5000000000000009 -0.030004332183825328 -0.074579708923181692 130.50000000000003 -0.0167441698606751 123.50000000000001 0.096412761969197416 -0.34424171718601992 -0.13771935410294769 -0.098410399262826104 5.5000000000000009 0.098849189482427921 -0.084718979298309988 0.031462478159090507 -0.23253003915849449 -0.034517921980542342 -0.026736570255571118 2.5000000000000004 -0.11078356440121499 -0.04947567228092737 61.500000000000007 0.035687100487377207 0
decision_type=2 2 2 2 2 2 2 2 2 2 2 2 2 2 2 2 2 2 2 2 2 2 2 2 2 2 2 2 2 9
left_child=1 2 4 -3 -1 26 -7 -8 -5 12 11 -11 13 -10 -15 17 -17 19 20 -16 -18 -19 27 24 -24 -26 -6 28 -2 -25
right_child=22 3 -4 8 5 6 7 -9 9 10 -12 -13 -14 14 15 16 18 21 -20 -21 -22 -23 23 29 25 -27 -28 -29 -30 -31
leaf_value=-0.10534390439377811 0.068295258908252471 0.091794433424277191 -0.11333806987552508 -0.11303606049208625 -0.085939862516850762 0.14198544499792529 0.094116410658399929 -0.10275263318744243 -0.11586480524947967 -0.0087431720691394845 0.13191513702382318 -0.11460672576089187 -0.10991732021061945 0.15105401553734901 -0.038863653337216787 0.081392480389142596 -0.10239051033474245 0.14386023301347955 0.049920540048937929 0.10750722189003475 0.018260468587376035 -0.01316091891918366 0.070971532973315141 -0.012912686640131253 -0.011349985620467214 -0.11761885841828412 0.047297194973448163 0.075549529901422413 -0.041186237807908622 0.0023735069191533828
leaf_weight=1.0735225185053421 1.3164655566215508 1.7318358811317036 2.3424351588473646 0.8087344336090635 1.2532348001841449 0.93898667208850417 0.68539394787512742 0.57933378382585943 0.65346546936781535 1.7143565409351142 0.51814859267324198 2.2132616632152304 0.75507567147724231 0.43005898594857583 6.8358374765375771 4.083496400504373 1.6969190464587618 0.88982682139612734 2.3812556308694184 0.50684363069012928 1.0377130636479703 0.59707241912838049 0.80491960374638338 22.653328378568403 1.9559259607922286 1.9278983076219447 0.63061359617859114 2.6257827444933355 1.7599446384701876 235.7842568292981
leaf_count=74 9 28 163 33 80 12 12 57 18 36 4 127 28 2 277 104 163 15 43 12 37 43 18 737 37 80 13 37 33 4113
internal_value=-0.000506356 -0.0098732 -0.0424003 -0.000784468 -0.0102041 0.0147826 0.0627582 0.00393662 -0.00716656 -0.00364503 -0.0450523 -0.0683986 0.00562068 0.0101852 0.0146475 0.0113937 0.0322239 -0.0103089 -0.00702238 -0.0287601 -0.056607 0.0808075 0.000690765 -0.000114402 -0.040913 -0.064101 -0.0413391 0.037845 0.00566337 0.000625793
internal_weight=303.186 34.3574 7.50352 26.8539 5.16109 4.08756 2.20371 1.26473 25.1221 24.3133 4.44577 3.92762 19.8676 19.1125 18.459 18.029 9.19938 8.82958 5.11589 7.34268 2.73463 1.4869 268.829 263.126 4.68874 3.88382 1.88385 5.70219 3.07641 258.438
internal_count=6445 1381 411 970 248 174 81 69 942 909 167 163 742 714 696 694 347 347 243 289 200 58 5064 4985 135 117 93 79 42 4850
cat_boundaries=0 1
cat_threshold=2180
is_linear=0
shrinkage=0.1


Tree=83
num_leaves=31
num_cat=3
split_feature=7 7 7 10 1 12 3 4 12 4 6 9 3 1 8 9 4 4 7 7 4 7 12 4 10 3 10 7 7 11
split_gain=0.30409 0.337071 1.86249 1.79297 1.76733 1.55176 2.07311 2.45303 1.54712 1.87567 2.45263 2.29888 1.63743 1.41917 1.89517 2.1227 1.92441 1.8432 2.66697 1.52832 1.84725 1.50069 2.26656 2.24772 1.40294 1.37545 2.50762 1.32685 1.41695 1.26734
threshold=139.50000000000003 64.500000000000014 67.500000000000014 -0.15746436499708991 0 0.41118587645151378 2.5000000000000004 2.5000000000000004 0.48452778313389405 1.5000000000000002 1 -0.032402457656741428 1.0000000180025095e-35 2 0.0010132690484310695 -0.013080456046260054 4.5000000000000009 3.5000000000000004 2.5000000000000004 13.500000000000002 3.5000000000000004 14.500000000000002 0.0013517330493357683 1.5000000000000002 -0.11603030422902427 3.5000000000000004 -0.060073842652046426 73.500000000000014 70.500000000000014 -0.020818743219420902
decision_type=2 2 2 2 9 2 2 2 2 2 1 2 2 9 2 2 2 2 2 2 2 2 2 2 2 2 2 2 2 2
left_child=1 13 3 -3 25 6 7 -5 9 10 11 -6 -11 14 16 17 19 18 -16 20 -1 24 23 -23 -20 26 -4 28 29 -14
right_child=-2 2 4 5 8 -7 -8 -9 -10 12 -12 -13 27 -15 15 -17 -18 -19 21 -21 -22 22 -24 -25 -26 -27 -28 -29 -30 -31
leaf_value=0.024891007394099426 0.049099362436927418 0.10191120223367869 0.057201844683223674 -0.10793812978979217 -0.042839455868616844 0.077738770874970609 -0.090301313513365997 0.12520264483854401 0.1154789570459237 0.069699545946296557 -0.10267157612472858 0.12023912001885431 0.093098086091858712 -0.0022238655302648908 -0.052578717750228002 -0.066523190356282791 -0.034316171931342947 -0.01959427295063464 0.18376569152657302 0.23317046374182737 0.19476603974766291 -0.046128624882364237 -0.10524072975866985 0.12536142563945099 0.07298559014224025 0.0097907285365859461 -0.057561014400516079 -0.087013382112644116 0.11609826869578266 -0.10598960832623272
leaf_weight=1.8942616428248618 1.2302870266139496 0.78073403332382341 2.5333836649078876 0.77524195821024111 1.4443533639423551 0.80640278570354063 7.4845982902334072 1.0800386589253319 0.65678565972484548 0.89361925853881885 1.3651135407853932 2.1528580945450813 0.43350990361068409 148.08323492493946 2.2204194250516691 2.8164013883797407 1.0713921412825582 5.9785013118525958 1.4716089586727372 0.87727762572467316 0.96685837861150492 1.2019275664351883 1.0585314698982982 2.0991327236406505 5.1224086296278912 86.215223991603125 7.6633333420613763 9.6567985571455193 0.69907655438873906 1.2184311051387331
leaf_count=45 8 11 44 24 55 12 269 32 9 24 101 29 27 3166 71 156 54 201 21 28 32 27 43 31 110 1104 170 467 23 51
internal_value=-0.000515441 -0.000718421 -0.00466466 -0.0441172 -0.000913776 -0.0553538 -0.0668449 0.0277831 -0.0228936 -0.0407967 0.0114511 0.0547598 -0.0608929 0.00212194 0.0196473 0.0145365 0.0838395 0.0264565 0.0473547 0.117702 0.0822969 0.0676124 0.0220907 0.0629213 0.0977088 0.005149 -0.0290481 -0.0706116 -0.00324137 -0.0537441
internal_weight=301.952 300.721 125.86 10.927 114.932 10.1463 9.33988 1.85528 18.5205 17.8638 4.96232 3.59721 12.9014 174.862 26.7787 21.9689 4.80979 19.1525 13.174 3.7384 2.86112 10.9536 4.35959 3.30106 6.59402 96.4119 10.1967 12.0078 2.35102 1.65194
internal_count=6445 6437 2452 348 2104 337 325 56 786 777 185 84 592 3985 819 660 159 504 303 105 77 232 101 58 131 1318 214 568 101 78
cat_boundaries=0 1 2 3
cat_threshold=412676 4 3150760
is_linear=0
shrinkage=0.1


Tree=84
num_leaves=31
num_cat=2
split_feature=10 10 9 10 11 2 10 4 9 9 8 4 3 4 7 3 10 11 9 8 8 11 4 12 12 9 8 7 3 6
split_gain=0.350634 2.01923 1.21833 1.11222 1.07442 0.931445 1.41006 1.52471 1.31473 3.01416 2.05502 2.53381 1.90188 3.0546 3.04406 2.89238 1.6145 1.9842 1.61851 1.50071 1.41633 1.39113 1.13837 1.06321 0.83044 2.69651 2.33715 2.35807 2.23451 1.69209
threshold=-0.090650317572314301 -0.095743761478184794 -0.071665065446424051 -0.084996288013709842 0.10502965217400319 0 -0.14371684141421301 2.5000000000000004 -0.22519099127227457 -0.19416839677737871 0.22208585661367952 1.5000000000000002 8.5000000000000018 1.5000000000000002 6.5000000000000009 4.5000000000000009 -0.13301203404873482 0.14720080873246819 -0.16563630765429774 0.17744370841842624 0.25977452260912293 0.34667042742063753 4.5000000000000009 -0.10008422846213873 0.17633173866823754 -0.13229357524031529 0.073586287356052202 55.500000000000007 2.5000000000000004 1
decision_type=2 2 2 2 2 1 2 2 2 2 2 2 2 2 2 2 2 2 2 2 2 2 2 2 2 2 2 2 2 1
left_child=1 2 5 4 -2 6 -1 -8 10 22 -7 20 15 -14 -15 19 18 -18 -16 23 -12 -13 -10 -11 -5 -26 27 -27 -28 -29
right_child=3 -3 -4 24 -6 8 7 -9 9 12 11 21 13 14 16 -17 17 -19 -20 -21 -22 -23 -24 -25 25 26 28 29 -30 -31
leaf_value=-0.10626771034193094 0.011072598732159718 -0.11371520671332443 -0.1039324616146986 -0.0017160130617385886 0.093709632010422581 0.085782295191779476 0.097107771208300289 -0.077567570536479502 -0.11723063458534354 0.048434829515793282 0.016005926905541767 -0.089596831138577165 -0.092757753182112712 0.15170194064297138 0.046730791454403106 -0.095361399214434261 0.15691680132704044 -0.010772841089380529 -0.10559208286765714 0.11513466840288443 0.15532947694277316 0.016593963565869091 0.003574548550285335 -0.059920968756700554 -0.10847034732317534 -0.045047618661204526 0.20390588573942883 0.0013076693476546471 0.051756644498801047 0.12931816885158107
leaf_weight=3.2107552870875224 4.3985979836434117 1.7620817020069797 1.1943278447724868 234.98367064358899 2.4495419557206333 4.7528888911474443 0.90196584118530188 1.1205146606080232 2.9385934725869438 1.711042620707302 1.7071139873005452 2.6982472444651648 1.4583872922230501 2.6869486644864065 1.3559446074068535 3.3972285052295774 1.4549324498511866 1.3701121825724838 1.4366439755540339 1.3329430446028707 1.2743178628152234 2.2727981526404619 1.0619044259656218 1.9236116250977022 1.4448256357572962 4.7650099573656899 1.2395085510797788 2.3395229019224644 4.3625830465462059 1.8484665243886409
leaf_count=80 70 60 74 5164 19 46 25 41 61 18 29 96 40 30 11 84 24 19 46 23 19 31 22 49 47 66 10 34 82 25
internal_value=-0.000524687 -0.00888197 -0.00440501 0.000869857 0.0406314 -0.00143826 -0.0223542 0.00033241 0.00631001 -0.00659953 0.0337603 0.00266878 0.0107383 0.04072 0.0641603 -0.0242548 0.0222887 0.0755894 -0.0316315 0.0243734 0.0755553 -0.0410456 -0.0851637 -0.00891161 -0.000215045 0.021829 0.0347633 0.00306571 0.0854209 0.0578081
internal_weight=300.855 43.0233 41.2612 257.832 6.84814 40.0669 5.23324 2.02248 34.8337 22.1283 12.7054 7.95248 18.1278 9.76297 8.30458 8.36483 5.61763 2.82504 2.79259 4.9676 2.98143 4.97105 4.0005 3.63465 250.984 15.9999 14.5551 8.953 5.60209 4.18799
internal_count=6445 928 868 5517 89 794 146 66 648 427 221 175 344 170 130 174 100 43 57 90 48 127 83 67 5428 264 217 125 92 59
cat_boundaries=0 1 2
cat_threshold=582 1
is_linear=0
shrinkage=0.1


Tree=85
num_leaves=31
num_cat=2
split_feature=10 10 9 10 11 11 10 4 12 12 7 3 12 3 11 3 10 3 10 11 7 3 6 3 2 3 12 4 7 10
split_gain=0.30677 1.81344 1.09823 0.904682 0.900333 0.894669 0.817527 0.808487 1.07878 2.5128 2.25895 1.65665 1.28843 1.22199 1.13426 2.21624 1.10214 1.00985 1.23275 0.918452 1.51117 0.8072 1.9092 1.10787 0.783864 2.32885 1.39147 1.6945 1.33991 1.86563
threshold=-0.090650317572314301 -0.095743761478184794 -0.071665065446424051 -0.084996288013709842 0.039650264339399645 0.10502965217400319 -0.10417704854668704 5.5000000000000009 0.10568106820965602 0.063445567175762885 6.5000000000000009 4.5000000000000009 -0.099035745948985635 18.500000000000004 0.16455947142384639 2.5000000000000004 -0.10609546631268751 6.5000000000000009 -0.13301203404873482 0.11606605447527513 67.500000000000014 19.500000000000004 0 11.500000000000002 1 1.5000000000000002 -1.0000000180025095e-35 3.5000000000000004 14.500000000000002 -0.0021271774870235817
decision_type=2 2 2 2 2 2 2 2 2 2 2 2 2 2 2 2 2 2 2 2 2 2 1 2 1 2 2 2 2 2
left_child=1 2 4 5 6 -2 -1 8 9 11 13 14 16 -10 -6 -16 17 18 -13 -9 -21 23 -23 -19 25 26 -5 -28 -27 -30
right_child=3 -3 -4 24 7 -7 -8 19 10 -11 -12 12 -14 -15 15 -17 -18 21 -20 20 -22 22 -24 -25 -26 28 27 -29 29 -31
leaf_value=-0.10369311735694205 0.0099225877571538015 -0.1125046768597991 -0.10355969840318313 -0.11843927214887695 0.092275420208738967 0.085625501773705648 0.036851677724335362 0.13188667953457797 -0.045300555985787597 0.12563168655734402 -0.10460718046539724 -0.089296623964535721 -0.082043156750156332 0.097398279780028671 -0.063486099488774511 0.072567533836009793 -0.091955720743119349 0.0030231918550847579 0.026691810712227274 -0.059644899416512714 0.087687700176935654 0.057551827997088134 -0.062217449876898236 0.092290389349718074 -0.0033697144187689919 0.020671786758885993 0.058447463080106156 -0.076585446090933137 0.068869286448902278 -0.09734334768666221
leaf_weight=1.5196429654024544 4.4165482544340184 1.6106786534655828 1.0843643528642122 1.9677549459738655 2.5174435914959821 2.4146239161491394 0.56878928549121965 0.93715088255703394 1.1840592655353241 1.6245127865113307 2.8531683101318777 2.3309987096581612 2.7007463204208753 1.2168043488636611 2.233695896808058 2.5803960552439094 1.4113482746761299 3.159041175618766 1.5098239211365623 1.3300990774296226 1.4606976388022301 2.3039133017882634 3.1515720838215273 2.4830856025218964 190.58177442417946 51.256892670062371 1.7187207245733582 2.0233351972419769 0.97467945655807886 2.1985726528801015
leaf_count=105 70 60 74 50 36 19 28 12 35 28 97 47 72 20 35 26 16 36 19 36 19 45 58 24 4266 964 36 37 18 57
internal_value=-0.000513541 -0.00846278 -0.00429016 0.000775731 -0.00153548 0.0366814 -0.0654154 0.00207128 -0.00287835 0.00492206 -0.0444584 -0.0025108 -0.0180563 0.027022 0.0378833 0.00943986 -0.00748664 0.000493799 -0.0437017 0.0462317 0.0174687 0.0157896 -0.0116375 0.0423095 -0.000202556 0.00891244 -0.0503629 -0.014565 0.0167679 -0.0462903
internal_weight=299.325 41.772 40.1614 257.553 39.077 6.83117 2.08843 36.9886 33.2606 28.0066 5.25403 26.3821 19.0505 2.40086 7.33154 4.81409 16.3498 14.9384 3.84082 3.72795 2.7908 11.0976 5.45549 5.64213 250.722 60.14 5.70981 3.74206 54.4301 3.17325
internal_count=6445 928 868 5517 794 89 133 661 594 442 152 414 317 55 97 61 245 229 66 67 55 163 103 60 5428 1162 123 73 1039 75
cat_boundaries=0 1 2
cat_threshold=1 539
is_linear=0
shrinkage=0.1


Tree=86
num_leaves=31
num_cat=3
split_feature=9 8 4 4 3 3 3 4 9 8 6 7 4 8 9 7 3 2 7 6 8 9 8 12 7 12 3 8 7 7
split_gain=0.28715 1.11704 0.821781 1.91009 1.36643 1.62129 0.310192 1.01666 0.788556 1.12127 1.58532 1.1442 0.960347 0.779391 0.784492 0.756232 0.619643 2.22126 1.8106 3.1857 4.29674 1.79815 1.6021 1.68193 1.37408 1.35986 1.21291 1.15389 1.88719 3.791
threshold=0.61964722907120651 0.55002479443965824 5.5000000000000009 4.5000000000000009 4.5000000000000009 20.500000000000004 22.500000000000004 4.5000000000000009 -0.16756605835600905 0.10121648133570108 0 13.500000000000002 1.5000000000000002 0.0059532043963448633 -0.16563630765429774 6.5000000000000009 19.500000000000004 1 14.500000000000002 2 0.01014809094568433 -0.2956954137979515 0.21145571137761812 0.17633173866823754 8.5000000000000018 0.27920153681506349 9.5000000000000018 0.12567806514127236 64.500000000000014 89.500000000000014
decision_type=2 2 2 2 2 2 2 2 2 2 1 2 2 2 2 2 2 1 2 1 2 2 2 2 2 2 2 2 2 2
left_child=1 6 3 4 -2 -6 16 8 15 10 11 -10 -11 -9 -15 -8 26 22 24 20 -20 -21 23 -18 -19 -23 -1 28 -28 -30
right_child=2 -3 -4 -5 5 -7 7 13 9 12 -12 -13 -14 14 -16 -17 17 18 19 21 -22 25 -24 -25 -26 -27 27 -29 29 -31
leaf_value=-0.0028333187952099513 -0.072948150812740448 -0.1031110380241303 0.099096717938190096 -0.11235362072498406 0.12226927875166277 -0.018877398504144854 0.044081475304948999 0.052677881054698644 -0.016788198951984214 0.0050992118302771216 -0.059958384736801755 0.084827708920451925 0.10663863643939582 -0.0058737502047639112 -0.10924070580985133 -0.083241275529141678 0.0064671460646040348 -0.033907775785895829 0.2453747531028197 0.11196496691472708 -0.034486445769951746 -0.024703504254207122 0.12210687684450523 0.13173416007366898 -0.10547124209054136 0.095632763459544745 0.045736503304339121 -0.0077611514156658958 -0.063434916932407687 0.047646523974144851
leaf_weight=165.35158234491246 0.92665726225823064 1.066833578981458 1.0991299271117894 1.115076476940885 1.9783172139432283 1.3825125492876393 0.77141260146163482 0.82409150013700072 1.8606423812452701 1.344539687852375 2.1701869685202837 2.7397612482309341 3.0316998888738453 1.4736680591013287 1.4632410397753115 1.1801618551835416 8.7149005812825617 11.476093682460485 1.1137072755955162 1.0490095480345178 1.0811621578177435 31.18041463411646 1.8994783191010345 1.222163189202546 3.5017401494551441 0.96823977562598784 19.309119460638616 14.609580054879187 5.7741553974337858 6.5660521830432117
leaf_count=3397 34 97 21 16 38 24 15 14 73 33 66 33 43 32 48 34 169 389 28 27 64 688 38 13 137 23 278 376 114 83
internal_value=-0.000509199 -0.000972411 0.020276 0.00424028 0.0345637 0.0642071 -0.000597545 0.0125674 0.025726 0.0359925 0.0104939 0.043729 0.075442 -0.0332598 -0.0573737 -0.0329135 -0.00140813 -0.010182 -0.0179341 -0.0091609 0.107519 -0.0168752 0.0205756 0.0218738 -0.0506389 -0.0210793 0.0011711 0.0154848 0.0262153 -0.00433003
internal_weight=298.245 291.744 6.50169 5.40256 4.28749 3.36083 290.677 16.8594 13.0984 11.1468 6.77059 4.6004 4.37624 3.761 2.93691 1.95157 273.817 62.2069 50.3704 35.3925 2.19487 33.1977 11.8365 9.93706 14.9778 32.1487 211.61 46.2589 31.6493 12.3402
internal_count=6445 6312 133 112 96 62 6215 391 297 248 172 106 76 94 80 49 5824 1576 1356 830 92 738 220 182 526 711 4248 851 475 197
cat_boundaries=0 1 2 3
cat_threshold=4 29 2
is_linear=0
shrinkage=0.1


Tree=87
num_leaves=31
num_cat=3
split_feature=0 11 10 12 2 7 3 12 12 11 11 11 9 7 3 12 7 3 3 9 10 10 7 9 9 7 9 10 7 1
split_gain=0.310085 1.27445 1.97864 1.35792 0.952147 2.47898 1.41449 1.86732 0.938442 1.69497 1.46342 2.76488 1.39267 1.23054 1.19873 1.06964 1.05143 1.89736 1.34833 0.93144 0.871151 0.818896 1.1239 0.816136 2.44261 3.48135 2.29729 3.67398 2.51982 1.39731
threshold=0 0.31419930206939634 -0.14371684141421301 -0.13199192238107421 1 10.500000000000002 5.5000000000000009 -0.0005462282453714295 -0.059616393991758311 0.043736930039214188 0.017166157469861734 0.014609988291765992 -0.14635065812801137 64.500000000000014 5.5000000000000009 -0.00025363275466498225 80.500000000000014 20.500000000000004 19.500000000000004 -0.1304726924241176 -0.015928441718641519 0.086647311060526852 2.5000000000000004 -0.0079173378368443421 -0.013347617010102137 117.50000000000001 -0.0035470375418613993 -0.0023992639522662194 14.500000000000002 2
decision_type=9 2 2 2 1 2 2 2 2 2 2 2 2 2 2 2 2 2 2 2 2 2 2 2 2 2 2 2 2 9
left_child=1 2 -1 -4 5 21 -6 19 12 10 11 14 13 -7 -10 -11 17 -16 -18 -8 -12 22 -5 24 -2 -26 27 -25 -29 -28
right_child=23 -3 3 4 6 8 7 -9 9 15 20 -13 -14 -15 16 -17 18 -19 -20 -21 -22 -23 -24 26 25 -27 29 28 -30 -31
leaf_value=-0.099650115076063403 -0.0044425354468763537 0.062573770108719381 0.069700310804934121 -0.036848828002967085 0.075940588056483752 0.061381338781296618 -0.001804056828477866 -0.053297032912707147 -0.036168297402500882 -0.090382770438119625 0.010174821626543788 -0.10660109956445862 0.089952765170730864 -0.027538826945718853 -0.063274024050355079 -0.0016420192388381016 0.0457851391036651 0.040065633079260136 -0.022130812018188031 0.077207910436583357 0.068594603244375316 0.005040301708733941 -0.12164977086926199 -0.10620975429975232 -0.093224215203312838 0.12528122163240488 -0.018571597651799544 0.19023205309949798 0.044821625613406177 0.0078620800531927961
leaf_weight=1.8650315888226021 119.49207555758767 3.6484321877360335 3.0759166553616515 3.6908963322639448 4.8761648139916351 2.5129955620504916 2.7022854741662732 3.1370685808360568 6.374518125317997 3.3537904322147369 5.6239189449697733 2.5483354181051245 2.8503968324512226 4.0880686677992344 4.0888161843176958 2.2828187830746165 11.158220312558113 3.1419855945277959 3.9607728046830735 3.331289675552398 4.6739057600498182 1.7155999988317487 2.7107064401498064 1.0537032217252997 5.9149716189131132 0.83168553048744787 18.083281666389666 1.8972858367487777 3.2046429207548499 59.48329167405609
leaf_count=14 3312 20 20 32 36 22 21 27 48 25 33 16 19 37 43 21 65 30 42 23 34 12 57 55 164 9 697 30 46 1435
internal_value=-0.0004988 0.00423318 0.00219745 0.00451677 0.00197309 -0.00401073 0.0189393 0.00928292 0.00277469 -0.00298391 0.0039935 -0.00677319 0.0315371 0.00631268 0.00208325 -0.0544429 0.0129932 -0.0183701 0.027993 0.0418205 0.03669 -0.0563143 -0.0727571 -0.00254905 -0.00774779 -0.0662882 0.0049853 0.0637868 0.0988963 0.000318846
internal_weight=297.373 87.4119 83.7635 81.8985 78.8226 64.7757 14.0468 9.17064 56.6585 47.2071 41.5705 31.2726 9.45146 6.60106 28.7243 5.63661 22.3498 7.2308 15.119 6.03358 10.2978 8.1172 6.4016 209.961 126.239 6.74666 83.7222 6.15563 5.10193 77.5666
internal_count=6445 697 677 663 643 536 107 71 435 357 311 244 78 59 228 46 180 73 107 44 67 101 89 5748 3485 173 2263 131 76 2132
cat_boundaries=0 1 2 3
cat_threshold=10001 404 18188
is_linear=0
shrinkage=0.1


Tree=88
num_leaves=31
num_cat=3
split_feature=9 7 7 9 11 7 3 11 11 12 7 1 10 12 12 8 12 7 4 3 7 3 6 9 11 4 12 4 0 10
split_gain=0.283732 1.08412 1.6769 1.18853 1.10506 0.856189 0.824929 0.662519 0.832977 1.10165 1.05288 0.981634 1.11595 1.4452 1.3632 1.79044 1.86891 1.30465 2.02421 2.04293 1.72779 1.62743 2.44291 1.54267 0.912003 0.920903 1.53908 0.949502 0.894741 2.04459
threshold=-0.27620152152996064 4.5000000000000009 18.500000000000004 -0.2956954137979515 0.073003488135799419 10.500000000000002 18.500000000000004 0.2933466333105364 0.25434415555633694 -0.15621050735339606 67.500000000000014 0 -0.12521718774343901 -0.086090350536098828 -0.035560740767134204 0.050442957126145792 -0.029191382706060153 82.500000000000014 2.5000000000000004 17.500000000000004 8.5000000000000018 20.500000000000004 1 -0.021646508207240411 -0.013565682296510272 5.5000000000000009 0.010031470938618383 1.0000000180025095e-35 2 -0.08939556218590762
decision_type=2 2 2 2 2 2 2 2 2 2 2 9 2 2 2 2 2 2 2 2 2 2 1 2 2 2 2 2 9 2
left_child=1 -1 5 4 6 -3 -4 8 9 -2 -10 12 -11 -14 -15 17 -17 20 -19 -20 21 23 -23 -16 -18 26 -26 -28 29 -13
right_child=7 2 3 -5 -6 -7 -8 -9 10 11 -12 28 13 14 15 16 24 18 19 -21 -22 22 -24 -25 25 -27 27 -29 -30 -31
leaf_value=-0.079122465053033997 0.078510082878229692 0.016888458761251345 -0.011790565977755976 -0.094129035717855025 -0.058011993564588388 0.1128158386957564 0.12028386667712165 0.028133188733680314 -0.11210951996120742 -0.091250523917814408 0.0021524648534780007 -0.069777190530244795 0.065138373931795987 -0.083811136665127045 0.063635670215767492 0.13245093377617473 -0.074572310350229126 0.096268929259119618 -0.11262547715363987 0.08589142147484323 -0.10793457484904348 0.24685388165720581 -0.035755070256170744 -0.10562179137406164 0.062813203104168047 0.10758628527795162 0.050877952349507483 -0.10696533411039669 0.0053355535711873125 -0.0036479665421792064
leaf_weight=2.1898758346214882 1.7716485136188556 3.5663571131881309 0.99435567657928825 2.2795339170843372 1.8232973471749574 1.2588555025868116 0.90180362388491631 8.2133483416400832 1.5100438237423071 2.131606719922277 1.7307585219386963 5.0600067167542866 2.0231600538827506 3.1757140902336749 0.74712137412279878 1.3381051800679413 1.2409952878952024 1.6030786917544904 1.6193919286597522 0.76247134688310314 3.9125927959103137 0.51559111103415467 0.75196347013115883 1.9283806700259503 1.9144421161618077 0.98902345565147687 0.52415445004589845 1.3964112125104291 176.54984017222887 61.510765524115413
leaf_count=46 25 67 27 51 43 19 25 98 30 62 18 100 60 210 13 23 135 33 44 16 179 16 42 68 53 14 11 73 3702 1142
internal_value=-0.000516977 -0.0149541 -0.00197205 -0.0372721 -0.00242635 0.0419151 0.0510234 0.000147119 -0.000689624 -8.79659e-05 -0.0510876 -0.000604283 -0.0158816 -0.0158063 -0.0231108 -0.0130937 0.0254821 -0.0372126 0.00939327 -0.0490771 -0.0608543 -0.0141378 0.0791991 -0.0583574 0.00188194 0.02155 -0.000638185 -0.0638873 0.00165093 -0.00754155
internal_weight=295.935 13.0141 10.8242 5.99899 3.71946 4.82521 1.89616 282.921 274.707 271.466 3.2408 269.695 26.5742 24.4426 22.4194 19.2437 7.40313 11.8406 3.98494 2.38186 7.85565 3.94306 1.26755 2.6755 6.06503 4.82403 3.83501 1.92057 243.121 66.5708
internal_count=6445 278 232 146 95 86 52 6167 6069 6021 48 5996 1052 990 930 720 309 411 93 60 318 139 58 81 286 151 137 84 4944 1242
cat_boundaries=0 1 2 3
cat_threshold=2318851 1 68040
is_linear=0
shrinkage=0.1


Tree=89
num_leaves=31
num_cat=1
split_feature=0 4 8 10 3 4 3 3 8 4 4 11 12 10 7 7 11 9 3 11 7 11 10 7 7 12 9 9 7 4
split_gain=0.268174 0.898668 1.84298 1.40131 1.07762 1.69338 1.52414 3.12525 1.84838 1.58842 2.18898 1.48235 1.35282 1.49348 1.06769 1.06246 1.6373 1.0623 1.04427 0.970936 0.880419 0.810468 0.676372 0.629821 1.29183 0.851776 2.94696 0.615576 0.961484 1.19082
threshold=0 4.5000000000000009 0.1921126463846515 -0.14371684141421301 7.5000000000000009 3.5000000000000004 18.500000000000004 20.500000000000004 0.088590241664025973 1.5000000000000002 3.5000000000000004 0.0534848495592175 -1.0000000180025095e-35 -0.016859428745348692 5.5000000000000009 15.500000000000002 0.073003488135799419 -0.10804387189041477 10.500000000000002 -0.013565682296510272 6.5000000000000009 0.030419889063846052 0.025501302217826399 95.500000000000014 79.500000000000014 -0.029191382706060153 -0.00024953403250154533 -0.26875887710817453 65.500000000000014 3.5000000000000004
decision_type=9 2 2 2 2 2 2 2 2 2 2 2 2 2 2 2 2 2 2 2 2 2 2 2 2 2 2 2 2 2
left_child=1 3 14 -1 5 11 8 20 -6 21 12 23 13 -11 -3 -16 18 -12 -17 -4 -8 -9 -22 24 25 -5 -27 28 29 -2
right_child=27 2 19 4 6 -7 7 9 -10 10 17 -13 -14 -15 15 16 -18 -19 -20 -21 22 -23 -24 -25 -26 26 -28 -29 -30 -31
leaf_value=-0.080398342550250856 0.02349207634448873 0.059554981887794005 0.032989000560114709 0.069241734805287447 0.074492061565336151 -0.06501564337272725 -0.0030568016758965762 0.09457207965189228 -0.0017004337245859289 -0.0064210483768857704 0.0011717820995364066 -0.051864288221790567 0.035436908937893176 -0.1087356574369772 -0.058697541975658886 -0.045761051344158851 0.0750292422821352 0.10294965092197257 0.025910533179223722 0.12323137480682199 -0.10953220339510364 0.014412584709341031 -0.031504163929440464 0.03907027422218845 -0.045085837140969219 -0.074648637063949114 0.071200249479408229 -0.0012598835848452779 -0.070768228341838699 -0.058956401669626783
leaf_weight=2.1745384382084003 4.8763402369804663 3.1076026638038519 2.4533187099732459 2.6164889633655601 7.0746982097625715 5.2145918486639848 1.9653821127722064 3.423822813085283 5.7895099073648453 2.9029417545534688 1.8194551409687845 4.7059913109987965 2.2104359716176951 2.8054253798909485 2.9373303717002264 4.5190655449405295 2.7999521698802701 2.350134483538568 3.6952338353730738 2.319459691643714 3.183572911657393 1.9970140801742671 1.7063718865392727 5.5816818587481967 4.3847331944853059 2.7060235133394652 2.8386561400257033 194.6195318007376 3.2982859791954979 2.7339238432468846
leaf_count=23 100 25 30 24 39 44 29 44 38 28 28 39 18 34 29 27 21 17 31 15 46 20 30 32 32 28 19 5369 96 90
internal_value=-0.000485252 0.00384939 0.021915 -0.00142721 0.00120351 -0.0135992 0.0123559 -0.00234645 0.0402018 0.0200636 -0.000105982 -0.00185701 -0.0309843 -0.0567044 0.00654696 -0.00526016 0.00899077 0.0585375 -0.0135193 0.0768447 -0.0595842 0.0650417 -0.0823039 0.0111251 -0.00130776 0.0222128 2.021e-05 -0.00243699 -0.0256717 -0.00612685
internal_weight=294.812 89.2834 21.832 67.4515 65.2769 28.0482 37.2288 24.3646 12.8642 17.5092 12.0884 22.8336 7.9188 5.70837 17.0592 13.9516 11.0143 4.16959 8.2143 4.77278 6.85533 5.42084 4.88994 18.1276 12.5459 8.16117 5.54468 205.528 10.9086 7.61026
internal_count=6445 790 178 612 589 218 371 294 77 189 125 174 80 62 133 108 79 45 58 45 105 64 76 135 103 71 47 5655 286 190
cat_boundaries=0 1
cat_threshold=11793
is_linear=0
shrinkage=0.1


Tree=90
num_leaves=31
num_cat=1
split_feature=7 7 7 7 7 8 9 7 11 12 3 12 12 4 4 8 10 7 4 9 11 10 8 4 7 9 4 10 1 9
split_gain=0.301012 0.309951 0.363742 0.361806 1.53901 2.04111 1.44995 0.441788 1.04638 2.39606 2.28162 1.33008 2.69161 1.46283 1.32553 1.49826 1.30011 1.15485 1.0184 1.63271 1.47289 1.1984 0.989067 0.840783 1.35232 0.829658 0.779755 0.686699 0.614846 1.83539
threshold=139.50000000000003 133.50000000000003 130.50000000000003 124.50000000000001 126.50000000000001 0.013093316911069425 -0.084056435589251396 94.500000000000014 0.024405858866974332 -0.011217908889820319 19.500000000000004 7.1476644827677939e-05 0.010465875368693837 3.5000000000000004 1.5000000000000002 0.1241035276619072 -0.16772094364879955 97.500000000000014 2.5000000000000004 -0.080516077502315944 0.10502965217400319 -0.061994704783751811 0.24392379553608823 1.0000000180025095e-35 111.50000000000001 -0.075045124656711912 2.5000000000000004 -0.0046201095595055893 0 0.035680551489427913
decision_type=2 2 2 2 2 2 2 2 2 2 2 2 2 2 2 2 2 2 2 2 2 2 2 2 2 2 2 2 9 2
left_child=1 2 3 7 -5 -6 -7 28 9 14 16 13 -13 23 25 -16 -10 -15 19 -18 21 -20 -17 -11 26 -9 -25 -24 29 -1
right_child=-2 -3 -4 4 5 6 -8 8 10 11 -12 12 -14 17 15 22 18 -19 20 -21 -22 -23 27 24 -26 -27 -28 -29 -30 -31
leaf_value=0.011762645853999353 0.049399915238172741 -0.032952186370617469 0.051835531381413218 -0.096422417920060136 0.065429062404022673 0.018571973673538838 -0.13026514530398808 0.069343367256089292 0.099159589478693855 0.078273694614951317 -0.11222438226874981 0.1380129737728184 -0.063487109588558674 0.016461195744964064 0.12776924552086538 -0.10345842997493052 -0.063879920662782586 -0.097540098190091129 -0.0097445900906528524 0.081446911877357975 0.044622266662761173 -0.12068183983331784 0.15298720463899346 -0.012950233258166894 -0.061000716360185385 -0.067227423130323913 0.069488894757307393 -0.0074136755957769883 -0.0040867259624899578 -0.10141791419294899
leaf_weight=51.654255267116241 1.2062279172241677 2.9420221199979997 1.3305559080326919 2.036256010644137 2.7721827160567045 1.2776956951711329 1.3420070870779452 0.82462394284084439 1.2997747589834023 1.5154389962553994 1.9519355744123448 1.7812619209289544 1.0558788926573468 1.2958304320927698 3.9290755735710263 0.50232032744679589 1.1446351199410858 2.8275446891784668 1.8561531367013206 2.3814657235052419 1.6551906452514229 2.0483094813535017 0.49520688049960826 2.2522596046328545 2.6193885907996446 0.96578222489915677 2.3387208740459755 0.57892873819218982 192.09409407316707 1.4736773082986463
leaf_count=1543 8 40 25 44 22 24 21 26 16 23 50 28 50 17 28 33 27 48 19 30 28 33 8 27 44 19 21 33 3874 236
internal_value=-0.000452098 -0.000657862 -0.000329447 -0.000570474 -0.0223538 0.00561842 -0.0576735 6.3006e-06 0.0104626 0.0230737 -0.0130293 0.00105294 0.0630221 -0.01263 0.0704185 0.0947255 0.00561417 -0.0617135 -0.0077681 0.0342712 -0.0344307 -0.0679431 0.0123689 0.0105643 -0.00366649 -0.00432575 0.0290456 0.0665357 -0.00149974 0.00725722
internal_weight=293.449 292.242 289.3 287.97 7.42814 5.39189 2.6197 280.542 35.3197 22.9823 12.3375 15.6863 2.83714 12.8492 7.29594 5.50553 10.3855 4.12338 9.08575 3.5261 5.55965 3.90446 1.57646 8.72581 7.21037 1.79041 4.59098 1.07414 245.222 53.1279
internal_count=6445 6437 6397 6372 111 67 45 6261 608 405 203 258 78 180 147 102 153 65 137 57 80 52 74 115 92 45 48 41 5653 1779
cat_boundaries=0 1
cat_threshold=2790308
is_linear=0
shrinkage=0.1


Tree=91
num_leaves=31
num_cat=1
split_feature=11 12 9 12 11 10 10 12 11 7 12 7 8 10 11 11 4 12 10 3 12 9 7 3 7 7 8 2 3 9
split_gain=0.270534 0.900003 1.41359 1.14303 1.00366 0.915287 1.42756 0.845549 0.857591 1.45163 0.945965 0.925223 0.909246 0.709394 0.638328 0.719994 2.44306 2.26602 0.635593 0.852612 1.74673 1.62471 1.04842 0.800083 2.16533 0.841988 0.618749 0.601169 1.51892 1.57773
threshold=-0.043313160643240013 -0.034769549956628683 -0.19606702761693942 -0.031642121609986355 -0.22922858056596976 -0.028055485663735304 -0.015928441718641519 -0.030004332183825328 -0.074579708923181692 130.50000000000003 -0.0167441698606751 123.50000000000001 0.096412761969197416 -0.095743761478184794 -0.034517921980542342 -0.022580406270039838 5.5000000000000009 -0.0035480951431308585 0.25213584728912469 5.5000000000000009 -0.016172431816761361 -0.23490162774141787 13.500000000000002 18.500000000000004 8.5000000000000018 8.5000000000000018 0.19418017880124397 0 22.500000000000004 -0.010002599856768405
decision_type=2 2 2 2 2 2 2 2 2 2 2 2 2 2 2 2 2 2 2 2 2 2 2 2 2 2 2 1 2 2
left_child=1 2 4 -3 -1 13 -7 -5 11 10 -10 12 -9 -6 -2 16 17 -16 19 20 22 -21 -14 25 26 -23 -25 28 29 -17
right_child=14 3 -4 7 5 6 -8 8 9 -11 -12 -13 18 -15 15 27 -18 -19 -20 21 -22 23 -24 24 -26 -27 -28 -29 -30 -31
leaf_value=-0.10452787610670566 0.034261260341408244 0.079310211257811458 -0.11133854850856471 -0.11287930399174191 0.049030603752484136 0.12590138517810132 -0.028944602613540184 -0.11304627872962553 -0.010291100522908348 0.12326922169038111 -0.11319621093239246 -0.10880082932100144 0.085528516359860113 -0.10328670255052795 -0.094976777303248272 0.0086490636948175856 0.13030527362562616 0.043690027710838963 0.088339006612720539 -0.10433046101268328 -0.10351098320914809 -0.031423778149226582 -0.05175295055125663 -0.012458420158734027 -0.069945136097118166 0.072322857987237268 0.088082328863460582 0.0026129560319530054 -0.11164046587895855 -0.043175308754538587
leaf_weight=0.92979476030450303 5.5216000491636796 1.6766169238835598 2.0306850823690175 0.71948718093335884 0.45574718969874095 1.2000182082410904 1.1816524484893305 0.57743467949332128 1.6542148969601842 0.45743486657738675 1.9420534738455852 0.67492123856209119 1.3291183096589523 0.9291265550418758 4.1358629759051837 16.907647622632801 0.8066426851437426 1.6480681549292047 1.0928021115250874 0.93271223467310527 1.8059769882820607 0.91681144828906358 0.95675599819514889 0.85388808697462115 2.2542611560202204 5.3307476920308545 2.1618057015584782 220.70161925069988 1.5380360120907415 9.0020808541448769
leaf_count=74 79 28 163 33 24 16 40 18 36 4 127 28 22 94 131 353 18 29 19 51 157 39 41 30 152 130 55 4042 85 327
internal_value=-0.000444739 -0.00911183 -0.0416265 -0.000479143 -0.0114832 0.0114855 0.0490754 -0.00613315 -0.00278531 -0.0445196 -0.0658618 0.00617197 0.0104327 -0.0531607 0.000623042 -0.000106081 -0.0327281 -0.0554652 0.0144759 0.00959633 -0.030005 0.0226116 0.0280692 0.0328916 0.00419438 0.0570983 0.0596144 0.000760324 -0.0110591 -0.00935681
internal_weight=292.326 32.0641 6.72702 25.337 4.69634 3.76654 2.38167 23.6604 22.9409 4.0537 3.59627 18.8872 18.2123 1.38487 260.262 254.74 6.59057 5.78393 17.6349 16.5421 4.09185 12.4502 2.28587 11.5175 5.26995 6.24756 3.01569 248.149 27.4478 25.9097
internal_count=6445 1381 411 970 248 174 56 942 909 167 163 742 714 118 5064 4985 178 160 696 677 220 457 63 406 237 169 85 4807 765 680
cat_boundaries=0 1
cat_threshold=612
is_linear=0
shrinkage=0.1


Tree=92
num_leaves=31
num_cat=5
split_feature=9 9 12 7 3 8 3 11 3 3 8 3 7 3 6 4 1 1 7 2 3 11 7 3 8 7 7 10 8 6
split_gain=0.268284 0.938479 0.964161 0.752192 0.788748 1.54228 0.751182 0.853476 0.708 0.834528 1.00127 0.965788 0.914942 1.04939 0.509441 0.504928 2.89825 2.16292 2.68327 2.22862 1.38072 1.50129 1.7311 1.36493 1.96551 1.19309 2.17964 1.18656 2.15839 1.17963
threshold=0.13735741915826333 1.0000000180025095e-35 0.22936906889434808 1.0000000180025095e-35 2.5000000000000004 0.40481198886848341 21.500000000000004 -0.27103664929013244 4.5000000000000009 5.5000000000000009 0.53157475570067458 21.500000000000004 64.500000000000014 7.5000000000000009 0 2.5000000000000004 1 2 7.5000000000000009 3 19.500000000000004 1.0000000180025095e-35 5.5000000000000009 2.5000000000000004 0.059787455298176244 63.500000000000007 68.500000000000014 -0.083249726648611022 0.07933435123654714 4
decision_type=2 2 2 2 2 2 2 2 2 2 2 2 2 2 1 2 9 9 2 1 2 2 2 2 2 2 2 2 2 1
left_child=1 15 6 -2 5 -5 7 -3 14 -10 11 -11 -12 -14 -6 16 -1 19 20 -17 21 23 -23 -19 -25 29 -27 28 -20 -18
right_child=3 2 -4 4 8 -7 -8 -9 9 10 12 -13 13 -15 -16 17 25 18 27 -21 -22 22 -24 24 -26 26 -28 -29 -30 -31
leaf_value=-0.014204907606510232 -0.10460747289341213 0.021437515652989181 0.069102788362320075 0.17657642606630303 0.0070971430731751788 -0.011523397042509717 0.021007529917386726 -0.092323227329559596 0.111373809899665 -0.076172739287909241 0.054687061931966555 0.059314514608541639 0.074288747667386273 -0.11302598853593222 -0.1054855449859331 -0.025575937413885461 0.11590491201883929 0.17685627262825632 0.14171209128405596 0.011213518785046301 -0.069432820584039143 -0.083402117769096701 0.079731576631034723 -0.10608457052261014 0.097383196455040913 -0.10463842465103367 0.022954104471637225 -0.086535904106973316 -0.10245583980897799 0.033928524019970624
leaf_weight=80.740597808849998 0.51776417822111298 0.80510690377559457 0.72474710876122106 0.85610828944481798 0.75606286234688014 0.88808022951707244 1.0861661271192131 3.6461888362537134 0.884835974953602 2.005717319785616 4.4105577499140054 0.71319970802869637 0.48305682104546555 0.78530798410065472 0.8581092027015973 9.5402669215109182 2.0010747688356787 0.96193259977735879 0.67878661863505907 139.08841183793265 1.80421086482238 1.7602544419933113 1.0317518729716537 0.68847636622376773 1.5295291887596247 1.6704171748133356 6.7451934019336477 8.1798048276687005 0.77583200769731775 14.29595210391563
leaf_count=1529 35 23 14 16 20 44 41 267 23 100 82 27 10 38 42 242 72 23 4 2351 103 44 11 30 35 92 207 477 65 378
internal_value=-0.000423758 -0.00108475 -0.0393581 0.0135283 0.018367 0.0808025 -0.0535536 -0.0717473 0.00837337 0.0190027 0.00927001 -0.040633 0.0331623 -0.0416872 -0.0527529 -0.000201937 -0.00561336 0.00323491 -0.0231634 0.00738861 0.00722984 0.0303907 -0.0231181 0.0773718 0.0342261 0.0200796 -0.00237178 -0.0717368 0.0114833 0.0439942
internal_weight=290.914 277.755 6.26221 13.1588 12.641 1.74419 5.53746 4.4513 10.8968 9.28268 8.39784 2.71892 5.67892 1.26836 1.61417 271.492 105.453 166.039 17.4106 148.629 7.77616 5.97194 2.79201 3.17994 2.21801 24.7126 8.41561 9.63442 1.45462 16.297
internal_count=6445 6008 345 437 402 60 331 290 342 280 257 127 130 48 62 5663 2278 3385 792 2593 246 143 55 88 65 749 299 546 69 450
cat_boundaries=0 1 2 3 4 5
cat_threshold=4 2477060 2935972 208 2
is_linear=0
shrinkage=0.1


Tree=93
num_leaves=31
num_cat=3
split_feature=8 11 10 9 9 11 9 9 3 11 7 1 8 12 8 12 10 7 6 9 10 12 11 3 8 4 4 2 3 11
split_gain=0.279386 1.65578 1.86004 1.18254 1.92084 1.71237 2.31531 1.67937 1.49804 2.50276 1.38646 1.29464 2.03231 1.70056 1.51943 1.27192 1.10766 1.09307 1.04978 2.18922 2.24284 1.08193 1.70859 1.15641 1.04464 1.16538 1.46971 0.933011 2.56697 1.6677
threshold=0.0063472109604764846 -0.0015432685734492601 -0.0013970149606471001 -0.019880778273411722 -0.018506868928489757 0.044382183604894286 -0.013080456046260054 -0.021646508207240411 7.5000000000000009 0.0014610235525510985 139.50000000000003 0 0.010812428474879848 -0.0040752038453450851 0.17822333468853135 -0.0047388259157028949 -0.056948424983961098 64.500000000000014 1 -0.0416319479251843 -0.046271890602726164 0.023333467312317377 -0.025294340886186126 4.5000000000000009 0.33349754716175145 5.5000000000000009 4.5000000000000009 2 2.5000000000000004 0.0043486479975557218
decision_type=2 2 2 2 2 2 2 2 2 2 2 9 2 2 2 2 2 2 1 2 2 2 2 2 2 2 2 1 2 2
left_child=1 -1 -3 7 -5 11 -7 10 -9 -10 18 12 -6 15 -14 -13 -8 24 19 21 -21 -2 -23 -24 -18 26 -26 28 -4 -30
right_child=3 2 27 4 5 6 16 8 9 -11 -12 13 14 -15 -16 -17 17 -19 -20 20 -22 22 23 -25 25 -27 -28 -29 29 -31
leaf_value=0.11646071171705481 -0.10250266830099182 -0.10898581977278321 0.057415646439866921 -0.084776733708519597 0.16171141629537497 0.17149593973704527 -0.10214287843498954 0.12583558303741241 0.11216150512346029 -0.088948041456744981 0.12405605741878734 -0.010314146305551808 -0.10350009657325439 -0.057607899466302639 0.096101669398406475 0.14904049536598798 0.12837437317577163 -0.053864738934359571 0.00083784617814428031 0.18207821917411546 -0.035366424990618373 0.08481702746333708 0.014738192391980546 -0.10678915498946669 0.028338267368871534 0.12116489481959808 -0.11168564848889498 0.0083877023003042697 -0.07269227286555402 0.052948467285064763
leaf_weight=1.293823244050144 3.1505104539683089 1.4713243080768723 2.6447055069729712 3.899345969548448 1.5452928417362275 0.96489734202623445 0.82213845901423965 2.0040105551015577 1.2126765241846444 1.2635886657517401 0.88823436573147674 6.2315444150008261 0.7424158949870614 15.422174521489071 0.78422637155745178 0.5446525191655408 1.0662359329871796 1.622989227005746 147.50433634407818 0.85787467169575382 1.0610438112635163 1.0608573593199251 1.2580069866962733 2.0737020719097927 3.604798503103666 0.94671936670783896 0.94639368460047979 74.321854069828987 7.5123821825254691 1.2293572435155509
leaf_count=13 247 55 57 79 26 11 87 22 17 25 6 282 42 466 40 8 17 71 3053 9 34 40 33 83 83 17 16 1167 318 21
internal_value=-0.000519909 0.00416442 0.00249784 -0.00257689 -0.0181784 -0.0108102 0.0242747 0.00118511 0.0615582 0.00953932 -0.000528419 -0.0246582 0.0190038 -0.0270677 -0.000965946 0.00249435 0.00850725 0.0196186 -0.00123341 -0.0335225 0.0618447 -0.0577835 -0.0257092 -0.0609021 0.0377873 0.0202194 -0.000778884 0.00441164 -0.0153907 -0.0550233
internal_weight=289.952 88.4734 87.1796 201.479 39.1438 35.2445 9.97417 162.335 4.48028 2.47627 157.855 25.2703 3.07194 22.1984 1.52664 6.7762 9.00928 8.18714 156.966 9.462 1.91892 7.54308 4.39257 3.33171 6.56415 5.49791 4.55119 85.7083 11.3864 8.74174
internal_count=6445 1631 1618 4814 1245 1166 302 3569 64 42 3505 864 108 756 82 290 291 204 3499 446 43 403 156 116 133 116 99 1563 396 339
cat_boundaries=0 1 2 3
cat_threshold=65604 2 1253
is_linear=0
shrinkage=0.1


Tree=94
num_leaves=31
num_cat=3
split_feature=11 0 10 7 3 10 7 11 11 9 3 8 8 12 12 8 9 7 11 8 10 10 0 12 9 7 1 4 12 7
split_gain=0.246955 0.806095 1.67319 1.13648 1.22606 1.02108 1.54192 1.2014 1.19799 1.83124 1.01411 0.978709 1.35587 1.01762 1.44452 0.880159 1.25695 0.798276 0.776648 0.662091 1.60633 0.619738 0.597826 1.44323 2.27699 1.62509 1.13116 1.80258 2.6792 1.42685
threshold=-0.043313160643240013 0 0.0079867503519243169 6.5000000000000009 3.5000000000000004 0.031462478159090507 41.500000000000007 -0.14510267173207955 -0.18273016740741846 -0.082343916392681446 17.500000000000004 0.35444043473811127 0.31217976345724058 -0.023761275089391534 -0.048618066431951081 0.19418017880124397 -0.13771935410294769 61.500000000000007 -0.37828953706399376 0.18744430795739159 -1.0000000180025095e-35 -0.021862083167255051 1 -0.0002415632351161349 -0.25131114922114067 94.500000000000014 2 1.0000000180025095e-35 -0.096023323738133423 1.5000000000000002
decision_type=2 9 2 2 2 2 2 2 2 2 2 2 2 2 2 2 2 2 2 2 2 2 9 2 2 2 9 2 2 2
left_child=1 2 10 11 -5 6 -6 17 18 19 -1 12 13 14 21 -15 -17 -7 -8 20 -10 -3 23 24 -2 -26 29 28 -28 -24
right_child=22 3 -4 4 5 7 8 -9 9 -11 -12 -13 -14 15 -16 16 -18 -19 -20 -21 -22 -23 26 -25 25 -27 27 -29 -30 -31
leaf_value=0.10067677037452097 0.048288157147221102 0.04306789753090403 -0.063120922097101254 -0.10686147790022989 -0.09287443481872687 0.089088714738303598 0.00017048842663871521 -0.067556180900966725 -0.10770430983657296 -0.1041100926360401 -0.015365098210624149 -0.10609640102010615 0.12840948759098933 -0.10395854747334282 0.089886203923024544 -0.10322347878048498 0.092816633536169438 -0.018684987529164344 -0.10356289384304831 0.097156196129710576 0.067477817436790058 -0.11163001178728578 -0.019904667265269353 0.0029758241664959392 -0.078038554520204848 0.0036478051998533262 0.099324682061368713 -0.0050895174756799416 -0.10520837226685337 0.010247432575131348
leaf_weight=3.1396640170132741 2.5887472319882354 0.42375828255899273 1.1591128226136787 2.0161336566088748 3.6802880413597441 1.9721358167007568 1.1650195529218765 1.176371109439059 0.75611023977399439 1.0232700412161522 0.99075361946597684 0.63198515959084023 1.0520497325342146 1.2109645169694045 2.1479894393123682 0.55012527015060186 0.80659445200581081 1.0548884102609006 1.8969343405915475 1.5424894609022883 1.700872100889683 0.66590901685412973 17.548622320406139 24.188376118429005 8.6651539497543109 3.3875541915185741 0.77011237328406412 48.401292810798623 3.8034605715656644 148.52625826903386
leaf_count=89 39 19 71 159 219 32 38 57 49 77 51 50 23 69 37 31 19 38 139 50 27 37 318 612 268 59 20 1293 168 2287
internal_value=-0.000483524 -0.00895227 0.0148928 -0.0141824 -0.0333802 -0.0241027 -0.0392175 0.0182027 -0.014792 0.0152635 0.0728421 0.0129812 0.0239555 0.00502623 0.0423113 -0.0419875 0.0133259 0.0515306 -0.0640942 0.0458054 0.0135674 -0.0514699 0.000526744 -0.00956122 -0.0368032 -0.0550797 0.00263135 -0.00905129 -0.0707685 0.00666031
internal_weight=288.643 30.7634 5.28953 25.4739 17.9845 15.9684 11.765 4.2034 8.0847 5.02274 4.13042 7.48938 6.85739 5.80534 3.23766 2.56768 1.35672 3.02702 3.06195 3.99947 2.45698 1.08967 257.88 38.8298 14.6415 12.0527 219.05 52.9749 4.57357 166.075
internal_count=6445 1381 211 1170 885 726 599 127 380 203 140 285 235 212 93 119 50 70 177 126 76 56 5064 978 366 327 4086 1481 188 2605
cat_boundaries=0 1 2 3
cat_threshold=3212 67716 3201930
is_linear=0
shrinkage=0.1


Tree=95
num_leaves=31
num_cat=3
split_feature=8 8 12 6 1 4 1 8 11 11 9 9 9 10 3 12 7 11 12 3 3 3 7 10 7 12 10 10 11 8
split_gain=0.252423 1.34714 1.88848 1.12026 1.32179 1.45294 1.2978 1.55981 1.26926 1.87021 1.24816 1.9105 2.47159 1.53777 1.21043 1.62333 1.60408 1.92215 1.56323 1.67975 1.29654 1.2892 2.81938 1.22686 1.18449 1.53868 1.30843 1.48656 2.39893 1.22133
threshold=0.088590241664025973 0.084166079178236056 -0.021738150377086606 0 1 5.5000000000000009 2 0.099576576616905693 0.10977135826357586 0.095419561938269351 0.17874969990092107 0.13735741915826333 -0.099517369046813367 0.16070746550705539 6.5000000000000009 0.14212593872767157 6.5000000000000009 -0.020818743219420902 -0.059616393991758311 21.500000000000004 21.500000000000004 4.5000000000000009 96.500000000000014 0.12467378626038468 5.5000000000000009 -0.099035745948985635 -0.079947961530429379 0.0099711511907633731 0.028221429818474569 0.19036988841771263
decision_type=2 2 2 1 9 2 9 2 2 2 2 2 2 2 2 2 2 2 2 2 2 2 2 2 2 2 2 2 2 2
left_child=1 -1 -3 8 -5 6 7 -6 9 -2 11 12 -8 -14 21 18 -17 -18 19 -16 23 24 -23 -20 -9 -26 -27 28 29 -28
right_child=3 2 -4 4 5 -7 10 14 -10 -11 -12 -13 13 -15 15 16 17 -19 20 -21 -22 22 -24 -25 25 26 27 -29 -30 -31
leaf_value=0.00079832516942519502 -0.042903149421049169 0.0094131675160279774 0.17088671593917282 -0.021975488046116182 -0.083481365212144942 0.036148265568623252 0.030600016584948028 -0.058236415341702485 -0.10428208057549611 0.1086382979212781 -0.10285396462495196 0.13876133522562428 -0.10603448918564487 0.06202861361362462 0.034396934922573251 0.12191392735941645 0.095985517741585313 -0.10639870922455903 -0.066900467896861868 -0.045673345308946782 0.026194069963991373 -0.084930482313939251 0.029285300619146623 0.003864621823143859 0.087515802240620666 -0.10556093218572067 -0.10492655213292701 -0.03534650984599378 0.22223430132953431 0.064788936717775913
leaf_weight=163.30388497840613 4.3790749483159743 2.0425880118273203 1.1222113827243436 15.015870111121329 2.7445781563874325 12.25036154699046 20.358742277778227 2.875791062135252 2.2418032449204475 1.0004303521709514 0.789747622795402 1.3897625841200341 2.3062117486260862 0.71268053690437216 13.218763711396603 2.2209433596581212 0.95323839830234625 0.9243305663112551 7.3566004913300329 3.267674430855549 3.5437895547365761 7.1812598099932057 3.0916935133282095 3.6732418056344613 2.232303475495427 1.1463594886008639 0.63686479534953866 3.1071633640676737 0.72087998315691937 1.2687754451762883
leaf_count=2943 349 40 21 678 42 268 512 66 119 33 82 25 175 11 182 27 19 27 262 59 74 152 33 62 23 33 28 61 12 27
internal_value=-0.000473353 0.00205064 0.0666703 -0.00395706 -0.00145402 0.00356992 -0.000669369 -0.00843225 -0.0410653 -0.0147209 0.0150255 0.0248509 0.0180791 -0.0663592 -0.00631354 0.00523954 0.0643925 -0.0036486 -0.00256595 0.0185267 -0.026427 -0.0245602 -0.0505567 -0.0433337 -0.00228303 0.0153755 -0.00803125 0.0114683 0.06685 0.00807004
internal_weight=287.078 166.469 3.1648 120.609 112.988 97.9718 85.7214 60.1643 7.62131 5.37951 25.5571 24.7674 23.3776 3.01889 57.4197 35.1586 4.09851 1.87757 31.0601 16.4864 14.5736 22.2611 10.273 11.0298 11.9881 9.11235 6.88004 5.73368 2.62652 1.90564
internal_count=6445 3004 61 3441 2940 2262 1994 1189 501 382 805 723 698 186 1147 712 73 46 639 241 398 435 185 324 250 184 161 128 67 55
cat_boundaries=0 1 2 3
cat_threshold=2 2359532 1062912
is_linear=0
shrinkage=0.1


Tree=96
num_leaves=31
num_cat=5
split_feature=9 7 7 8 7 12 11 11 10 1 8 10 10 7 7 6 8 8 11 4 6 3 12 7 3 3 7 2 9 6
split_gain=0.251275 0.937791 1.28448 1.105 0.636116 0.587514 0.561607 0.51525 0.675476 0.483516 1.90333 1.26515 1.43327 0.983329 1.33881 4.36685 2.53492 1.51767 1.17766 1.16994 1.05854 1.94075 1.21499 0.928858 2.41733 0.955826 0.79051 0.561776 1.63915 2.33645
threshold=-0.27620152152996064 4.5000000000000009 18.500000000000004 0.26171587846569438 9.5000000000000018 -0.023761275089391534 0.3162486961760716 0.073003488135799419 0.16972473411188879 0 0.17976232513535359 -0.16414341867606327 -0.1228114807074074 105.50000000000001 78.500000000000014 1 0.054926875384448223 0.062598869267161739 0.071105516319634285 2.5000000000000004 2 20.500000000000004 0.011547706232186634 6.5000000000000009 17.500000000000004 17.500000000000004 1.5000000000000002 3 -0.067936879322930729 4
decision_type=2 2 2 2 2 2 2 2 2 9 2 2 2 2 2 1 2 2 2 2 1 2 2 2 2 2 2 1 2 1
left_child=1 -1 4 -4 -3 7 9 8 -5 10 11 -2 -13 14 16 -16 20 -18 19 -17 21 22 -14 25 -25 -19 -27 28 29 -11
right_child=6 2 3 5 -6 -7 -8 -9 -10 27 -12 12 13 -15 15 18 17 23 -20 -21 -22 -23 -24 24 -26 26 -28 -29 -30 -31
leaf_value=-0.076444383658009235 0.10439026313827038 0.010887579360667973 -0.088017772062400162 -0.0013396473535345606 0.089777751221072857 -0.067329663712073204 0.050449337924458486 -0.028561581717058877 0.13695131106481262 0.053835957207829833 -0.10348997765585506 -0.10450689919874301 -0.10390543656592109 -0.080834958456704575 0.26353462960962581 0.033145755447838966 0.14843914474168238 0.10306481078970751 0.10224438305354198 -0.1142971210753338 -0.082886243763344691 0.1364645678995042 0.039671405641878932 -0.10211687492498406 0.077870326951290231 0.061724237478101018 -0.11016333310266813 0.0029185877912765385 -0.045847315393085258 -0.028205909645790606
leaf_weight=2.0406388978008172 0.97191043850034731 3.1579466128023324 2.2876565655460581 0.71481485548429169 1.5112061552936209 0.87046571751125235 2.1961903981864443 0.93954831943847228 0.69818725250661373 6.0441886573098618 2.2603258889866984 1.5614622640423537 1.5542454496026019 1.5733715899987135 0.79094384377822191 1.0912738969782378 0.96740843076258887 1.6577250165864827 0.80438566533848632 1.0617900384822858 4.4794232659041997 0.72372877062298346 0.94942603306844819 1.7386283390223982 1.3072455771034581 0.57707278802990891 0.4988483531633392 222.39691140595824 10.189151610829866 8.1543912945780885
leaf_count=46 9 62 57 34 24 33 28 14 8 118 256 44 69 55 26 33 6 21 11 38 152 27 9 49 45 8 41 4462 457 203
internal_value=-0.000542653 -0.0145721 -0.00216924 -0.0348664 0.036421 0.00285972 8.40929e-05 0.0288304 0.0669922 -0.000323536 -0.0114064 -0.0071895 -0.012272 -0.00498921 0.0015668 0.0548226 -0.0122444 0.0325143 -0.000995632 -0.0395661 -0.0514283 -0.00776667 -0.0494592 0.0131101 -0.0248689 0.055427 -0.017971 0.00119368 -0.0108106 0.00671846
internal_weight=285.771 12.2205 10.1798 5.51067 4.66915 3.22302 273.55 2.35255 1.413 271.354 24.5692 22.3089 21.337 19.7755 18.2021 3.74839 14.4538 6.74693 2.95745 2.15306 7.70682 3.2274 2.50367 5.77952 3.04587 2.73365 1.07592 246.785 24.3877 14.1986
internal_count=6445 278 232 146 86 89 6167 56 42 6139 899 643 634 590 535 108 427 170 82 71 257 105 78 164 94 70 49 5240 778 321
cat_boundaries=0 1 2 3 4 5
cat_threshold=2351105 1 1 1124 1
is_linear=0
shrinkage=0.1


Tree=97
num_leaves=31
num_cat=2
split_feature=0 2 7 10 10 12 10 10 8 7 4 11 10 3 4 11 3 10 8 8 4 12 4 12 3 3 3 11 7 11
split_gain=0.260387 0.779898 1.59504 1.61595 1.05443 0.915864 0.90532 0.721658 1.19951 1.17132 1.14328 0.89168 1.79716 1.57261 1.48913 1.16311 0.886606 0.679466 0.592536 1.05107 0.55992 0.905594 0.54745 1.84463 1.43297 2.02382 1.24554 2.47251 1.74055 2.44253
threshold=0 1 10.500000000000002 0.25213584728912469 -0.013938153897332696 -0.080063104773454422 -0.14371684141421301 0.076578621354267976 0.228668526934551 79.500000000000014 1.0000000180025095e-35 0.017166157469861734 -0.014457617376981539 5.5000000000000009 2.5000000000000004 0.0079367460882878698 6.5000000000000009 0.0060144861214931978 0.076461959630824985 0.17373201514300748 4.5000000000000009 -0.00097548765397963209 4.5000000000000009 0.27920153681506349 18.500000000000004 3.5000000000000004 3.5000000000000004 -0.38675253544220523 1.0000000180025095e-35 -1.0000000180025095e-35
decision_type=9 1 2 2 2 2 2 2 2 2 2 2 2 2 2 2 2 2 2 2 2 2 2 2 2 2 2 2 2 2
left_child=1 2 3 17 5 -3 -4 10 9 -9 -8 13 14 -12 -13 -15 -16 18 -1 -20 21 -6 -2 26 25 -25 27 -24 -28 -30
right_child=22 4 6 -5 20 -7 7 8 -10 -11 11 12 -14 15 16 -17 -18 -19 19 -21 -22 -23 23 24 -26 -27 28 -29 29 -31
leaf_value=-0.0036234598389894533 0.00042819040977305517 0.028511441555757241 -0.064662799984947006 0.060474482756809847 0.037386543772731172 0.10843255451338318 0.073033934973354461 -0.095233677572390193 0.044771250610395552 -0.0078557732939829577 -0.050455875919211614 -0.048643688937946218 0.084784685042115407 0.016532791731338183 0.061892438316286137 -0.0523775049241781 -0.0014653247878315752 -0.11188819300074947 -0.11379029356849846 -0.011180899360145271 0.048941043491029117 -0.031446722569712669 0.16819096447024295 0.091060659342403649 0.11073685312894539 -0.074981804738936564 0.074187302973170346 -0.065675047430251696 -0.074646518001566547 -0.0034215221374275235
leaf_weight=2.5326301953755301 150.34319363057148 3.2110768985003233 1.8413560155313451 1.3847158364951599 3.2931558471173057 2.5907100047916201 2.8282053596340111 2.4959116135723871 2.1438283207826316 3.9814559124642983 5.6253583438228842 3.4228400439023998 3.9679718986153594 20.752228931873109 4.258746784180401 2.7771416790783396 4.5882032681256533 1.7343885973095892 2.1176376614603214 1.8886066414415834 2.8871729969978333 4.5550885293632719 0.47897575190290709 1.3618962550535791 2.0273399739526212 1.5923272951040415 2.2976521824020883 8.0470567350857873 5.8253453934739765 27.754329604795206
leaf_count=30 4102 27 22 10 27 19 25 51 23 31 52 24 25 180 25 17 35 29 58 19 22 39 3 15 35 40 75 363 363 659
internal_value=-0.0005152 0.00386972 -0.00161467 -0.039509 0.0186021 0.0641991 0.00434676 0.00658228 -0.0200657 -0.0415249 0.0113466 0.00750311 0.0262835 -0.00295663 0.00736455 0.0083994 0.0290338 -0.0562435 -0.0414842 -0.0654186 0.0112877 -0.002564 -0.00244975 -0.0117072 0.0459938 0.00156373 -0.0181806 -0.0525369 -0.010016 -0.0157775
internal_weight=284.607 84.8784 68.3412 9.65798 16.5372 5.80179 58.6832 56.8419 8.6212 6.47737 48.2207 45.3925 16.2378 29.1547 12.2698 23.5294 8.84695 8.27326 6.53887 4.00624 10.7354 7.84824 199.728 49.3849 4.98156 2.95422 44.4034 8.52603 35.8773 33.5797
internal_count=6445 790 656 146 134 46 510 488 105 82 383 358 109 249 84 197 60 136 107 77 88 66 5655 1553 90 55 1463 366 1097 1022
cat_boundaries=0 1 2
cat_threshold=11793 1364
is_linear=0
shrinkage=0.1


Tree=98
num_leaves=31
num_cat=2
split_feature=10 11 10 3 3 9 9 12 11 11 3 8 12 10 3 3 11 6 2 10 8 8 7 4 8 3 4 4 7 7
split_gain=0.261144 1.49947 1.24331 1.64326 1.05194 0.902056 2.26453 1.4145 0.889635 1.37361 2.05547 1.24871 2.10746 1.17441 1.01317 1.1621 3.34841 1.94617 0.954686 1.64088 1.50851 1.08926 0.863596 3.01898 1.81921 0.948372 1.14199 0.868219 1.86978 1.01976
threshold=-0.029407069914699144 -0.084718979298309988 -0.02369571301044102 18.500000000000004 1.5000000000000002 -0.034354656285897303 -0.039157559841278437 0.31727520603790532 0.071914560947979059 0.056885420294004251 4.5000000000000009 0.073586287356052202 0.1703352545915279 -0.079947961530429379 3.5000000000000004 5.5000000000000009 0.028221429818474569 0 1 -0.13301203404873482 0.11396779317703346 0.1241035276619072 71.500000000000014 4.5000000000000009 0.25267396432311784 2.5000000000000004 1.0000000180025095e-35 3.5000000000000004 1.5000000000000002 3.5000000000000004
decision_type=2 2 2 2 2 2 2 2 2 2 2 2 2 2 2 2 2 1 1 2 2 2 2 2 2 2 2 2 2 2
left_child=1 -1 3 4 -2 6 8 -7 9 11 -11 -3 14 -14 -13 16 -16 -17 19 -10 -21 -22 25 24 -24 -20 -27 28 -28 -29
right_child=2 5 -4 -5 -6 7 -8 -9 18 10 -12 12 13 -15 15 17 -18 -19 22 20 21 -23 23 -25 -26 26 27 29 -30 -31
leaf_value=-0.093182263588706196 0.077502483610295617 -0.074659733933753317 6.5866910741578706e-05 0.093334315023003225 -0.073161822054027756 -0.1036678503380985 0.12890377484764962 0.066562587836240458 -0.0824100788196718 0.032910920735748028 -0.11976324536257982 -0.092958048325698039 -0.00061940706318662259 0.12905953814581816 -0.10480356985345905 0.012391165503487973 0.20493578345049879 -0.083981313423344528 -0.027594314220874855 -0.053299367788998832 0.13636767047884901 0.0019982846325631138 -0.06762847031275665 0.059187873282239449 0.073464050068703809 -0.030934479551003747 -0.035885262241686748 0.068837307102084286 0.071982309114394266 -0.014896270009848198
leaf_weight=1.9052497016964469 0.70859482872765456 2.4438153556548121 204.43648831502651 3.2505479484098032 1.339324750122614 1.9513295654614915 1.3141701845452178 0.65095810533966858 3.964146823855117 1.2808014997281123 2.8307966217398643 1.4883175923023362 1.1438797358423474 1.7930645671440277 0.58956589479930588 6.7535963599802926 0.85540594230405986 3.0380643201060575 3.0862268926575807 2.3230108609423024 1.0471045849844816 1.4233896681107578 6.3141788735520077 4.1751504882704467 1.0684928493574259 2.5740743230562684 1.8942624181509042 2.1122232847847036 10.595562406815587 4.6704718237742782
leaf_count=205 15 50 4517 41 44 171 16 23 95 28 67 86 34 34 35 116 15 162 63 34 10 34 135 59 19 54 29 31 135 88
internal_value=-0.000490217 -0.00562889 0.00130538 0.0491308 -0.0210309 -0.00329201 -0.00110541 -0.061085 -0.00363787 -0.0200257 -0.0722038 -0.0081766 0.00219714 0.0785522 -0.0154258 -0.00515644 0.0785584 -0.0175104 0.00440867 -0.0162528 0.00455211 0.05895 0.0108484 -0.00877364 -0.0472082 0.0242955 0.0316258 0.0399815 0.0556226 0.0111795
internal_weight=283.022 73.2873 209.735 5.29847 2.04792 71.3821 68.7798 2.60229 67.4656 22.2173 4.1116 18.1057 15.6619 2.93694 12.725 11.2366 1.44497 9.79166 45.2483 8.75765 4.79351 2.47049 36.4906 11.5578 7.38267 24.9328 21.8466 19.2725 12.4898 6.7827
internal_count=6445 1828 4617 100 59 1623 1429 194 1413 627 95 532 482 68 414 328 50 278 786 173 78 44 613 213 154 400 337 283 164 119
cat_boundaries=0 1 2
cat_threshold=4 594
is_linear=0
shrinkage=0.1


Tree=99
num_leaves=31
num_cat=3
split_feature=12 12 8 7 9 2 12 8 8 7 7 7 7 12 8 9 11 6 7 3 11 7 9 8 8 9 11 3 9 6
split_gain=0.28524 1.34882 1.46085 2.07603 0.972371 1.00445 1.67282 1.57869 3.66814 2.6311 1.36496 2.97087 2.42138 1.34272 1.14397 1.39757 2.7072 1.12429 1.65125 1.57135 3.00037 1.40564 1.71355 1.09316 1.3568 1.87146 1.08985 0.900655 0.809266 1.70245
threshold=0.0088538917928072877 0.0070863513362422409 0.024967705538852355 4.5000000000000009 -0.24902780068633751 0 0.019399799390678128 0.036827268320215184 0.041096562301887282 1.0000000180025095e-35 15.500000000000002 37.500000000000007 45.500000000000007 0.12085724950085901 0.068017053390205195 -0.080516077502315944 0.071914560947979059 1 8.5000000000000018 8.5000000000000018 0.12817875666462 2.5000000000000004 -0.14228581306113205 0.34833908622345772 0.063329325073691684 -0.17621028406570624 -0.00021892909243083296 19.500000000000004 -0.18542120900547934 2
decision_type=2 2 2 2 2 1 2 2 2 2 2 2 2 2 2 2 2 1 2 2 2 2 2 2 2 2 2 2 2 1
left_child=1 -1 -3 -4 -2 6 -6 9 -9 -7 14 13 -13 -12 -10 -16 -17 26 19 20 -19 -21 -23 24 -14 28 -8 -24 29 -26
right_child=4 2 3 -5 5 7 17 8 10 -11 11 12 23 -15 15 16 -18 18 -20 21 -22 22 27 -25 25 -27 -28 -29 -30 -31
leaf_value=3.2361482302810619e-07 -0.10440394185025437 0.10547153706109053 0.12905097653243269 -0.10784800421649331 -0.10291074074978053 0.097986927241742794 0.17469275684422425 0.15459040564767051 -0.11066725383281012 -0.10501784742379588 0.0064124590106469943 -0.11359304352057231 0.041108508666731963 0.16600025027596735 -0.057367446433057273 -0.10567100295053047 0.11211596753115197 -0.10672831623249208 -0.10491419225344885 -0.021662287834351517 0.072938695303593135 -0.0074240563102159294 0.17542398987726229 0.097406844267768231 0.0433592065848789 -0.062196946264633027 0.032713482921745633 0.074699763490468446 0.10244335195466608 -0.10534166669935399
leaf_weight=226.01816053545917 1.008826138859148 2.5038916543126097 0.59755291137844302 0.97106228908523917 0.99997418897692192 0.76702176313847203 0.98592206672765348 1.326978098135444 2.1359721194021422 3.8086896096356213 0.83361165237147661 2.1536264180904281 4.1437241081148413 1.4343842544476499 5.2054673536913469 0.89089911687187884 1.5883726596948688 1.9606297110440176 0.99003819643985558 1.6034641531296072 1.7673001876100896 1.4060579640790796 1.7048876635963122 1.0610350368660864 2.6534093947848305 6.2028655214235098 1.1971141707617787 1.8522118504624812 0.97662292653695448 1.0846451965626331
leaf_count=4887 67 28 6 36 65 14 12 16 46 153 30 59 69 21 180 48 22 67 44 36 25 25 18 52 40 262 40 27 11 39
internal_value=-0.000480573 0.00102807 0.0580667 -0.017603 -0.00718912 -0.00525608 0.0129368 -0.012605 -0.00815285 -0.0709884 -0.015265 -0.000605937 -0.0140021 0.107343 -0.0459302 -0.0279365 0.0338566 0.0311444 0.0184362 0.030299 -0.0215536 0.0597361 0.0860338 -0.00069872 -0.00761005 -0.0261011 0.0968354 0.122976 0.0213885 0.000211713
internal_weight=281.834 230.091 4.07251 1.56862 51.7438 50.7349 14.4676 36.2673 31.6916 4.57571 30.3646 20.5439 18.2759 2.268 9.82071 7.68474 2.47927 13.4676 11.2846 10.2946 3.72793 6.56662 4.96316 16.1223 15.0613 10.9175 2.18304 3.5571 4.71468 3.73805
internal_count=6445 4957 70 42 1488 1421 359 1062 895 167 879 583 532 51 296 250 70 294 242 198 92 106 70 473 421 352 52 45 90 79
cat_boundaries=0 1 2 3
cat_threshold=1685 2 4
is_linear=0
shrinkage=0.1


end of trees

feature_importances:
concurrent_events=489
semantic_f3=361
semantic_f4=332
hour=331
semantic_f1=318
semantic_f0=309
semantic_f2=306
day_of_week=215
corridor=116
event_cause=90
veh_bucket=69
zone=64

parameters:
[boosting: gbdt]
[objective: binary]
[metric: binary_logloss]
[tree_learner: serial]
[device_type: cpu]
[data_sample_strategy: bagging]
[data: ]
[valid: ]
[num_iterations: 100]
[learning_rate: 0.1]
[num_leaves: 31]
[num_threads: 0]
[seed: 0]
[deterministic: 0]
[force_col_wise: 0]
[force_row_wise: 0]
[histogram_pool_size: -1]
[max_depth: -1]
[min_data_in_leaf: 20]
[min_sum_hessian_in_leaf: 0.001]
[bagging_fraction: 1]
[pos_bagging_fraction: 1]
[neg_bagging_fraction: 1]
[bagging_freq: 0]
[bagging_seed: 3]
[bagging_by_query: 0]
[feature_fraction: 1]
[feature_fraction_bynode: 1]
[feature_fraction_seed: 2]
[extra_trees: 0]
[extra_seed: 6]
[early_stopping_round: 0]
[early_stopping_min_delta: 0]
[first_metric_only: 0]
[max_delta_step: 0]
[lambda_l1: 0]
[lambda_l2: 0]
[linear_lambda: 0]
[min_gain_to_split: 0]
[drop_rate: 0.1]
[max_drop: 50]
[skip_drop: 0.5]
[xgboost_dart_mode: 0]
[uniform_drop: 0]
[drop_seed: 4]
[top_rate: 0.2]
[other_rate: 0.1]
[min_data_per_group: 100]
[max_cat_threshold: 32]
[cat_l2: 10]
[cat_smooth: 10]
[max_cat_to_onehot: 4]
[top_k: 20]
[monotone_constraints: ]
[monotone_constraints_method: basic]
[monotone_penalty: 0]
[feature_contri: ]
[forcedsplits_filename: ]
[refit_decay_rate: 0.9]
[cegb_tradeoff: 1]
[cegb_penalty_split: 0]
[cegb_penalty_feature_lazy: ]
[cegb_penalty_feature_coupled: ]
[path_smooth: 0]
[interaction_constraints: ]
[verbosity: -1]
[saved_feature_importance_type: 0]
[use_quantized_grad: 0]
[num_grad_quant_bins: 4]
[quant_train_renew_leaf: 0]
[stochastic_rounding: 1]
[linear_tree: 0]
[max_bin: 255]
[max_bin_by_feature: ]
[min_data_in_bin: 3]
[bin_construct_sample_cnt: 200000]
[data_random_seed: 1]
[is_enable_sparse: 1]
[enable_bundle: 1]
[use_missing: 1]
[zero_as_missing: 0]
[feature_pre_filter: 1]
[pre_partition: 0]
[two_round: 0]
[header: 0]
[label_column: ]
[weight_column: ]
[group_column: ]
[ignore_column: ]
[categorical_feature: 0,1,2,6]
[forcedbins_filename: ]
[precise_float_parser: 0]
[parser_config_file: ]
[objective_seed: 5]
[num_class: 1]
[is_unbalance: 0]
[scale_pos_weight: 1]
[sigmoid: 1]
[boost_from_average: 1]
[reg_sqrt: 0]
[alpha: 0.9]
[fair_c: 1]
[poisson_max_delta_step: 0.7]
[tweedie_variance_power: 1.5]
[lambdarank_truncation_level: 30]
[lambdarank_norm: 1]
[label_gain: ]
[lambdarank_position_bias_regularization: 0]
[eval_at: ]
[multi_error_top_k: 1]
[auc_mu_weights: ]
[num_machines: 1]
[local_listen_port: 12400]
[time_out: 120]
[machine_list_filename: ]
[machines: ]
[gpu_platform_id: -1]
[gpu_device_id: -1]
[gpu_use_dp: 0]
[num_gpu: 1]

end of parameters

pandas_categorical:[["Debris", "Fog / Low Visibility", "accident", "congestion", "construction", "debris", "others", "pot_holes", "procession", "protest", "public_event", "road_conditions", "test_demo", "tree_fall", "vehicle_breakdown", "vip_movement", "water_logging"], ["Airport New South Road", "Bannerghata Road", "Bellary Road 1", "Bellary Road 2", "CBD 1", "CBD 2", "Hennur Main Road", "Hosur Road", "IRR(Thanisandra road)", "Magadi Road", "Mysore Road", "Non-corridor", "ORR East 1", "ORR East 2", "ORR North 1", "ORR North 2", "ORR West 1", "Old Airport Road", "Old Madras Road", "Tumkur Road", "Varthur Road", "West of Chord Road"], ["Central Zone 1", "Central Zone 2", "East Zone 1", "East Zone 2", "North Zone 1", "North Zone 2", "South Zone 1", "South Zone 2", "Unknown", "West Zone 1", "West Zone 2"], ["large_vehicle", "lmv", "small_or_none"]]
